[2026-02-04 09:57:25] local.ERROR: SQLSTATE[HY000]: General error: 1 table "password_reset_tokens" already exists (Connection: sqlite, Database: /Users/zawhtetnaung/Documents/Webprojects/ecommerce-api/database/database.sqlite, SQL: create table "password_reset_tokens" ("email" varchar not null, "token" varchar not null, "created_at" datetime, primary key ("email"))) {"exception":"[object] (Illuminate\\Database\\QueryException(code: HY000): SQLSTATE[HY000]: General error: 1 table \"password_reset_tokens\" already exists (Connection: sqlite, Database: /Users/zawhtetnaung/Documents/Webprojects/ecommerce-api/database/database.sqlite, SQL: create table \"password_reset_tokens\" (\"email\" varchar not null, \"token\" varchar not null, \"created_at\" datetime, primary key (\"email\"))) at /Users/zawhtetnaung/Documents/Webprojects/ecommerce-api/vendor/laravel/framework/src/Illuminate/Database/Connection.php:838)
[stacktrace]
#0 /Users/zawhtetnaung/Documents/Webprojects/ecommerce-api/vendor/laravel/framework/src/Illuminate/Database/Connection.php(794): Illuminate\\Database\\Connection->runQueryCallback('create table \"p...', Array, Object(Closure))
#1 /Users/zawhtetnaung/Documents/Webprojects/ecommerce-api/vendor/laravel/framework/src/Illuminate/Database/Connection.php(573): Illuminate\\Database\\Connection->run('create table \"p...', Array, Object(Closure))
#2 /Users/zawhtetnaung/Documents/Webprojects/ecommerce-api/vendor/laravel/framework/src/Illuminate/Database/Schema/Blueprint.php(121): Illuminate\\Database\\Connection->statement('create table \"p...')
#3 /Users/zawhtetnaung/Documents/Webprojects/ecommerce-api/vendor/laravel/framework/src/Illuminate/Database/Schema/Builder.php(684): Illuminate\\Database\\Schema\\Blueprint->build()
#4 /Users/zawhtetnaung/Documents/Webprojects/ecommerce-api/vendor/laravel/framework/src/Illuminate/Database/Schema/Builder.php(506): Illuminate\\Database\\Schema\\Builder->build(Object(Illuminate\\Database\\Schema\\Blueprint))
#5 /Users/zawhtetnaung/Documents/Webprojects/ecommerce-api/vendor/laravel/framework/src/Illuminate/Support/Facades/Facade.php(363): Illuminate\\Database\\Schema\\Builder->create('password_reset_...', Object(Closure))
#6 /Users/zawhtetnaung/Documents/Webprojects/ecommerce-api/database/migrations/2026_02_04_095554_create_password_reset_tokens_table.php(14): Illuminate\\Support\\Facades\\Facade::__callStatic('create', Array)
#7 /Users/zawhtetnaung/Documents/Webprojects/ecommerce-api/vendor/laravel/framework/src/Illuminate/Database/Migrations/Migrator.php(517): Illuminate\\Database\\Migrations\\Migration@anonymous->up()
#8 /Users/zawhtetnaung/Documents/Webprojects/ecommerce-api/vendor/laravel/framework/src/Illuminate/Database/Migrations/Migrator.php(442): Illuminate\\Database\\Migrations\\Migrator->runMethod(Object(Illuminate\\Database\\SQLiteConnection), Object(Illuminate\\Database\\Migrations\\Migration@anonymous), 'up')
#9 /Users/zawhtetnaung/Documents/Webprojects/ecommerce-api/vendor/laravel/framework/src/Illuminate/Database/Migrations/Migrator.php(451): Illuminate\\Database\\Migrations\\Migrator->{closure:Illuminate\\Database\\Migrations\\Migrator::runMigration():438}()
#10 /Users/zawhtetnaung/Documents/Webprojects/ecommerce-api/vendor/laravel/framework/src/Illuminate/Database/Migrations/Migrator.php(253): Illuminate\\Database\\Migrations\\Migrator->runMigration(Object(Illuminate\\Database\\Migrations\\Migration@anonymous), 'up')
#11 /Users/zawhtetnaung/Documents/Webprojects/ecommerce-api/vendor/laravel/framework/src/Illuminate/Console/View/Components/Task.php(41): Illuminate\\Database\\Migrations\\Migrator->{closure:Illuminate\\Database\\Migrations\\Migrator::runUp():253}()
#12 /Users/zawhtetnaung/Documents/Webprojects/ecommerce-api/vendor/laravel/framework/src/Illuminate/Database/Migrations/Migrator.php(812): Illuminate\\Console\\View\\Components\\Task->render('2026_02_04_0955...', Object(Closure))
#13 /Users/zawhtetnaung/Documents/Webprojects/ecommerce-api/vendor/laravel/framework/src/Illuminate/Database/Migrations/Migrator.php(253): Illuminate\\Database\\Migrations\\Migrator->write('Illuminate\\\\Cons...', '2026_02_04_0955...', Object(Closure))
#14 /Users/zawhtetnaung/Documents/Webprojects/ecommerce-api/vendor/laravel/framework/src/Illuminate/Database/Migrations/Migrator.php(211): Illuminate\\Database\\Migrations\\Migrator->runUp('/Users/zawhtetn...', 1, false)
#15 /Users/zawhtetnaung/Documents/Webprojects/ecommerce-api/vendor/laravel/framework/src/Illuminate/Database/Migrations/Migrator.php(138): Illuminate\\Database\\Migrations\\Migrator->runPending(Array, Array)
#16 /Users/zawhtetnaung/Documents/Webprojects/ecommerce-api/vendor/laravel/framework/src/Illuminate/Database/Console/Migrations/MigrateCommand.php(116): Illuminate\\Database\\Migrations\\Migrator->run(Array, Array)
#17 /Users/zawhtetnaung/Documents/Webprojects/ecommerce-api/vendor/laravel/framework/src/Illuminate/Database/Migrations/Migrator.php(669): Illuminate\\Database\\Console\\Migrations\\MigrateCommand->{closure:Illuminate\\Database\\Console\\Migrations\\MigrateCommand::runMigrations():109}()
#18 /Users/zawhtetnaung/Documents/Webprojects/ecommerce-api/vendor/laravel/framework/src/Illuminate/Database/Console/Migrations/MigrateCommand.php(109): Illuminate\\Database\\Migrations\\Migrator->usingConnection(NULL, Object(Closure))
#19 /Users/zawhtetnaung/Documents/Webprojects/ecommerce-api/vendor/laravel/framework/src/Illuminate/Database/Console/Migrations/MigrateCommand.php(88): Illuminate\\Database\\Console\\Migrations\\MigrateCommand->runMigrations()
#20 /Users/zawhtetnaung/Documents/Webprojects/ecommerce-api/vendor/laravel/framework/src/Illuminate/Container/BoundMethod.php(36): Illuminate\\Database\\Console\\Migrations\\MigrateCommand->handle()
#21 /Users/zawhtetnaung/Documents/Webprojects/ecommerce-api/vendor/laravel/framework/src/Illuminate/Container/Util.php(43): Illuminate\\Container\\BoundMethod::{closure:Illuminate\\Container\\BoundMethod::call():35}()
#22 /Users/zawhtetnaung/Documents/Webprojects/ecommerce-api/vendor/laravel/framework/src/Illuminate/Container/BoundMethod.php(96): Illuminate\\Container\\Util::unwrapIfClosure(Object(Closure))
#23 /Users/zawhtetnaung/Documents/Webprojects/ecommerce-api/vendor/laravel/framework/src/Illuminate/Container/BoundMethod.php(35): Illuminate\\Container\\BoundMethod::callBoundMethod(Object(Illuminate\\Foundation\\Application), Array, Object(Closure))
#24 /Users/zawhtetnaung/Documents/Webprojects/ecommerce-api/vendor/laravel/framework/src/Illuminate/Container/Container.php(799): Illuminate\\Container\\BoundMethod::call(Object(Illuminate\\Foundation\\Application), Array, Array, NULL)
#25 /Users/zawhtetnaung/Documents/Webprojects/ecommerce-api/vendor/laravel/framework/src/Illuminate/Console/Command.php(211): Illuminate\\Container\\Container->call(Array)
#26 /Users/zawhtetnaung/Documents/Webprojects/ecommerce-api/vendor/symfony/console/Command/Command.php(341): Illuminate\\Console\\Command->execute(Object(Symfony\\Component\\Console\\Input\\ArrayInput), Object(Illuminate\\Console\\OutputStyle))
#27 /Users/zawhtetnaung/Documents/Webprojects/ecommerce-api/vendor/laravel/framework/src/Illuminate/Console/Command.php(180): Symfony\\Component\\Console\\Command\\Command->run(Object(Symfony\\Component\\Console\\Input\\ArrayInput), Object(Illuminate\\Console\\OutputStyle))
#28 /Users/zawhtetnaung/Documents/Webprojects/ecommerce-api/vendor/laravel/framework/src/Illuminate/Console/Concerns/CallsCommands.php(68): Illuminate\\Console\\Command->run(Object(Symfony\\Component\\Console\\Input\\ArrayInput), Object(Illuminate\\Console\\OutputStyle))
#29 /Users/zawhtetnaung/Documents/Webprojects/ecommerce-api/vendor/laravel/framework/src/Illuminate/Console/Concerns/CallsCommands.php(29): Illuminate\\Console\\Command->runCommand('migrate', Array, Object(Illuminate\\Console\\OutputStyle))
#30 /Users/zawhtetnaung/Documents/Webprojects/ecommerce-api/vendor/laravel/framework/src/Illuminate/Database/Console/Migrations/FreshCommand.php(81): Illuminate\\Console\\Command->call('migrate', Array)
#31 /Users/zawhtetnaung/Documents/Webprojects/ecommerce-api/vendor/laravel/framework/src/Illuminate/Container/BoundMethod.php(36): Illuminate\\Database\\Console\\Migrations\\FreshCommand->handle()
#32 /Users/zawhtetnaung/Documents/Webprojects/ecommerce-api/vendor/laravel/framework/src/Illuminate/Container/Util.php(43): Illuminate\\Container\\BoundMethod::{closure:Illuminate\\Container\\BoundMethod::call():35}()
#33 /Users/zawhtetnaung/Documents/Webprojects/ecommerce-api/vendor/laravel/framework/src/Illuminate/Container/BoundMethod.php(96): Illuminate\\Container\\Util::unwrapIfClosure(Object(Closure))
#34 /Users/zawhtetnaung/Documents/Webprojects/ecommerce-api/vendor/laravel/framework/src/Illuminate/Container/BoundMethod.php(35): Illuminate\\Container\\BoundMethod::callBoundMethod(Object(Illuminate\\Foundation\\Application), Array, Object(Closure))
#35 /Users/zawhtetnaung/Documents/Webprojects/ecommerce-api/vendor/laravel/framework/src/Illuminate/Container/Container.php(799): Illuminate\\Container\\BoundMethod::call(Object(Illuminate\\Foundation\\Application), Array, Array, NULL)
#36 /Users/zawhtetnaung/Documents/Webprojects/ecommerce-api/vendor/laravel/framework/src/Illuminate/Console/Command.php(211): Illuminate\\Container\\Container->call(Array)
#37 /Users/zawhtetnaung/Documents/Webprojects/ecommerce-api/vendor/symfony/console/Command/Command.php(341): Illuminate\\Console\\Command->execute(Object(Symfony\\Component\\Console\\Input\\ArgvInput), Object(Illuminate\\Console\\OutputStyle))
#38 /Users/zawhtetnaung/Documents/Webprojects/ecommerce-api/vendor/laravel/framework/src/Illuminate/Console/Command.php(180): Symfony\\Component\\Console\\Command\\Command->run(Object(Symfony\\Component\\Console\\Input\\ArgvInput), Object(Illuminate\\Console\\OutputStyle))
#39 /Users/zawhtetnaung/Documents/Webprojects/ecommerce-api/vendor/symfony/console/Application.php(1102): Illuminate\\Console\\Command->run(Object(Symfony\\Component\\Console\\Input\\ArgvInput), Object(Symfony\\Component\\Console\\Output\\ConsoleOutput))
#40 /Users/zawhtetnaung/Documents/Webprojects/ecommerce-api/vendor/symfony/console/Application.php(356): Symfony\\Component\\Console\\Application->doRunCommand(Object(Illuminate\\Database\\Console\\Migrations\\FreshCommand), Object(Symfony\\Component\\Console\\Input\\ArgvInput), Object(Symfony\\Component\\Console\\Output\\ConsoleOutput))
#41 /Users/zawhtetnaung/Documents/Webprojects/ecommerce-api/vendor/symfony/console/Application.php(195): Symfony\\Component\\Console\\Application->doRun(Object(Symfony\\Component\\Console\\Input\\ArgvInput), Object(Symfony\\Component\\Console\\Output\\ConsoleOutput))
#42 /Users/zawhtetnaung/Documents/Webprojects/ecommerce-api/vendor/laravel/framework/src/Illuminate/Foundation/Console/Kernel.php(198): Symfony\\Component\\Console\\Application->run(Object(Symfony\\Component\\Console\\Input\\ArgvInput), Object(Symfony\\Component\\Console\\Output\\ConsoleOutput))
#43 /Users/zawhtetnaung/Documents/Webprojects/ecommerce-api/vendor/laravel/framework/src/Illuminate/Foundation/Application.php(1235): Illuminate\\Foundation\\Console\\Kernel->handle(Object(Symfony\\Component\\Console\\Input\\ArgvInput), Object(Symfony\\Component\\Console\\Output\\ConsoleOutput))
#44 /Users/zawhtetnaung/Documents/Webprojects/ecommerce-api/artisan(16): Illuminate\\Foundation\\Application->handleCommand(Object(Symfony\\Component\\Console\\Input\\ArgvInput))
#45 {main}

[previous exception] [object] (PDOException(code: HY000): SQLSTATE[HY000]: General error: 1 table \"password_reset_tokens\" already exists at /Users/zawhtetnaung/Documents/Webprojects/ecommerce-api/vendor/laravel/framework/src/Illuminate/Database/Connection.php:578)
[stacktrace]
#0 /Users/zawhtetnaung/Documents/Webprojects/ecommerce-api/vendor/laravel/framework/src/Illuminate/Database/Connection.php(578): PDO->prepare('create table \"p...')
#1 /Users/zawhtetnaung/Documents/Webprojects/ecommerce-api/vendor/laravel/framework/src/Illuminate/Database/Connection.php(827): Illuminate\\Database\\Connection->{closure:Illuminate\\Database\\Connection::statement():573}('create table \"p...', Array)
#2 /Users/zawhtetnaung/Documents/Webprojects/ecommerce-api/vendor/laravel/framework/src/Illuminate/Database/Connection.php(794): Illuminate\\Database\\Connection->runQueryCallback('create table \"p...', Array, Object(Closure))
#3 /Users/zawhtetnaung/Documents/Webprojects/ecommerce-api/vendor/laravel/framework/src/Illuminate/Database/Connection.php(573): Illuminate\\Database\\Connection->run('create table \"p...', Array, Object(Closure))
#4 /Users/zawhtetnaung/Documents/Webprojects/ecommerce-api/vendor/laravel/framework/src/Illuminate/Database/Schema/Blueprint.php(121): Illuminate\\Database\\Connection->statement('create table \"p...')
#5 /Users/zawhtetnaung/Documents/Webprojects/ecommerce-api/vendor/laravel/framework/src/Illuminate/Database/Schema/Builder.php(684): Illuminate\\Database\\Schema\\Blueprint->build()
#6 /Users/zawhtetnaung/Documents/Webprojects/ecommerce-api/vendor/laravel/framework/src/Illuminate/Database/Schema/Builder.php(506): Illuminate\\Database\\Schema\\Builder->build(Object(Illuminate\\Database\\Schema\\Blueprint))
#7 /Users/zawhtetnaung/Documents/Webprojects/ecommerce-api/vendor/laravel/framework/src/Illuminate/Support/Facades/Facade.php(363): Illuminate\\Database\\Schema\\Builder->create('password_reset_...', Object(Closure))
#8 /Users/zawhtetnaung/Documents/Webprojects/ecommerce-api/database/migrations/2026_02_04_095554_create_password_reset_tokens_table.php(14): Illuminate\\Support\\Facades\\Facade::__callStatic('create', Array)
#9 /Users/zawhtetnaung/Documents/Webprojects/ecommerce-api/vendor/laravel/framework/src/Illuminate/Database/Migrations/Migrator.php(517): Illuminate\\Database\\Migrations\\Migration@anonymous->up()
#10 /Users/zawhtetnaung/Documents/Webprojects/ecommerce-api/vendor/laravel/framework/src/Illuminate/Database/Migrations/Migrator.php(442): Illuminate\\Database\\Migrations\\Migrator->runMethod(Object(Illuminate\\Database\\SQLiteConnection), Object(Illuminate\\Database\\Migrations\\Migration@anonymous), 'up')
#11 /Users/zawhtetnaung/Documents/Webprojects/ecommerce-api/vendor/laravel/framework/src/Illuminate/Database/Migrations/Migrator.php(451): Illuminate\\Database\\Migrations\\Migrator->{closure:Illuminate\\Database\\Migrations\\Migrator::runMigration():438}()
#12 /Users/zawhtetnaung/Documents/Webprojects/ecommerce-api/vendor/laravel/framework/src/Illuminate/Database/Migrations/Migrator.php(253): Illuminate\\Database\\Migrations\\Migrator->runMigration(Object(Illuminate\\Database\\Migrations\\Migration@anonymous), 'up')
#13 /Users/zawhtetnaung/Documents/Webprojects/ecommerce-api/vendor/laravel/framework/src/Illuminate/Console/View/Components/Task.php(41): Illuminate\\Database\\Migrations\\Migrator->{closure:Illuminate\\Database\\Migrations\\Migrator::runUp():253}()
#14 /Users/zawhtetnaung/Documents/Webprojects/ecommerce-api/vendor/laravel/framework/src/Illuminate/Database/Migrations/Migrator.php(812): Illuminate\\Console\\View\\Components\\Task->render('2026_02_04_0955...', Object(Closure))
#15 /Users/zawhtetnaung/Documents/Webprojects/ecommerce-api/vendor/laravel/framework/src/Illuminate/Database/Migrations/Migrator.php(253): Illuminate\\Database\\Migrations\\Migrator->write('Illuminate\\\\Cons...', '2026_02_04_0955...', Object(Closure))
#16 /Users/zawhtetnaung/Documents/Webprojects/ecommerce-api/vendor/laravel/framework/src/Illuminate/Database/Migrations/Migrator.php(211): Illuminate\\Database\\Migrations\\Migrator->runUp('/Users/zawhtetn...', 1, false)
#17 /Users/zawhtetnaung/Documents/Webprojects/ecommerce-api/vendor/laravel/framework/src/Illuminate/Database/Migrations/Migrator.php(138): Illuminate\\Database\\Migrations\\Migrator->runPending(Array, Array)
#18 /Users/zawhtetnaung/Documents/Webprojects/ecommerce-api/vendor/laravel/framework/src/Illuminate/Database/Console/Migrations/MigrateCommand.php(116): Illuminate\\Database\\Migrations\\Migrator->run(Array, Array)
#19 /Users/zawhtetnaung/Documents/Webprojects/ecommerce-api/vendor/laravel/framework/src/Illuminate/Database/Migrations/Migrator.php(669): Illuminate\\Database\\Console\\Migrations\\MigrateCommand->{closure:Illuminate\\Database\\Console\\Migrations\\MigrateCommand::runMigrations():109}()
#20 /Users/zawhtetnaung/Documents/Webprojects/ecommerce-api/vendor/laravel/framework/src/Illuminate/Database/Console/Migrations/MigrateCommand.php(109): Illuminate\\Database\\Migrations\\Migrator->usingConnection(NULL, Object(Closure))
#21 /Users/zawhtetnaung/Documents/Webprojects/ecommerce-api/vendor/laravel/framework/src/Illuminate/Database/Console/Migrations/MigrateCommand.php(88): Illuminate\\Database\\Console\\Migrations\\MigrateCommand->runMigrations()
#22 /Users/zawhtetnaung/Documents/Webprojects/ecommerce-api/vendor/laravel/framework/src/Illuminate/Container/BoundMethod.php(36): Illuminate\\Database\\Console\\Migrations\\MigrateCommand->handle()
#23 /Users/zawhtetnaung/Documents/Webprojects/ecommerce-api/vendor/laravel/framework/src/Illuminate/Container/Util.php(43): Illuminate\\Container\\BoundMethod::{closure:Illuminate\\Container\\BoundMethod::call():35}()
#24 /Users/zawhtetnaung/Documents/Webprojects/ecommerce-api/vendor/laravel/framework/src/Illuminate/Container/BoundMethod.php(96): Illuminate\\Container\\Util::unwrapIfClosure(Object(Closure))
#25 /Users/zawhtetnaung/Documents/Webprojects/ecommerce-api/vendor/laravel/framework/src/Illuminate/Container/BoundMethod.php(35): Illuminate\\Container\\BoundMethod::callBoundMethod(Object(Illuminate\\Foundation\\Application), Array, Object(Closure))
#26 /Users/zawhtetnaung/Documents/Webprojects/ecommerce-api/vendor/laravel/framework/src/Illuminate/Container/Container.php(799): Illuminate\\Container\\BoundMethod::call(Object(Illuminate\\Foundation\\Application), Array, Array, NULL)
#27 /Users/zawhtetnaung/Documents/Webprojects/ecommerce-api/vendor/laravel/framework/src/Illuminate/Console/Command.php(211): Illuminate\\Container\\Container->call(Array)
#28 /Users/zawhtetnaung/Documents/Webprojects/ecommerce-api/vendor/symfony/console/Command/Command.php(341): Illuminate\\Console\\Command->execute(Object(Symfony\\Component\\Console\\Input\\ArrayInput), Object(Illuminate\\Console\\OutputStyle))
#29 /Users/zawhtetnaung/Documents/Webprojects/ecommerce-api/vendor/laravel/framework/src/Illuminate/Console/Command.php(180): Symfony\\Component\\Console\\Command\\Command->run(Object(Symfony\\Component\\Console\\Input\\ArrayInput), Object(Illuminate\\Console\\OutputStyle))
#30 /Users/zawhtetnaung/Documents/Webprojects/ecommerce-api/vendor/laravel/framework/src/Illuminate/Console/Concerns/CallsCommands.php(68): Illuminate\\Console\\Command->run(Object(Symfony\\Component\\Console\\Input\\ArrayInput), Object(Illuminate\\Console\\OutputStyle))
#31 /Users/zawhtetnaung/Documents/Webprojects/ecommerce-api/vendor/laravel/framework/src/Illuminate/Console/Concerns/CallsCommands.php(29): Illuminate\\Console\\Command->runCommand('migrate', Array, Object(Illuminate\\Console\\OutputStyle))
#32 /Users/zawhtetnaung/Documents/Webprojects/ecommerce-api/vendor/laravel/framework/src/Illuminate/Database/Console/Migrations/FreshCommand.php(81): Illuminate\\Console\\Command->call('migrate', Array)
#33 /Users/zawhtetnaung/Documents/Webprojects/ecommerce-api/vendor/laravel/framework/src/Illuminate/Container/BoundMethod.php(36): Illuminate\\Database\\Console\\Migrations\\FreshCommand->handle()
#34 /Users/zawhtetnaung/Documents/Webprojects/ecommerce-api/vendor/laravel/framework/src/Illuminate/Container/Util.php(43): Illuminate\\Container\\BoundMethod::{closure:Illuminate\\Container\\BoundMethod::call():35}()
#35 /Users/zawhtetnaung/Documents/Webprojects/ecommerce-api/vendor/laravel/framework/src/Illuminate/Container/BoundMethod.php(96): Illuminate\\Container\\Util::unwrapIfClosure(Object(Closure))
#36 /Users/zawhtetnaung/Documents/Webprojects/ecommerce-api/vendor/laravel/framework/src/Illuminate/Container/BoundMethod.php(35): Illuminate\\Container\\BoundMethod::callBoundMethod(Object(Illuminate\\Foundation\\Application), Array, Object(Closure))
#37 /Users/zawhtetnaung/Documents/Webprojects/ecommerce-api/vendor/laravel/framework/src/Illuminate/Container/Container.php(799): Illuminate\\Container\\BoundMethod::call(Object(Illuminate\\Foundation\\Application), Array, Array, NULL)
#38 /Users/zawhtetnaung/Documents/Webprojects/ecommerce-api/vendor/laravel/framework/src/Illuminate/Console/Command.php(211): Illuminate\\Container\\Container->call(Array)
#39 /Users/zawhtetnaung/Documents/Webprojects/ecommerce-api/vendor/symfony/console/Command/Command.php(341): Illuminate\\Console\\Command->execute(Object(Symfony\\Component\\Console\\Input\\ArgvInput), Object(Illuminate\\Console\\OutputStyle))
#40 /Users/zawhtetnaung/Documents/Webprojects/ecommerce-api/vendor/laravel/framework/src/Illuminate/Console/Command.php(180): Symfony\\Component\\Console\\Command\\Command->run(Object(Symfony\\Component\\Console\\Input\\ArgvInput), Object(Illuminate\\Console\\OutputStyle))
#41 /Users/zawhtetnaung/Documents/Webprojects/ecommerce-api/vendor/symfony/console/Application.php(1102): Illuminate\\Console\\Command->run(Object(Symfony\\Component\\Console\\Input\\ArgvInput), Object(Symfony\\Component\\Console\\Output\\ConsoleOutput))
#42 /Users/zawhtetnaung/Documents/Webprojects/ecommerce-api/vendor/symfony/console/Application.php(356): Symfony\\Component\\Console\\Application->doRunCommand(Object(Illuminate\\Database\\Console\\Migrations\\FreshCommand), Object(Symfony\\Component\\Console\\Input\\ArgvInput), Object(Symfony\\Component\\Console\\Output\\ConsoleOutput))
#43 /Users/zawhtetnaung/Documents/Webprojects/ecommerce-api/vendor/symfony/console/Application.php(195): Symfony\\Component\\Console\\Application->doRun(Object(Symfony\\Component\\Console\\Input\\ArgvInput), Object(Symfony\\Component\\Console\\Output\\ConsoleOutput))
#44 /Users/zawhtetnaung/Documents/Webprojects/ecommerce-api/vendor/laravel/framework/src/Illuminate/Foundation/Console/Kernel.php(198): Symfony\\Component\\Console\\Application->run(Object(Symfony\\Component\\Console\\Input\\ArgvInput), Object(Symfony\\Component\\Console\\Output\\ConsoleOutput))
#45 /Users/zawhtetnaung/Documents/Webprojects/ecommerce-api/vendor/laravel/framework/src/Illuminate/Foundation/Application.php(1235): Illuminate\\Foundation\\Console\\Kernel->handle(Object(Symfony\\Component\\Console\\Input\\ArgvInput), Object(Symfony\\Component\\Console\\Output\\ConsoleOutput))
#46 /Users/zawhtetnaung/Documents/Webprojects/ecommerce-api/artisan(16): Illuminate\\Foundation\\Application->handleCommand(Object(Symfony\\Component\\Console\\Input\\ArgvInput))
#47 {main}
"} 
[2026-02-04 10:22:06] local.ERROR: SQLSTATE[HY000]: General error: 1 no such table: categories (Connection: sqlite, Database: /Users/zawhtetnaung/Documents/Webprojects/ecommerce-api/database/database.sqlite, SQL: select * from "categories" order by "created_at" desc) {"userId":2,"exception":"[object] (Illuminate\\Database\\QueryException(code: HY000): SQLSTATE[HY000]: General error: 1 no such table: categories (Connection: sqlite, Database: /Users/zawhtetnaung/Documents/Webprojects/ecommerce-api/database/database.sqlite, SQL: select * from \"categories\" order by \"created_at\" desc) at /Users/zawhtetnaung/Documents/Webprojects/ecommerce-api/vendor/laravel/framework/src/Illuminate/Database/Connection.php:838)
[stacktrace]
#0 /Users/zawhtetnaung/Documents/Webprojects/ecommerce-api/vendor/laravel/framework/src/Illuminate/Database/Connection.php(794): Illuminate\\Database\\Connection->runQueryCallback('select * from \"...', Array, Object(Closure))
#1 /Users/zawhtetnaung/Documents/Webprojects/ecommerce-api/vendor/laravel/framework/src/Illuminate/Database/Connection.php(411): Illuminate\\Database\\Connection->run('select * from \"...', Array, Object(Closure))
#2 /Users/zawhtetnaung/Documents/Webprojects/ecommerce-api/vendor/laravel/framework/src/Illuminate/Database/Query/Builder.php(3389): Illuminate\\Database\\Connection->select('select * from \"...', Array, true)
#3 /Users/zawhtetnaung/Documents/Webprojects/ecommerce-api/vendor/laravel/framework/src/Illuminate/Database/Query/Builder.php(3374): Illuminate\\Database\\Query\\Builder->runSelect()
#4 /Users/zawhtetnaung/Documents/Webprojects/ecommerce-api/vendor/laravel/framework/src/Illuminate/Database/Query/Builder.php(3964): Illuminate\\Database\\Query\\Builder->{closure:Illuminate\\Database\\Query\\Builder::get():3373}()
#5 /Users/zawhtetnaung/Documents/Webprojects/ecommerce-api/vendor/laravel/framework/src/Illuminate/Database/Query/Builder.php(3373): Illuminate\\Database\\Query\\Builder->onceWithColumns(Array, Object(Closure))
#6 /Users/zawhtetnaung/Documents/Webprojects/ecommerce-api/vendor/laravel/framework/src/Illuminate/Database/Eloquent/Builder.php(902): Illuminate\\Database\\Query\\Builder->get(Array)
#7 /Users/zawhtetnaung/Documents/Webprojects/ecommerce-api/vendor/laravel/framework/src/Illuminate/Database/Eloquent/Builder.php(884): Illuminate\\Database\\Eloquent\\Builder->getModels(Array)
#8 /Users/zawhtetnaung/Documents/Webprojects/ecommerce-api/app/Http/Controllers/Api/CategoryController.php(18): Illuminate\\Database\\Eloquent\\Builder->get()
#9 /Users/zawhtetnaung/Documents/Webprojects/ecommerce-api/vendor/laravel/framework/src/Illuminate/Routing/ControllerDispatcher.php(46): App\\Http\\Controllers\\Api\\CategoryController->index()
#10 /Users/zawhtetnaung/Documents/Webprojects/ecommerce-api/vendor/laravel/framework/src/Illuminate/Routing/Route.php(265): Illuminate\\Routing\\ControllerDispatcher->dispatch(Object(Illuminate\\Routing\\Route), Object(App\\Http\\Controllers\\Api\\CategoryController), 'index')
#11 /Users/zawhtetnaung/Documents/Webprojects/ecommerce-api/vendor/laravel/framework/src/Illuminate/Routing/Route.php(211): Illuminate\\Routing\\Route->runController()
#12 /Users/zawhtetnaung/Documents/Webprojects/ecommerce-api/vendor/laravel/framework/src/Illuminate/Routing/Router.php(822): Illuminate\\Routing\\Route->run()
#13 /Users/zawhtetnaung/Documents/Webprojects/ecommerce-api/vendor/laravel/framework/src/Illuminate/Pipeline/Pipeline.php(180): Illuminate\\Routing\\Router->{closure:Illuminate\\Routing\\Router::runRouteWithinStack():821}(Object(Illuminate\\Http\\Request))
#14 /Users/zawhtetnaung/Documents/Webprojects/ecommerce-api/vendor/laravel/framework/src/Illuminate/Routing/Middleware/SubstituteBindings.php(50): Illuminate\\Pipeline\\Pipeline->{closure:Illuminate\\Pipeline\\Pipeline::prepareDestination():178}(Object(Illuminate\\Http\\Request))
#15 /Users/zawhtetnaung/Documents/Webprojects/ecommerce-api/vendor/laravel/framework/src/Illuminate/Pipeline/Pipeline.php(219): Illuminate\\Routing\\Middleware\\SubstituteBindings->handle(Object(Illuminate\\Http\\Request), Object(Closure))
#16 /Users/zawhtetnaung/Documents/Webprojects/ecommerce-api/vendor/laravel/framework/src/Illuminate/Auth/Middleware/Authenticate.php(63): Illuminate\\Pipeline\\Pipeline->{closure:{closure:Illuminate\\Pipeline\\Pipeline::carry():194}:195}(Object(Illuminate\\Http\\Request))
#17 /Users/zawhtetnaung/Documents/Webprojects/ecommerce-api/vendor/laravel/framework/src/Illuminate/Pipeline/Pipeline.php(219): Illuminate\\Auth\\Middleware\\Authenticate->handle(Object(Illuminate\\Http\\Request), Object(Closure), 'sanctum')
#18 /Users/zawhtetnaung/Documents/Webprojects/ecommerce-api/vendor/laravel/framework/src/Illuminate/Pipeline/Pipeline.php(137): Illuminate\\Pipeline\\Pipeline->{closure:{closure:Illuminate\\Pipeline\\Pipeline::carry():194}:195}(Object(Illuminate\\Http\\Request))
#19 /Users/zawhtetnaung/Documents/Webprojects/ecommerce-api/vendor/laravel/framework/src/Illuminate/Routing/Router.php(821): Illuminate\\Pipeline\\Pipeline->then(Object(Closure))
#20 /Users/zawhtetnaung/Documents/Webprojects/ecommerce-api/vendor/laravel/framework/src/Illuminate/Routing/Router.php(800): Illuminate\\Routing\\Router->runRouteWithinStack(Object(Illuminate\\Routing\\Route), Object(Illuminate\\Http\\Request))
#21 /Users/zawhtetnaung/Documents/Webprojects/ecommerce-api/vendor/laravel/framework/src/Illuminate/Routing/Router.php(764): Illuminate\\Routing\\Router->runRoute(Object(Illuminate\\Http\\Request), Object(Illuminate\\Routing\\Route))
#22 /Users/zawhtetnaung/Documents/Webprojects/ecommerce-api/vendor/laravel/framework/src/Illuminate/Routing/Router.php(753): Illuminate\\Routing\\Router->dispatchToRoute(Object(Illuminate\\Http\\Request))
#23 /Users/zawhtetnaung/Documents/Webprojects/ecommerce-api/vendor/laravel/framework/src/Illuminate/Foundation/Http/Kernel.php(200): Illuminate\\Routing\\Router->dispatch(Object(Illuminate\\Http\\Request))
#24 /Users/zawhtetnaung/Documents/Webprojects/ecommerce-api/vendor/laravel/framework/src/Illuminate/Pipeline/Pipeline.php(180): Illuminate\\Foundation\\Http\\Kernel->{closure:Illuminate\\Foundation\\Http\\Kernel::dispatchToRouter():197}(Object(Illuminate\\Http\\Request))
#25 /Users/zawhtetnaung/Documents/Webprojects/ecommerce-api/vendor/laravel/framework/src/Illuminate/Foundation/Http/Middleware/TransformsRequest.php(21): Illuminate\\Pipeline\\Pipeline->{closure:Illuminate\\Pipeline\\Pipeline::prepareDestination():178}(Object(Illuminate\\Http\\Request))
#26 /Users/zawhtetnaung/Documents/Webprojects/ecommerce-api/vendor/laravel/framework/src/Illuminate/Foundation/Http/Middleware/ConvertEmptyStringsToNull.php(31): Illuminate\\Foundation\\Http\\Middleware\\TransformsRequest->handle(Object(Illuminate\\Http\\Request), Object(Closure))
#27 /Users/zawhtetnaung/Documents/Webprojects/ecommerce-api/vendor/laravel/framework/src/Illuminate/Pipeline/Pipeline.php(219): Illuminate\\Foundation\\Http\\Middleware\\ConvertEmptyStringsToNull->handle(Object(Illuminate\\Http\\Request), Object(Closure))
#28 /Users/zawhtetnaung/Documents/Webprojects/ecommerce-api/vendor/laravel/framework/src/Illuminate/Foundation/Http/Middleware/TransformsRequest.php(21): Illuminate\\Pipeline\\Pipeline->{closure:{closure:Illuminate\\Pipeline\\Pipeline::carry():194}:195}(Object(Illuminate\\Http\\Request))
#29 /Users/zawhtetnaung/Documents/Webprojects/ecommerce-api/vendor/laravel/framework/src/Illuminate/Foundation/Http/Middleware/TrimStrings.php(51): Illuminate\\Foundation\\Http\\Middleware\\TransformsRequest->handle(Object(Illuminate\\Http\\Request), Object(Closure))
#30 /Users/zawhtetnaung/Documents/Webprojects/ecommerce-api/vendor/laravel/framework/src/Illuminate/Pipeline/Pipeline.php(219): Illuminate\\Foundation\\Http\\Middleware\\TrimStrings->handle(Object(Illuminate\\Http\\Request), Object(Closure))
#31 /Users/zawhtetnaung/Documents/Webprojects/ecommerce-api/vendor/laravel/framework/src/Illuminate/Http/Middleware/ValidatePostSize.php(27): Illuminate\\Pipeline\\Pipeline->{closure:{closure:Illuminate\\Pipeline\\Pipeline::carry():194}:195}(Object(Illuminate\\Http\\Request))
#32 /Users/zawhtetnaung/Documents/Webprojects/ecommerce-api/vendor/laravel/framework/src/Illuminate/Pipeline/Pipeline.php(219): Illuminate\\Http\\Middleware\\ValidatePostSize->handle(Object(Illuminate\\Http\\Request), Object(Closure))
#33 /Users/zawhtetnaung/Documents/Webprojects/ecommerce-api/vendor/laravel/framework/src/Illuminate/Foundation/Http/Middleware/PreventRequestsDuringMaintenance.php(109): Illuminate\\Pipeline\\Pipeline->{closure:{closure:Illuminate\\Pipeline\\Pipeline::carry():194}:195}(Object(Illuminate\\Http\\Request))
#34 /Users/zawhtetnaung/Documents/Webprojects/ecommerce-api/vendor/laravel/framework/src/Illuminate/Pipeline/Pipeline.php(219): Illuminate\\Foundation\\Http\\Middleware\\PreventRequestsDuringMaintenance->handle(Object(Illuminate\\Http\\Request), Object(Closure))
#35 /Users/zawhtetnaung/Documents/Webprojects/ecommerce-api/vendor/laravel/framework/src/Illuminate/Http/Middleware/HandleCors.php(74): Illuminate\\Pipeline\\Pipeline->{closure:{closure:Illuminate\\Pipeline\\Pipeline::carry():194}:195}(Object(Illuminate\\Http\\Request))
#36 /Users/zawhtetnaung/Documents/Webprojects/ecommerce-api/vendor/laravel/framework/src/Illuminate/Pipeline/Pipeline.php(219): Illuminate\\Http\\Middleware\\HandleCors->handle(Object(Illuminate\\Http\\Request), Object(Closure))
#37 /Users/zawhtetnaung/Documents/Webprojects/ecommerce-api/vendor/laravel/framework/src/Illuminate/Http/Middleware/TrustProxies.php(58): Illuminate\\Pipeline\\Pipeline->{closure:{closure:Illuminate\\Pipeline\\Pipeline::carry():194}:195}(Object(Illuminate\\Http\\Request))
#38 /Users/zawhtetnaung/Documents/Webprojects/ecommerce-api/vendor/laravel/framework/src/Illuminate/Pipeline/Pipeline.php(219): Illuminate\\Http\\Middleware\\TrustProxies->handle(Object(Illuminate\\Http\\Request), Object(Closure))
#39 /Users/zawhtetnaung/Documents/Webprojects/ecommerce-api/vendor/laravel/framework/src/Illuminate/Foundation/Http/Middleware/InvokeDeferredCallbacks.php(22): Illuminate\\Pipeline\\Pipeline->{closure:{closure:Illuminate\\Pipeline\\Pipeline::carry():194}:195}(Object(Illuminate\\Http\\Request))
#40 /Users/zawhtetnaung/Documents/Webprojects/ecommerce-api/vendor/laravel/framework/src/Illuminate/Pipeline/Pipeline.php(219): Illuminate\\Foundation\\Http\\Middleware\\InvokeDeferredCallbacks->handle(Object(Illuminate\\Http\\Request), Object(Closure))
#41 /Users/zawhtetnaung/Documents/Webprojects/ecommerce-api/vendor/laravel/framework/src/Illuminate/Http/Middleware/ValidatePathEncoding.php(26): Illuminate\\Pipeline\\Pipeline->{closure:{closure:Illuminate\\Pipeline\\Pipeline::carry():194}:195}(Object(Illuminate\\Http\\Request))
#42 /Users/zawhtetnaung/Documents/Webprojects/ecommerce-api/vendor/laravel/framework/src/Illuminate/Pipeline/Pipeline.php(219): Illuminate\\Http\\Middleware\\ValidatePathEncoding->handle(Object(Illuminate\\Http\\Request), Object(Closure))
#43 /Users/zawhtetnaung/Documents/Webprojects/ecommerce-api/vendor/laravel/framework/src/Illuminate/Pipeline/Pipeline.php(137): Illuminate\\Pipeline\\Pipeline->{closure:{closure:Illuminate\\Pipeline\\Pipeline::carry():194}:195}(Object(Illuminate\\Http\\Request))
#44 /Users/zawhtetnaung/Documents/Webprojects/ecommerce-api/vendor/laravel/framework/src/Illuminate/Foundation/Http/Kernel.php(175): Illuminate\\Pipeline\\Pipeline->then(Object(Closure))
#45 /Users/zawhtetnaung/Documents/Webprojects/ecommerce-api/vendor/laravel/framework/src/Illuminate/Foundation/Http/Kernel.php(144): Illuminate\\Foundation\\Http\\Kernel->sendRequestThroughRouter(Object(Illuminate\\Http\\Request))
#46 /Users/zawhtetnaung/Documents/Webprojects/ecommerce-api/vendor/laravel/framework/src/Illuminate/Foundation/Application.php(1220): Illuminate\\Foundation\\Http\\Kernel->handle(Object(Illuminate\\Http\\Request))
#47 /Users/zawhtetnaung/Documents/Webprojects/ecommerce-api/public/index.php(20): Illuminate\\Foundation\\Application->handleRequest(Object(Illuminate\\Http\\Request))
#48 /Users/zawhtetnaung/Documents/Webprojects/ecommerce-api/vendor/laravel/framework/src/Illuminate/Foundation/resources/server.php(23): require_once('/Users/zawhtetn...')
#49 {main}

[previous exception] [object] (PDOException(code: HY000): SQLSTATE[HY000]: General error: 1 no such table: categories at /Users/zawhtetnaung/Documents/Webprojects/ecommerce-api/vendor/laravel/framework/src/Illuminate/Database/Connection.php:420)
[stacktrace]
#0 /Users/zawhtetnaung/Documents/Webprojects/ecommerce-api/vendor/laravel/framework/src/Illuminate/Database/Connection.php(420): PDO->prepare('select * from \"...')
#1 /Users/zawhtetnaung/Documents/Webprojects/ecommerce-api/vendor/laravel/framework/src/Illuminate/Database/Connection.php(827): Illuminate\\Database\\Connection->{closure:Illuminate\\Database\\Connection::select():411}('select * from \"...', Array)
#2 /Users/zawhtetnaung/Documents/Webprojects/ecommerce-api/vendor/laravel/framework/src/Illuminate/Database/Connection.php(794): Illuminate\\Database\\Connection->runQueryCallback('select * from \"...', Array, Object(Closure))
#3 /Users/zawhtetnaung/Documents/Webprojects/ecommerce-api/vendor/laravel/framework/src/Illuminate/Database/Connection.php(411): Illuminate\\Database\\Connection->run('select * from \"...', Array, Object(Closure))
#4 /Users/zawhtetnaung/Documents/Webprojects/ecommerce-api/vendor/laravel/framework/src/Illuminate/Database/Query/Builder.php(3389): Illuminate\\Database\\Connection->select('select * from \"...', Array, true)
#5 /Users/zawhtetnaung/Documents/Webprojects/ecommerce-api/vendor/laravel/framework/src/Illuminate/Database/Query/Builder.php(3374): Illuminate\\Database\\Query\\Builder->runSelect()
#6 /Users/zawhtetnaung/Documents/Webprojects/ecommerce-api/vendor/laravel/framework/src/Illuminate/Database/Query/Builder.php(3964): Illuminate\\Database\\Query\\Builder->{closure:Illuminate\\Database\\Query\\Builder::get():3373}()
#7 /Users/zawhtetnaung/Documents/Webprojects/ecommerce-api/vendor/laravel/framework/src/Illuminate/Database/Query/Builder.php(3373): Illuminate\\Database\\Query\\Builder->onceWithColumns(Array, Object(Closure))
#8 /Users/zawhtetnaung/Documents/Webprojects/ecommerce-api/vendor/laravel/framework/src/Illuminate/Database/Eloquent/Builder.php(902): Illuminate\\Database\\Query\\Builder->get(Array)
#9 /Users/zawhtetnaung/Documents/Webprojects/ecommerce-api/vendor/laravel/framework/src/Illuminate/Database/Eloquent/Builder.php(884): Illuminate\\Database\\Eloquent\\Builder->getModels(Array)
#10 /Users/zawhtetnaung/Documents/Webprojects/ecommerce-api/app/Http/Controllers/Api/CategoryController.php(18): Illuminate\\Database\\Eloquent\\Builder->get()
#11 /Users/zawhtetnaung/Documents/Webprojects/ecommerce-api/vendor/laravel/framework/src/Illuminate/Routing/ControllerDispatcher.php(46): App\\Http\\Controllers\\Api\\CategoryController->index()
#12 /Users/zawhtetnaung/Documents/Webprojects/ecommerce-api/vendor/laravel/framework/src/Illuminate/Routing/Route.php(265): Illuminate\\Routing\\ControllerDispatcher->dispatch(Object(Illuminate\\Routing\\Route), Object(App\\Http\\Controllers\\Api\\CategoryController), 'index')
#13 /Users/zawhtetnaung/Documents/Webprojects/ecommerce-api/vendor/laravel/framework/src/Illuminate/Routing/Route.php(211): Illuminate\\Routing\\Route->runController()
#14 /Users/zawhtetnaung/Documents/Webprojects/ecommerce-api/vendor/laravel/framework/src/Illuminate/Routing/Router.php(822): Illuminate\\Routing\\Route->run()
#15 /Users/zawhtetnaung/Documents/Webprojects/ecommerce-api/vendor/laravel/framework/src/Illuminate/Pipeline/Pipeline.php(180): Illuminate\\Routing\\Router->{closure:Illuminate\\Routing\\Router::runRouteWithinStack():821}(Object(Illuminate\\Http\\Request))
#16 /Users/zawhtetnaung/Documents/Webprojects/ecommerce-api/vendor/laravel/framework/src/Illuminate/Routing/Middleware/SubstituteBindings.php(50): Illuminate\\Pipeline\\Pipeline->{closure:Illuminate\\Pipeline\\Pipeline::prepareDestination():178}(Object(Illuminate\\Http\\Request))
#17 /Users/zawhtetnaung/Documents/Webprojects/ecommerce-api/vendor/laravel/framework/src/Illuminate/Pipeline/Pipeline.php(219): Illuminate\\Routing\\Middleware\\SubstituteBindings->handle(Object(Illuminate\\Http\\Request), Object(Closure))
#18 /Users/zawhtetnaung/Documents/Webprojects/ecommerce-api/vendor/laravel/framework/src/Illuminate/Auth/Middleware/Authenticate.php(63): Illuminate\\Pipeline\\Pipeline->{closure:{closure:Illuminate\\Pipeline\\Pipeline::carry():194}:195}(Object(Illuminate\\Http\\Request))
#19 /Users/zawhtetnaung/Documents/Webprojects/ecommerce-api/vendor/laravel/framework/src/Illuminate/Pipeline/Pipeline.php(219): Illuminate\\Auth\\Middleware\\Authenticate->handle(Object(Illuminate\\Http\\Request), Object(Closure), 'sanctum')
#20 /Users/zawhtetnaung/Documents/Webprojects/ecommerce-api/vendor/laravel/framework/src/Illuminate/Pipeline/Pipeline.php(137): Illuminate\\Pipeline\\Pipeline->{closure:{closure:Illuminate\\Pipeline\\Pipeline::carry():194}:195}(Object(Illuminate\\Http\\Request))
#21 /Users/zawhtetnaung/Documents/Webprojects/ecommerce-api/vendor/laravel/framework/src/Illuminate/Routing/Router.php(821): Illuminate\\Pipeline\\Pipeline->then(Object(Closure))
#22 /Users/zawhtetnaung/Documents/Webprojects/ecommerce-api/vendor/laravel/framework/src/Illuminate/Routing/Router.php(800): Illuminate\\Routing\\Router->runRouteWithinStack(Object(Illuminate\\Routing\\Route), Object(Illuminate\\Http\\Request))
#23 /Users/zawhtetnaung/Documents/Webprojects/ecommerce-api/vendor/laravel/framework/src/Illuminate/Routing/Router.php(764): Illuminate\\Routing\\Router->runRoute(Object(Illuminate\\Http\\Request), Object(Illuminate\\Routing\\Route))
#24 /Users/zawhtetnaung/Documents/Webprojects/ecommerce-api/vendor/laravel/framework/src/Illuminate/Routing/Router.php(753): Illuminate\\Routing\\Router->dispatchToRoute(Object(Illuminate\\Http\\Request))
#25 /Users/zawhtetnaung/Documents/Webprojects/ecommerce-api/vendor/laravel/framework/src/Illuminate/Foundation/Http/Kernel.php(200): Illuminate\\Routing\\Router->dispatch(Object(Illuminate\\Http\\Request))
#26 /Users/zawhtetnaung/Documents/Webprojects/ecommerce-api/vendor/laravel/framework/src/Illuminate/Pipeline/Pipeline.php(180): Illuminate\\Foundation\\Http\\Kernel->{closure:Illuminate\\Foundation\\Http\\Kernel::dispatchToRouter():197}(Object(Illuminate\\Http\\Request))
#27 /Users/zawhtetnaung/Documents/Webprojects/ecommerce-api/vendor/laravel/framework/src/Illuminate/Foundation/Http/Middleware/TransformsRequest.php(21): Illuminate\\Pipeline\\Pipeline->{closure:Illuminate\\Pipeline\\Pipeline::prepareDestination():178}(Object(Illuminate\\Http\\Request))
#28 /Users/zawhtetnaung/Documents/Webprojects/ecommerce-api/vendor/laravel/framework/src/Illuminate/Foundation/Http/Middleware/ConvertEmptyStringsToNull.php(31): Illuminate\\Foundation\\Http\\Middleware\\TransformsRequest->handle(Object(Illuminate\\Http\\Request), Object(Closure))
#29 /Users/zawhtetnaung/Documents/Webprojects/ecommerce-api/vendor/laravel/framework/src/Illuminate/Pipeline/Pipeline.php(219): Illuminate\\Foundation\\Http\\Middleware\\ConvertEmptyStringsToNull->handle(Object(Illuminate\\Http\\Request), Object(Closure))
#30 /Users/zawhtetnaung/Documents/Webprojects/ecommerce-api/vendor/laravel/framework/src/Illuminate/Foundation/Http/Middleware/TransformsRequest.php(21): Illuminate\\Pipeline\\Pipeline->{closure:{closure:Illuminate\\Pipeline\\Pipeline::carry():194}:195}(Object(Illuminate\\Http\\Request))
#31 /Users/zawhtetnaung/Documents/Webprojects/ecommerce-api/vendor/laravel/framework/src/Illuminate/Foundation/Http/Middleware/TrimStrings.php(51): Illuminate\\Foundation\\Http\\Middleware\\TransformsRequest->handle(Object(Illuminate\\Http\\Request), Object(Closure))
#32 /Users/zawhtetnaung/Documents/Webprojects/ecommerce-api/vendor/laravel/framework/src/Illuminate/Pipeline/Pipeline.php(219): Illuminate\\Foundation\\Http\\Middleware\\TrimStrings->handle(Object(Illuminate\\Http\\Request), Object(Closure))
#33 /Users/zawhtetnaung/Documents/Webprojects/ecommerce-api/vendor/laravel/framework/src/Illuminate/Http/Middleware/ValidatePostSize.php(27): Illuminate\\Pipeline\\Pipeline->{closure:{closure:Illuminate\\Pipeline\\Pipeline::carry():194}:195}(Object(Illuminate\\Http\\Request))
#34 /Users/zawhtetnaung/Documents/Webprojects/ecommerce-api/vendor/laravel/framework/src/Illuminate/Pipeline/Pipeline.php(219): Illuminate\\Http\\Middleware\\ValidatePostSize->handle(Object(Illuminate\\Http\\Request), Object(Closure))
#35 /Users/zawhtetnaung/Documents/Webprojects/ecommerce-api/vendor/laravel/framework/src/Illuminate/Foundation/Http/Middleware/PreventRequestsDuringMaintenance.php(109): Illuminate\\Pipeline\\Pipeline->{closure:{closure:Illuminate\\Pipeline\\Pipeline::carry():194}:195}(Object(Illuminate\\Http\\Request))
#36 /Users/zawhtetnaung/Documents/Webprojects/ecommerce-api/vendor/laravel/framework/src/Illuminate/Pipeline/Pipeline.php(219): Illuminate\\Foundation\\Http\\Middleware\\PreventRequestsDuringMaintenance->handle(Object(Illuminate\\Http\\Request), Object(Closure))
#37 /Users/zawhtetnaung/Documents/Webprojects/ecommerce-api/vendor/laravel/framework/src/Illuminate/Http/Middleware/HandleCors.php(74): Illuminate\\Pipeline\\Pipeline->{closure:{closure:Illuminate\\Pipeline\\Pipeline::carry():194}:195}(Object(Illuminate\\Http\\Request))
#38 /Users/zawhtetnaung/Documents/Webprojects/ecommerce-api/vendor/laravel/framework/src/Illuminate/Pipeline/Pipeline.php(219): Illuminate\\Http\\Middleware\\HandleCors->handle(Object(Illuminate\\Http\\Request), Object(Closure))
#39 /Users/zawhtetnaung/Documents/Webprojects/ecommerce-api/vendor/laravel/framework/src/Illuminate/Http/Middleware/TrustProxies.php(58): Illuminate\\Pipeline\\Pipeline->{closure:{closure:Illuminate\\Pipeline\\Pipeline::carry():194}:195}(Object(Illuminate\\Http\\Request))
#40 /Users/zawhtetnaung/Documents/Webprojects/ecommerce-api/vendor/laravel/framework/src/Illuminate/Pipeline/Pipeline.php(219): Illuminate\\Http\\Middleware\\TrustProxies->handle(Object(Illuminate\\Http\\Request), Object(Closure))
#41 /Users/zawhtetnaung/Documents/Webprojects/ecommerce-api/vendor/laravel/framework/src/Illuminate/Foundation/Http/Middleware/InvokeDeferredCallbacks.php(22): Illuminate\\Pipeline\\Pipeline->{closure:{closure:Illuminate\\Pipeline\\Pipeline::carry():194}:195}(Object(Illuminate\\Http\\Request))
#42 /Users/zawhtetnaung/Documents/Webprojects/ecommerce-api/vendor/laravel/framework/src/Illuminate/Pipeline/Pipeline.php(219): Illuminate\\Foundation\\Http\\Middleware\\InvokeDeferredCallbacks->handle(Object(Illuminate\\Http\\Request), Object(Closure))
#43 /Users/zawhtetnaung/Documents/Webprojects/ecommerce-api/vendor/laravel/framework/src/Illuminate/Http/Middleware/ValidatePathEncoding.php(26): Illuminate\\Pipeline\\Pipeline->{closure:{closure:Illuminate\\Pipeline\\Pipeline::carry():194}:195}(Object(Illuminate\\Http\\Request))
#44 /Users/zawhtetnaung/Documents/Webprojects/ecommerce-api/vendor/laravel/framework/src/Illuminate/Pipeline/Pipeline.php(219): Illuminate\\Http\\Middleware\\ValidatePathEncoding->handle(Object(Illuminate\\Http\\Request), Object(Closure))
#45 /Users/zawhtetnaung/Documents/Webprojects/ecommerce-api/vendor/laravel/framework/src/Illuminate/Pipeline/Pipeline.php(137): Illuminate\\Pipeline\\Pipeline->{closure:{closure:Illuminate\\Pipeline\\Pipeline::carry():194}:195}(Object(Illuminate\\Http\\Request))
#46 /Users/zawhtetnaung/Documents/Webprojects/ecommerce-api/vendor/laravel/framework/src/Illuminate/Foundation/Http/Kernel.php(175): Illuminate\\Pipeline\\Pipeline->then(Object(Closure))
#47 /Users/zawhtetnaung/Documents/Webprojects/ecommerce-api/vendor/laravel/framework/src/Illuminate/Foundation/Http/Kernel.php(144): Illuminate\\Foundation\\Http\\Kernel->sendRequestThroughRouter(Object(Illuminate\\Http\\Request))
#48 /Users/zawhtetnaung/Documents/Webprojects/ecommerce-api/vendor/laravel/framework/src/Illuminate/Foundation/Application.php(1220): Illuminate\\Foundation\\Http\\Kernel->handle(Object(Illuminate\\Http\\Request))
#49 /Users/zawhtetnaung/Documents/Webprojects/ecommerce-api/public/index.php(20): Illuminate\\Foundation\\Application->handleRequest(Object(Illuminate\\Http\\Request))
#50 /Users/zawhtetnaung/Documents/Webprojects/ecommerce-api/vendor/laravel/framework/src/Illuminate/Foundation/resources/server.php(23): require_once('/Users/zawhtetn...')
#51 {main}
"} 
[2026-02-04 10:22:06] local.ERROR: SQLSTATE[HY000]: General error: 1 no such table: categories (Connection: sqlite, Database: /Users/zawhtetnaung/Documents/Webprojects/ecommerce-api/database/database.sqlite, SQL: select * from "categories" order by "created_at" desc) {"userId":2,"exception":"[object] (Illuminate\\Database\\QueryException(code: HY000): SQLSTATE[HY000]: General error: 1 no such table: categories (Connection: sqlite, Database: /Users/zawhtetnaung/Documents/Webprojects/ecommerce-api/database/database.sqlite, SQL: select * from \"categories\" order by \"created_at\" desc) at /Users/zawhtetnaung/Documents/Webprojects/ecommerce-api/vendor/laravel/framework/src/Illuminate/Database/Connection.php:838)
[stacktrace]
#0 /Users/zawhtetnaung/Documents/Webprojects/ecommerce-api/vendor/laravel/framework/src/Illuminate/Database/Connection.php(794): Illuminate\\Database\\Connection->runQueryCallback('select * from \"...', Array, Object(Closure))
#1 /Users/zawhtetnaung/Documents/Webprojects/ecommerce-api/vendor/laravel/framework/src/Illuminate/Database/Connection.php(411): Illuminate\\Database\\Connection->run('select * from \"...', Array, Object(Closure))
#2 /Users/zawhtetnaung/Documents/Webprojects/ecommerce-api/vendor/laravel/framework/src/Illuminate/Database/Query/Builder.php(3389): Illuminate\\Database\\Connection->select('select * from \"...', Array, true)
#3 /Users/zawhtetnaung/Documents/Webprojects/ecommerce-api/vendor/laravel/framework/src/Illuminate/Database/Query/Builder.php(3374): Illuminate\\Database\\Query\\Builder->runSelect()
#4 /Users/zawhtetnaung/Documents/Webprojects/ecommerce-api/vendor/laravel/framework/src/Illuminate/Database/Query/Builder.php(3964): Illuminate\\Database\\Query\\Builder->{closure:Illuminate\\Database\\Query\\Builder::get():3373}()
#5 /Users/zawhtetnaung/Documents/Webprojects/ecommerce-api/vendor/laravel/framework/src/Illuminate/Database/Query/Builder.php(3373): Illuminate\\Database\\Query\\Builder->onceWithColumns(Array, Object(Closure))
#6 /Users/zawhtetnaung/Documents/Webprojects/ecommerce-api/vendor/laravel/framework/src/Illuminate/Database/Eloquent/Builder.php(902): Illuminate\\Database\\Query\\Builder->get(Array)
#7 /Users/zawhtetnaung/Documents/Webprojects/ecommerce-api/vendor/laravel/framework/src/Illuminate/Database/Eloquent/Builder.php(884): Illuminate\\Database\\Eloquent\\Builder->getModels(Array)
#8 /Users/zawhtetnaung/Documents/Webprojects/ecommerce-api/app/Http/Controllers/Api/CategoryController.php(18): Illuminate\\Database\\Eloquent\\Builder->get()
#9 /Users/zawhtetnaung/Documents/Webprojects/ecommerce-api/vendor/laravel/framework/src/Illuminate/Routing/ControllerDispatcher.php(46): App\\Http\\Controllers\\Api\\CategoryController->index()
#10 /Users/zawhtetnaung/Documents/Webprojects/ecommerce-api/vendor/laravel/framework/src/Illuminate/Routing/Route.php(265): Illuminate\\Routing\\ControllerDispatcher->dispatch(Object(Illuminate\\Routing\\Route), Object(App\\Http\\Controllers\\Api\\CategoryController), 'index')
#11 /Users/zawhtetnaung/Documents/Webprojects/ecommerce-api/vendor/laravel/framework/src/Illuminate/Routing/Route.php(211): Illuminate\\Routing\\Route->runController()
#12 /Users/zawhtetnaung/Documents/Webprojects/ecommerce-api/vendor/laravel/framework/src/Illuminate/Routing/Router.php(822): Illuminate\\Routing\\Route->run()
#13 /Users/zawhtetnaung/Documents/Webprojects/ecommerce-api/vendor/laravel/framework/src/Illuminate/Pipeline/Pipeline.php(180): Illuminate\\Routing\\Router->{closure:Illuminate\\Routing\\Router::runRouteWithinStack():821}(Object(Illuminate\\Http\\Request))
#14 /Users/zawhtetnaung/Documents/Webprojects/ecommerce-api/vendor/laravel/framework/src/Illuminate/Routing/Middleware/SubstituteBindings.php(50): Illuminate\\Pipeline\\Pipeline->{closure:Illuminate\\Pipeline\\Pipeline::prepareDestination():178}(Object(Illuminate\\Http\\Request))
#15 /Users/zawhtetnaung/Documents/Webprojects/ecommerce-api/vendor/laravel/framework/src/Illuminate/Pipeline/Pipeline.php(219): Illuminate\\Routing\\Middleware\\SubstituteBindings->handle(Object(Illuminate\\Http\\Request), Object(Closure))
#16 /Users/zawhtetnaung/Documents/Webprojects/ecommerce-api/vendor/laravel/framework/src/Illuminate/Auth/Middleware/Authenticate.php(63): Illuminate\\Pipeline\\Pipeline->{closure:{closure:Illuminate\\Pipeline\\Pipeline::carry():194}:195}(Object(Illuminate\\Http\\Request))
#17 /Users/zawhtetnaung/Documents/Webprojects/ecommerce-api/vendor/laravel/framework/src/Illuminate/Pipeline/Pipeline.php(219): Illuminate\\Auth\\Middleware\\Authenticate->handle(Object(Illuminate\\Http\\Request), Object(Closure), 'sanctum')
#18 /Users/zawhtetnaung/Documents/Webprojects/ecommerce-api/vendor/laravel/framework/src/Illuminate/Pipeline/Pipeline.php(137): Illuminate\\Pipeline\\Pipeline->{closure:{closure:Illuminate\\Pipeline\\Pipeline::carry():194}:195}(Object(Illuminate\\Http\\Request))
#19 /Users/zawhtetnaung/Documents/Webprojects/ecommerce-api/vendor/laravel/framework/src/Illuminate/Routing/Router.php(821): Illuminate\\Pipeline\\Pipeline->then(Object(Closure))
#20 /Users/zawhtetnaung/Documents/Webprojects/ecommerce-api/vendor/laravel/framework/src/Illuminate/Routing/Router.php(800): Illuminate\\Routing\\Router->runRouteWithinStack(Object(Illuminate\\Routing\\Route), Object(Illuminate\\Http\\Request))
#21 /Users/zawhtetnaung/Documents/Webprojects/ecommerce-api/vendor/laravel/framework/src/Illuminate/Routing/Router.php(764): Illuminate\\Routing\\Router->runRoute(Object(Illuminate\\Http\\Request), Object(Illuminate\\Routing\\Route))
#22 /Users/zawhtetnaung/Documents/Webprojects/ecommerce-api/vendor/laravel/framework/src/Illuminate/Routing/Router.php(753): Illuminate\\Routing\\Router->dispatchToRoute(Object(Illuminate\\Http\\Request))
#23 /Users/zawhtetnaung/Documents/Webprojects/ecommerce-api/vendor/laravel/framework/src/Illuminate/Foundation/Http/Kernel.php(200): Illuminate\\Routing\\Router->dispatch(Object(Illuminate\\Http\\Request))
#24 /Users/zawhtetnaung/Documents/Webprojects/ecommerce-api/vendor/laravel/framework/src/Illuminate/Pipeline/Pipeline.php(180): Illuminate\\Foundation\\Http\\Kernel->{closure:Illuminate\\Foundation\\Http\\Kernel::dispatchToRouter():197}(Object(Illuminate\\Http\\Request))
#25 /Users/zawhtetnaung/Documents/Webprojects/ecommerce-api/vendor/laravel/framework/src/Illuminate/Foundation/Http/Middleware/TransformsRequest.php(21): Illuminate\\Pipeline\\Pipeline->{closure:Illuminate\\Pipeline\\Pipeline::prepareDestination():178}(Object(Illuminate\\Http\\Request))
#26 /Users/zawhtetnaung/Documents/Webprojects/ecommerce-api/vendor/laravel/framework/src/Illuminate/Foundation/Http/Middleware/ConvertEmptyStringsToNull.php(31): Illuminate\\Foundation\\Http\\Middleware\\TransformsRequest->handle(Object(Illuminate\\Http\\Request), Object(Closure))
#27 /Users/zawhtetnaung/Documents/Webprojects/ecommerce-api/vendor/laravel/framework/src/Illuminate/Pipeline/Pipeline.php(219): Illuminate\\Foundation\\Http\\Middleware\\ConvertEmptyStringsToNull->handle(Object(Illuminate\\Http\\Request), Object(Closure))
#28 /Users/zawhtetnaung/Documents/Webprojects/ecommerce-api/vendor/laravel/framework/src/Illuminate/Foundation/Http/Middleware/TransformsRequest.php(21): Illuminate\\Pipeline\\Pipeline->{closure:{closure:Illuminate\\Pipeline\\Pipeline::carry():194}:195}(Object(Illuminate\\Http\\Request))
#29 /Users/zawhtetnaung/Documents/Webprojects/ecommerce-api/vendor/laravel/framework/src/Illuminate/Foundation/Http/Middleware/TrimStrings.php(51): Illuminate\\Foundation\\Http\\Middleware\\TransformsRequest->handle(Object(Illuminate\\Http\\Request), Object(Closure))
#30 /Users/zawhtetnaung/Documents/Webprojects/ecommerce-api/vendor/laravel/framework/src/Illuminate/Pipeline/Pipeline.php(219): Illuminate\\Foundation\\Http\\Middleware\\TrimStrings->handle(Object(Illuminate\\Http\\Request), Object(Closure))
#31 /Users/zawhtetnaung/Documents/Webprojects/ecommerce-api/vendor/laravel/framework/src/Illuminate/Http/Middleware/ValidatePostSize.php(27): Illuminate\\Pipeline\\Pipeline->{closure:{closure:Illuminate\\Pipeline\\Pipeline::carry():194}:195}(Object(Illuminate\\Http\\Request))
#32 /Users/zawhtetnaung/Documents/Webprojects/ecommerce-api/vendor/laravel/framework/src/Illuminate/Pipeline/Pipeline.php(219): Illuminate\\Http\\Middleware\\ValidatePostSize->handle(Object(Illuminate\\Http\\Request), Object(Closure))
#33 /Users/zawhtetnaung/Documents/Webprojects/ecommerce-api/vendor/laravel/framework/src/Illuminate/Foundation/Http/Middleware/PreventRequestsDuringMaintenance.php(109): Illuminate\\Pipeline\\Pipeline->{closure:{closure:Illuminate\\Pipeline\\Pipeline::carry():194}:195}(Object(Illuminate\\Http\\Request))
#34 /Users/zawhtetnaung/Documents/Webprojects/ecommerce-api/vendor/laravel/framework/src/Illuminate/Pipeline/Pipeline.php(219): Illuminate\\Foundation\\Http\\Middleware\\PreventRequestsDuringMaintenance->handle(Object(Illuminate\\Http\\Request), Object(Closure))
#35 /Users/zawhtetnaung/Documents/Webprojects/ecommerce-api/vendor/laravel/framework/src/Illuminate/Http/Middleware/HandleCors.php(74): Illuminate\\Pipeline\\Pipeline->{closure:{closure:Illuminate\\Pipeline\\Pipeline::carry():194}:195}(Object(Illuminate\\Http\\Request))
#36 /Users/zawhtetnaung/Documents/Webprojects/ecommerce-api/vendor/laravel/framework/src/Illuminate/Pipeline/Pipeline.php(219): Illuminate\\Http\\Middleware\\HandleCors->handle(Object(Illuminate\\Http\\Request), Object(Closure))
#37 /Users/zawhtetnaung/Documents/Webprojects/ecommerce-api/vendor/laravel/framework/src/Illuminate/Http/Middleware/TrustProxies.php(58): Illuminate\\Pipeline\\Pipeline->{closure:{closure:Illuminate\\Pipeline\\Pipeline::carry():194}:195}(Object(Illuminate\\Http\\Request))
#38 /Users/zawhtetnaung/Documents/Webprojects/ecommerce-api/vendor/laravel/framework/src/Illuminate/Pipeline/Pipeline.php(219): Illuminate\\Http\\Middleware\\TrustProxies->handle(Object(Illuminate\\Http\\Request), Object(Closure))
#39 /Users/zawhtetnaung/Documents/Webprojects/ecommerce-api/vendor/laravel/framework/src/Illuminate/Foundation/Http/Middleware/InvokeDeferredCallbacks.php(22): Illuminate\\Pipeline\\Pipeline->{closure:{closure:Illuminate\\Pipeline\\Pipeline::carry():194}:195}(Object(Illuminate\\Http\\Request))
#40 /Users/zawhtetnaung/Documents/Webprojects/ecommerce-api/vendor/laravel/framework/src/Illuminate/Pipeline/Pipeline.php(219): Illuminate\\Foundation\\Http\\Middleware\\InvokeDeferredCallbacks->handle(Object(Illuminate\\Http\\Request), Object(Closure))
#41 /Users/zawhtetnaung/Documents/Webprojects/ecommerce-api/vendor/laravel/framework/src/Illuminate/Http/Middleware/ValidatePathEncoding.php(26): Illuminate\\Pipeline\\Pipeline->{closure:{closure:Illuminate\\Pipeline\\Pipeline::carry():194}:195}(Object(Illuminate\\Http\\Request))
#42 /Users/zawhtetnaung/Documents/Webprojects/ecommerce-api/vendor/laravel/framework/src/Illuminate/Pipeline/Pipeline.php(219): Illuminate\\Http\\Middleware\\ValidatePathEncoding->handle(Object(Illuminate\\Http\\Request), Object(Closure))
#43 /Users/zawhtetnaung/Documents/Webprojects/ecommerce-api/vendor/laravel/framework/src/Illuminate/Pipeline/Pipeline.php(137): Illuminate\\Pipeline\\Pipeline->{closure:{closure:Illuminate\\Pipeline\\Pipeline::carry():194}:195}(Object(Illuminate\\Http\\Request))
#44 /Users/zawhtetnaung/Documents/Webprojects/ecommerce-api/vendor/laravel/framework/src/Illuminate/Foundation/Http/Kernel.php(175): Illuminate\\Pipeline\\Pipeline->then(Object(Closure))
#45 /Users/zawhtetnaung/Documents/Webprojects/ecommerce-api/vendor/laravel/framework/src/Illuminate/Foundation/Http/Kernel.php(144): Illuminate\\Foundation\\Http\\Kernel->sendRequestThroughRouter(Object(Illuminate\\Http\\Request))
#46 /Users/zawhtetnaung/Documents/Webprojects/ecommerce-api/vendor/laravel/framework/src/Illuminate/Foundation/Application.php(1220): Illuminate\\Foundation\\Http\\Kernel->handle(Object(Illuminate\\Http\\Request))
#47 /Users/zawhtetnaung/Documents/Webprojects/ecommerce-api/public/index.php(20): Illuminate\\Foundation\\Application->handleRequest(Object(Illuminate\\Http\\Request))
#48 /Users/zawhtetnaung/Documents/Webprojects/ecommerce-api/vendor/laravel/framework/src/Illuminate/Foundation/resources/server.php(23): require_once('/Users/zawhtetn...')
#49 {main}

[previous exception] [object] (PDOException(code: HY000): SQLSTATE[HY000]: General error: 1 no such table: categories at /Users/zawhtetnaung/Documents/Webprojects/ecommerce-api/vendor/laravel/framework/src/Illuminate/Database/Connection.php:420)
[stacktrace]
#0 /Users/zawhtetnaung/Documents/Webprojects/ecommerce-api/vendor/laravel/framework/src/Illuminate/Database/Connection.php(420): PDO->prepare('select * from \"...')
#1 /Users/zawhtetnaung/Documents/Webprojects/ecommerce-api/vendor/laravel/framework/src/Illuminate/Database/Connection.php(827): Illuminate\\Database\\Connection->{closure:Illuminate\\Database\\Connection::select():411}('select * from \"...', Array)
#2 /Users/zawhtetnaung/Documents/Webprojects/ecommerce-api/vendor/laravel/framework/src/Illuminate/Database/Connection.php(794): Illuminate\\Database\\Connection->runQueryCallback('select * from \"...', Array, Object(Closure))
#3 /Users/zawhtetnaung/Documents/Webprojects/ecommerce-api/vendor/laravel/framework/src/Illuminate/Database/Connection.php(411): Illuminate\\Database\\Connection->run('select * from \"...', Array, Object(Closure))
#4 /Users/zawhtetnaung/Documents/Webprojects/ecommerce-api/vendor/laravel/framework/src/Illuminate/Database/Query/Builder.php(3389): Illuminate\\Database\\Connection->select('select * from \"...', Array, true)
#5 /Users/zawhtetnaung/Documents/Webprojects/ecommerce-api/vendor/laravel/framework/src/Illuminate/Database/Query/Builder.php(3374): Illuminate\\Database\\Query\\Builder->runSelect()
#6 /Users/zawhtetnaung/Documents/Webprojects/ecommerce-api/vendor/laravel/framework/src/Illuminate/Database/Query/Builder.php(3964): Illuminate\\Database\\Query\\Builder->{closure:Illuminate\\Database\\Query\\Builder::get():3373}()
#7 /Users/zawhtetnaung/Documents/Webprojects/ecommerce-api/vendor/laravel/framework/src/Illuminate/Database/Query/Builder.php(3373): Illuminate\\Database\\Query\\Builder->onceWithColumns(Array, Object(Closure))
#8 /Users/zawhtetnaung/Documents/Webprojects/ecommerce-api/vendor/laravel/framework/src/Illuminate/Database/Eloquent/Builder.php(902): Illuminate\\Database\\Query\\Builder->get(Array)
#9 /Users/zawhtetnaung/Documents/Webprojects/ecommerce-api/vendor/laravel/framework/src/Illuminate/Database/Eloquent/Builder.php(884): Illuminate\\Database\\Eloquent\\Builder->getModels(Array)
#10 /Users/zawhtetnaung/Documents/Webprojects/ecommerce-api/app/Http/Controllers/Api/CategoryController.php(18): Illuminate\\Database\\Eloquent\\Builder->get()
#11 /Users/zawhtetnaung/Documents/Webprojects/ecommerce-api/vendor/laravel/framework/src/Illuminate/Routing/ControllerDispatcher.php(46): App\\Http\\Controllers\\Api\\CategoryController->index()
#12 /Users/zawhtetnaung/Documents/Webprojects/ecommerce-api/vendor/laravel/framework/src/Illuminate/Routing/Route.php(265): Illuminate\\Routing\\ControllerDispatcher->dispatch(Object(Illuminate\\Routing\\Route), Object(App\\Http\\Controllers\\Api\\CategoryController), 'index')
#13 /Users/zawhtetnaung/Documents/Webprojects/ecommerce-api/vendor/laravel/framework/src/Illuminate/Routing/Route.php(211): Illuminate\\Routing\\Route->runController()
#14 /Users/zawhtetnaung/Documents/Webprojects/ecommerce-api/vendor/laravel/framework/src/Illuminate/Routing/Router.php(822): Illuminate\\Routing\\Route->run()
#15 /Users/zawhtetnaung/Documents/Webprojects/ecommerce-api/vendor/laravel/framework/src/Illuminate/Pipeline/Pipeline.php(180): Illuminate\\Routing\\Router->{closure:Illuminate\\Routing\\Router::runRouteWithinStack():821}(Object(Illuminate\\Http\\Request))
#16 /Users/zawhtetnaung/Documents/Webprojects/ecommerce-api/vendor/laravel/framework/src/Illuminate/Routing/Middleware/SubstituteBindings.php(50): Illuminate\\Pipeline\\Pipeline->{closure:Illuminate\\Pipeline\\Pipeline::prepareDestination():178}(Object(Illuminate\\Http\\Request))
#17 /Users/zawhtetnaung/Documents/Webprojects/ecommerce-api/vendor/laravel/framework/src/Illuminate/Pipeline/Pipeline.php(219): Illuminate\\Routing\\Middleware\\SubstituteBindings->handle(Object(Illuminate\\Http\\Request), Object(Closure))
#18 /Users/zawhtetnaung/Documents/Webprojects/ecommerce-api/vendor/laravel/framework/src/Illuminate/Auth/Middleware/Authenticate.php(63): Illuminate\\Pipeline\\Pipeline->{closure:{closure:Illuminate\\Pipeline\\Pipeline::carry():194}:195}(Object(Illuminate\\Http\\Request))
#19 /Users/zawhtetnaung/Documents/Webprojects/ecommerce-api/vendor/laravel/framework/src/Illuminate/Pipeline/Pipeline.php(219): Illuminate\\Auth\\Middleware\\Authenticate->handle(Object(Illuminate\\Http\\Request), Object(Closure), 'sanctum')
#20 /Users/zawhtetnaung/Documents/Webprojects/ecommerce-api/vendor/laravel/framework/src/Illuminate/Pipeline/Pipeline.php(137): Illuminate\\Pipeline\\Pipeline->{closure:{closure:Illuminate\\Pipeline\\Pipeline::carry():194}:195}(Object(Illuminate\\Http\\Request))
#21 /Users/zawhtetnaung/Documents/Webprojects/ecommerce-api/vendor/laravel/framework/src/Illuminate/Routing/Router.php(821): Illuminate\\Pipeline\\Pipeline->then(Object(Closure))
#22 /Users/zawhtetnaung/Documents/Webprojects/ecommerce-api/vendor/laravel/framework/src/Illuminate/Routing/Router.php(800): Illuminate\\Routing\\Router->runRouteWithinStack(Object(Illuminate\\Routing\\Route), Object(Illuminate\\Http\\Request))
#23 /Users/zawhtetnaung/Documents/Webprojects/ecommerce-api/vendor/laravel/framework/src/Illuminate/Routing/Router.php(764): Illuminate\\Routing\\Router->runRoute(Object(Illuminate\\Http\\Request), Object(Illuminate\\Routing\\Route))
#24 /Users/zawhtetnaung/Documents/Webprojects/ecommerce-api/vendor/laravel/framework/src/Illuminate/Routing/Router.php(753): Illuminate\\Routing\\Router->dispatchToRoute(Object(Illuminate\\Http\\Request))
#25 /Users/zawhtetnaung/Documents/Webprojects/ecommerce-api/vendor/laravel/framework/src/Illuminate/Foundation/Http/Kernel.php(200): Illuminate\\Routing\\Router->dispatch(Object(Illuminate\\Http\\Request))
#26 /Users/zawhtetnaung/Documents/Webprojects/ecommerce-api/vendor/laravel/framework/src/Illuminate/Pipeline/Pipeline.php(180): Illuminate\\Foundation\\Http\\Kernel->{closure:Illuminate\\Foundation\\Http\\Kernel::dispatchToRouter():197}(Object(Illuminate\\Http\\Request))
#27 /Users/zawhtetnaung/Documents/Webprojects/ecommerce-api/vendor/laravel/framework/src/Illuminate/Foundation/Http/Middleware/TransformsRequest.php(21): Illuminate\\Pipeline\\Pipeline->{closure:Illuminate\\Pipeline\\Pipeline::prepareDestination():178}(Object(Illuminate\\Http\\Request))
#28 /Users/zawhtetnaung/Documents/Webprojects/ecommerce-api/vendor/laravel/framework/src/Illuminate/Foundation/Http/Middleware/ConvertEmptyStringsToNull.php(31): Illuminate\\Foundation\\Http\\Middleware\\TransformsRequest->handle(Object(Illuminate\\Http\\Request), Object(Closure))
#29 /Users/zawhtetnaung/Documents/Webprojects/ecommerce-api/vendor/laravel/framework/src/Illuminate/Pipeline/Pipeline.php(219): Illuminate\\Foundation\\Http\\Middleware\\ConvertEmptyStringsToNull->handle(Object(Illuminate\\Http\\Request), Object(Closure))
#30 /Users/zawhtetnaung/Documents/Webprojects/ecommerce-api/vendor/laravel/framework/src/Illuminate/Foundation/Http/Middleware/TransformsRequest.php(21): Illuminate\\Pipeline\\Pipeline->{closure:{closure:Illuminate\\Pipeline\\Pipeline::carry():194}:195}(Object(Illuminate\\Http\\Request))
#31 /Users/zawhtetnaung/Documents/Webprojects/ecommerce-api/vendor/laravel/framework/src/Illuminate/Foundation/Http/Middleware/TrimStrings.php(51): Illuminate\\Foundation\\Http\\Middleware\\TransformsRequest->handle(Object(Illuminate\\Http\\Request), Object(Closure))
#32 /Users/zawhtetnaung/Documents/Webprojects/ecommerce-api/vendor/laravel/framework/src/Illuminate/Pipeline/Pipeline.php(219): Illuminate\\Foundation\\Http\\Middleware\\TrimStrings->handle(Object(Illuminate\\Http\\Request), Object(Closure))
#33 /Users/zawhtetnaung/Documents/Webprojects/ecommerce-api/vendor/laravel/framework/src/Illuminate/Http/Middleware/ValidatePostSize.php(27): Illuminate\\Pipeline\\Pipeline->{closure:{closure:Illuminate\\Pipeline\\Pipeline::carry():194}:195}(Object(Illuminate\\Http\\Request))
#34 /Users/zawhtetnaung/Documents/Webprojects/ecommerce-api/vendor/laravel/framework/src/Illuminate/Pipeline/Pipeline.php(219): Illuminate\\Http\\Middleware\\ValidatePostSize->handle(Object(Illuminate\\Http\\Request), Object(Closure))
#35 /Users/zawhtetnaung/Documents/Webprojects/ecommerce-api/vendor/laravel/framework/src/Illuminate/Foundation/Http/Middleware/PreventRequestsDuringMaintenance.php(109): Illuminate\\Pipeline\\Pipeline->{closure:{closure:Illuminate\\Pipeline\\Pipeline::carry():194}:195}(Object(Illuminate\\Http\\Request))
#36 /Users/zawhtetnaung/Documents/Webprojects/ecommerce-api/vendor/laravel/framework/src/Illuminate/Pipeline/Pipeline.php(219): Illuminate\\Foundation\\Http\\Middleware\\PreventRequestsDuringMaintenance->handle(Object(Illuminate\\Http\\Request), Object(Closure))
#37 /Users/zawhtetnaung/Documents/Webprojects/ecommerce-api/vendor/laravel/framework/src/Illuminate/Http/Middleware/HandleCors.php(74): Illuminate\\Pipeline\\Pipeline->{closure:{closure:Illuminate\\Pipeline\\Pipeline::carry():194}:195}(Object(Illuminate\\Http\\Request))
#38 /Users/zawhtetnaung/Documents/Webprojects/ecommerce-api/vendor/laravel/framework/src/Illuminate/Pipeline/Pipeline.php(219): Illuminate\\Http\\Middleware\\HandleCors->handle(Object(Illuminate\\Http\\Request), Object(Closure))
#39 /Users/zawhtetnaung/Documents/Webprojects/ecommerce-api/vendor/laravel/framework/src/Illuminate/Http/Middleware/TrustProxies.php(58): Illuminate\\Pipeline\\Pipeline->{closure:{closure:Illuminate\\Pipeline\\Pipeline::carry():194}:195}(Object(Illuminate\\Http\\Request))
#40 /Users/zawhtetnaung/Documents/Webprojects/ecommerce-api/vendor/laravel/framework/src/Illuminate/Pipeline/Pipeline.php(219): Illuminate\\Http\\Middleware\\TrustProxies->handle(Object(Illuminate\\Http\\Request), Object(Closure))
#41 /Users/zawhtetnaung/Documents/Webprojects/ecommerce-api/vendor/laravel/framework/src/Illuminate/Foundation/Http/Middleware/InvokeDeferredCallbacks.php(22): Illuminate\\Pipeline\\Pipeline->{closure:{closure:Illuminate\\Pipeline\\Pipeline::carry():194}:195}(Object(Illuminate\\Http\\Request))
#42 /Users/zawhtetnaung/Documents/Webprojects/ecommerce-api/vendor/laravel/framework/src/Illuminate/Pipeline/Pipeline.php(219): Illuminate\\Foundation\\Http\\Middleware\\InvokeDeferredCallbacks->handle(Object(Illuminate\\Http\\Request), Object(Closure))
#43 /Users/zawhtetnaung/Documents/Webprojects/ecommerce-api/vendor/laravel/framework/src/Illuminate/Http/Middleware/ValidatePathEncoding.php(26): Illuminate\\Pipeline\\Pipeline->{closure:{closure:Illuminate\\Pipeline\\Pipeline::carry():194}:195}(Object(Illuminate\\Http\\Request))
#44 /Users/zawhtetnaung/Documents/Webprojects/ecommerce-api/vendor/laravel/framework/src/Illuminate/Pipeline/Pipeline.php(219): Illuminate\\Http\\Middleware\\ValidatePathEncoding->handle(Object(Illuminate\\Http\\Request), Object(Closure))
#45 /Users/zawhtetnaung/Documents/Webprojects/ecommerce-api/vendor/laravel/framework/src/Illuminate/Pipeline/Pipeline.php(137): Illuminate\\Pipeline\\Pipeline->{closure:{closure:Illuminate\\Pipeline\\Pipeline::carry():194}:195}(Object(Illuminate\\Http\\Request))
#46 /Users/zawhtetnaung/Documents/Webprojects/ecommerce-api/vendor/laravel/framework/src/Illuminate/Foundation/Http/Kernel.php(175): Illuminate\\Pipeline\\Pipeline->then(Object(Closure))
#47 /Users/zawhtetnaung/Documents/Webprojects/ecommerce-api/vendor/laravel/framework/src/Illuminate/Foundation/Http/Kernel.php(144): Illuminate\\Foundation\\Http\\Kernel->sendRequestThroughRouter(Object(Illuminate\\Http\\Request))
#48 /Users/zawhtetnaung/Documents/Webprojects/ecommerce-api/vendor/laravel/framework/src/Illuminate/Foundation/Application.php(1220): Illuminate\\Foundation\\Http\\Kernel->handle(Object(Illuminate\\Http\\Request))
#49 /Users/zawhtetnaung/Documents/Webprojects/ecommerce-api/public/index.php(20): Illuminate\\Foundation\\Application->handleRequest(Object(Illuminate\\Http\\Request))
#50 /Users/zawhtetnaung/Documents/Webprojects/ecommerce-api/vendor/laravel/framework/src/Illuminate/Foundation/resources/server.php(23): require_once('/Users/zawhtetn...')
#51 {main}
"} 
[2026-02-04 14:38:30] local.ERROR: SQLSTATE[HY000]: General error: 1 no such table: sub_categories (Connection: sqlite, Database: /Users/zawhtetnaung/Documents/Webprojects/ecommerce-api/database/database.sqlite, SQL: select * from "sub_categories" order by "created_at" desc) {"userId":2,"exception":"[object] (Illuminate\\Database\\QueryException(code: HY000): SQLSTATE[HY000]: General error: 1 no such table: sub_categories (Connection: sqlite, Database: /Users/zawhtetnaung/Documents/Webprojects/ecommerce-api/database/database.sqlite, SQL: select * from \"sub_categories\" order by \"created_at\" desc) at /Users/zawhtetnaung/Documents/Webprojects/ecommerce-api/vendor/laravel/framework/src/Illuminate/Database/Connection.php:838)
[stacktrace]
#0 /Users/zawhtetnaung/Documents/Webprojects/ecommerce-api/vendor/laravel/framework/src/Illuminate/Database/Connection.php(794): Illuminate\\Database\\Connection->runQueryCallback('select * from \"...', Array, Object(Closure))
#1 /Users/zawhtetnaung/Documents/Webprojects/ecommerce-api/vendor/laravel/framework/src/Illuminate/Database/Connection.php(411): Illuminate\\Database\\Connection->run('select * from \"...', Array, Object(Closure))
#2 /Users/zawhtetnaung/Documents/Webprojects/ecommerce-api/vendor/laravel/framework/src/Illuminate/Database/Query/Builder.php(3389): Illuminate\\Database\\Connection->select('select * from \"...', Array, true)
#3 /Users/zawhtetnaung/Documents/Webprojects/ecommerce-api/vendor/laravel/framework/src/Illuminate/Database/Query/Builder.php(3374): Illuminate\\Database\\Query\\Builder->runSelect()
#4 /Users/zawhtetnaung/Documents/Webprojects/ecommerce-api/vendor/laravel/framework/src/Illuminate/Database/Query/Builder.php(3964): Illuminate\\Database\\Query\\Builder->{closure:Illuminate\\Database\\Query\\Builder::get():3373}()
#5 /Users/zawhtetnaung/Documents/Webprojects/ecommerce-api/vendor/laravel/framework/src/Illuminate/Database/Query/Builder.php(3373): Illuminate\\Database\\Query\\Builder->onceWithColumns(Array, Object(Closure))
#6 /Users/zawhtetnaung/Documents/Webprojects/ecommerce-api/vendor/laravel/framework/src/Illuminate/Database/Eloquent/Builder.php(902): Illuminate\\Database\\Query\\Builder->get(Array)
#7 /Users/zawhtetnaung/Documents/Webprojects/ecommerce-api/vendor/laravel/framework/src/Illuminate/Database/Eloquent/Builder.php(884): Illuminate\\Database\\Eloquent\\Builder->getModels(Array)
#8 /Users/zawhtetnaung/Documents/Webprojects/ecommerce-api/app/Http/Controllers/Api/SubCategoryController.php(20): Illuminate\\Database\\Eloquent\\Builder->get()
#9 /Users/zawhtetnaung/Documents/Webprojects/ecommerce-api/vendor/laravel/framework/src/Illuminate/Routing/ControllerDispatcher.php(46): App\\Http\\Controllers\\Api\\SubCategoryController->index()
#10 /Users/zawhtetnaung/Documents/Webprojects/ecommerce-api/vendor/laravel/framework/src/Illuminate/Routing/Route.php(265): Illuminate\\Routing\\ControllerDispatcher->dispatch(Object(Illuminate\\Routing\\Route), Object(App\\Http\\Controllers\\Api\\SubCategoryController), 'index')
#11 /Users/zawhtetnaung/Documents/Webprojects/ecommerce-api/vendor/laravel/framework/src/Illuminate/Routing/Route.php(211): Illuminate\\Routing\\Route->runController()
#12 /Users/zawhtetnaung/Documents/Webprojects/ecommerce-api/vendor/laravel/framework/src/Illuminate/Routing/Router.php(822): Illuminate\\Routing\\Route->run()
#13 /Users/zawhtetnaung/Documents/Webprojects/ecommerce-api/vendor/laravel/framework/src/Illuminate/Pipeline/Pipeline.php(180): Illuminate\\Routing\\Router->{closure:Illuminate\\Routing\\Router::runRouteWithinStack():821}(Object(Illuminate\\Http\\Request))
#14 /Users/zawhtetnaung/Documents/Webprojects/ecommerce-api/vendor/laravel/framework/src/Illuminate/Routing/Middleware/SubstituteBindings.php(50): Illuminate\\Pipeline\\Pipeline->{closure:Illuminate\\Pipeline\\Pipeline::prepareDestination():178}(Object(Illuminate\\Http\\Request))
#15 /Users/zawhtetnaung/Documents/Webprojects/ecommerce-api/vendor/laravel/framework/src/Illuminate/Pipeline/Pipeline.php(219): Illuminate\\Routing\\Middleware\\SubstituteBindings->handle(Object(Illuminate\\Http\\Request), Object(Closure))
#16 /Users/zawhtetnaung/Documents/Webprojects/ecommerce-api/vendor/laravel/framework/src/Illuminate/Auth/Middleware/Authenticate.php(63): Illuminate\\Pipeline\\Pipeline->{closure:{closure:Illuminate\\Pipeline\\Pipeline::carry():194}:195}(Object(Illuminate\\Http\\Request))
#17 /Users/zawhtetnaung/Documents/Webprojects/ecommerce-api/vendor/laravel/framework/src/Illuminate/Pipeline/Pipeline.php(219): Illuminate\\Auth\\Middleware\\Authenticate->handle(Object(Illuminate\\Http\\Request), Object(Closure), 'sanctum')
#18 /Users/zawhtetnaung/Documents/Webprojects/ecommerce-api/vendor/laravel/framework/src/Illuminate/Pipeline/Pipeline.php(137): Illuminate\\Pipeline\\Pipeline->{closure:{closure:Illuminate\\Pipeline\\Pipeline::carry():194}:195}(Object(Illuminate\\Http\\Request))
#19 /Users/zawhtetnaung/Documents/Webprojects/ecommerce-api/vendor/laravel/framework/src/Illuminate/Routing/Router.php(821): Illuminate\\Pipeline\\Pipeline->then(Object(Closure))
#20 /Users/zawhtetnaung/Documents/Webprojects/ecommerce-api/vendor/laravel/framework/src/Illuminate/Routing/Router.php(800): Illuminate\\Routing\\Router->runRouteWithinStack(Object(Illuminate\\Routing\\Route), Object(Illuminate\\Http\\Request))
#21 /Users/zawhtetnaung/Documents/Webprojects/ecommerce-api/vendor/laravel/framework/src/Illuminate/Routing/Router.php(764): Illuminate\\Routing\\Router->runRoute(Object(Illuminate\\Http\\Request), Object(Illuminate\\Routing\\Route))
#22 /Users/zawhtetnaung/Documents/Webprojects/ecommerce-api/vendor/laravel/framework/src/Illuminate/Routing/Router.php(753): Illuminate\\Routing\\Router->dispatchToRoute(Object(Illuminate\\Http\\Request))
#23 /Users/zawhtetnaung/Documents/Webprojects/ecommerce-api/vendor/laravel/framework/src/Illuminate/Foundation/Http/Kernel.php(200): Illuminate\\Routing\\Router->dispatch(Object(Illuminate\\Http\\Request))
#24 /Users/zawhtetnaung/Documents/Webprojects/ecommerce-api/vendor/laravel/framework/src/Illuminate/Pipeline/Pipeline.php(180): Illuminate\\Foundation\\Http\\Kernel->{closure:Illuminate\\Foundation\\Http\\Kernel::dispatchToRouter():197}(Object(Illuminate\\Http\\Request))
#25 /Users/zawhtetnaung/Documents/Webprojects/ecommerce-api/vendor/laravel/framework/src/Illuminate/Foundation/Http/Middleware/TransformsRequest.php(21): Illuminate\\Pipeline\\Pipeline->{closure:Illuminate\\Pipeline\\Pipeline::prepareDestination():178}(Object(Illuminate\\Http\\Request))
#26 /Users/zawhtetnaung/Documents/Webprojects/ecommerce-api/vendor/laravel/framework/src/Illuminate/Foundation/Http/Middleware/ConvertEmptyStringsToNull.php(31): Illuminate\\Foundation\\Http\\Middleware\\TransformsRequest->handle(Object(Illuminate\\Http\\Request), Object(Closure))
#27 /Users/zawhtetnaung/Documents/Webprojects/ecommerce-api/vendor/laravel/framework/src/Illuminate/Pipeline/Pipeline.php(219): Illuminate\\Foundation\\Http\\Middleware\\ConvertEmptyStringsToNull->handle(Object(Illuminate\\Http\\Request), Object(Closure))
#28 /Users/zawhtetnaung/Documents/Webprojects/ecommerce-api/vendor/laravel/framework/src/Illuminate/Foundation/Http/Middleware/TransformsRequest.php(21): Illuminate\\Pipeline\\Pipeline->{closure:{closure:Illuminate\\Pipeline\\Pipeline::carry():194}:195}(Object(Illuminate\\Http\\Request))
#29 /Users/zawhtetnaung/Documents/Webprojects/ecommerce-api/vendor/laravel/framework/src/Illuminate/Foundation/Http/Middleware/TrimStrings.php(51): Illuminate\\Foundation\\Http\\Middleware\\TransformsRequest->handle(Object(Illuminate\\Http\\Request), Object(Closure))
#30 /Users/zawhtetnaung/Documents/Webprojects/ecommerce-api/vendor/laravel/framework/src/Illuminate/Pipeline/Pipeline.php(219): Illuminate\\Foundation\\Http\\Middleware\\TrimStrings->handle(Object(Illuminate\\Http\\Request), Object(Closure))
#31 /Users/zawhtetnaung/Documents/Webprojects/ecommerce-api/vendor/laravel/framework/src/Illuminate/Http/Middleware/ValidatePostSize.php(27): Illuminate\\Pipeline\\Pipeline->{closure:{closure:Illuminate\\Pipeline\\Pipeline::carry():194}:195}(Object(Illuminate\\Http\\Request))
#32 /Users/zawhtetnaung/Documents/Webprojects/ecommerce-api/vendor/laravel/framework/src/Illuminate/Pipeline/Pipeline.php(219): Illuminate\\Http\\Middleware\\ValidatePostSize->handle(Object(Illuminate\\Http\\Request), Object(Closure))
#33 /Users/zawhtetnaung/Documents/Webprojects/ecommerce-api/vendor/laravel/framework/src/Illuminate/Foundation/Http/Middleware/PreventRequestsDuringMaintenance.php(109): Illuminate\\Pipeline\\Pipeline->{closure:{closure:Illuminate\\Pipeline\\Pipeline::carry():194}:195}(Object(Illuminate\\Http\\Request))
#34 /Users/zawhtetnaung/Documents/Webprojects/ecommerce-api/vendor/laravel/framework/src/Illuminate/Pipeline/Pipeline.php(219): Illuminate\\Foundation\\Http\\Middleware\\PreventRequestsDuringMaintenance->handle(Object(Illuminate\\Http\\Request), Object(Closure))
#35 /Users/zawhtetnaung/Documents/Webprojects/ecommerce-api/vendor/laravel/framework/src/Illuminate/Http/Middleware/HandleCors.php(74): Illuminate\\Pipeline\\Pipeline->{closure:{closure:Illuminate\\Pipeline\\Pipeline::carry():194}:195}(Object(Illuminate\\Http\\Request))
#36 /Users/zawhtetnaung/Documents/Webprojects/ecommerce-api/vendor/laravel/framework/src/Illuminate/Pipeline/Pipeline.php(219): Illuminate\\Http\\Middleware\\HandleCors->handle(Object(Illuminate\\Http\\Request), Object(Closure))
#37 /Users/zawhtetnaung/Documents/Webprojects/ecommerce-api/vendor/laravel/framework/src/Illuminate/Http/Middleware/TrustProxies.php(58): Illuminate\\Pipeline\\Pipeline->{closure:{closure:Illuminate\\Pipeline\\Pipeline::carry():194}:195}(Object(Illuminate\\Http\\Request))
#38 /Users/zawhtetnaung/Documents/Webprojects/ecommerce-api/vendor/laravel/framework/src/Illuminate/Pipeline/Pipeline.php(219): Illuminate\\Http\\Middleware\\TrustProxies->handle(Object(Illuminate\\Http\\Request), Object(Closure))
#39 /Users/zawhtetnaung/Documents/Webprojects/ecommerce-api/vendor/laravel/framework/src/Illuminate/Foundation/Http/Middleware/InvokeDeferredCallbacks.php(22): Illuminate\\Pipeline\\Pipeline->{closure:{closure:Illuminate\\Pipeline\\Pipeline::carry():194}:195}(Object(Illuminate\\Http\\Request))
#40 /Users/zawhtetnaung/Documents/Webprojects/ecommerce-api/vendor/laravel/framework/src/Illuminate/Pipeline/Pipeline.php(219): Illuminate\\Foundation\\Http\\Middleware\\InvokeDeferredCallbacks->handle(Object(Illuminate\\Http\\Request), Object(Closure))
#41 /Users/zawhtetnaung/Documents/Webprojects/ecommerce-api/vendor/laravel/framework/src/Illuminate/Http/Middleware/ValidatePathEncoding.php(26): Illuminate\\Pipeline\\Pipeline->{closure:{closure:Illuminate\\Pipeline\\Pipeline::carry():194}:195}(Object(Illuminate\\Http\\Request))
#42 /Users/zawhtetnaung/Documents/Webprojects/ecommerce-api/vendor/laravel/framework/src/Illuminate/Pipeline/Pipeline.php(219): Illuminate\\Http\\Middleware\\ValidatePathEncoding->handle(Object(Illuminate\\Http\\Request), Object(Closure))
#43 /Users/zawhtetnaung/Documents/Webprojects/ecommerce-api/vendor/laravel/framework/src/Illuminate/Pipeline/Pipeline.php(137): Illuminate\\Pipeline\\Pipeline->{closure:{closure:Illuminate\\Pipeline\\Pipeline::carry():194}:195}(Object(Illuminate\\Http\\Request))
#44 /Users/zawhtetnaung/Documents/Webprojects/ecommerce-api/vendor/laravel/framework/src/Illuminate/Foundation/Http/Kernel.php(175): Illuminate\\Pipeline\\Pipeline->then(Object(Closure))
#45 /Users/zawhtetnaung/Documents/Webprojects/ecommerce-api/vendor/laravel/framework/src/Illuminate/Foundation/Http/Kernel.php(144): Illuminate\\Foundation\\Http\\Kernel->sendRequestThroughRouter(Object(Illuminate\\Http\\Request))
#46 /Users/zawhtetnaung/Documents/Webprojects/ecommerce-api/vendor/laravel/framework/src/Illuminate/Foundation/Application.php(1220): Illuminate\\Foundation\\Http\\Kernel->handle(Object(Illuminate\\Http\\Request))
#47 /Users/zawhtetnaung/Documents/Webprojects/ecommerce-api/public/index.php(20): Illuminate\\Foundation\\Application->handleRequest(Object(Illuminate\\Http\\Request))
#48 /Users/zawhtetnaung/Documents/Webprojects/ecommerce-api/vendor/laravel/framework/src/Illuminate/Foundation/resources/server.php(23): require_once('/Users/zawhtetn...')
#49 {main}

[previous exception] [object] (PDOException(code: HY000): SQLSTATE[HY000]: General error: 1 no such table: sub_categories at /Users/zawhtetnaung/Documents/Webprojects/ecommerce-api/vendor/laravel/framework/src/Illuminate/Database/Connection.php:420)
[stacktrace]
#0 /Users/zawhtetnaung/Documents/Webprojects/ecommerce-api/vendor/laravel/framework/src/Illuminate/Database/Connection.php(420): PDO->prepare('select * from \"...')
#1 /Users/zawhtetnaung/Documents/Webprojects/ecommerce-api/vendor/laravel/framework/src/Illuminate/Database/Connection.php(827): Illuminate\\Database\\Connection->{closure:Illuminate\\Database\\Connection::select():411}('select * from \"...', Array)
#2 /Users/zawhtetnaung/Documents/Webprojects/ecommerce-api/vendor/laravel/framework/src/Illuminate/Database/Connection.php(794): Illuminate\\Database\\Connection->runQueryCallback('select * from \"...', Array, Object(Closure))
#3 /Users/zawhtetnaung/Documents/Webprojects/ecommerce-api/vendor/laravel/framework/src/Illuminate/Database/Connection.php(411): Illuminate\\Database\\Connection->run('select * from \"...', Array, Object(Closure))
#4 /Users/zawhtetnaung/Documents/Webprojects/ecommerce-api/vendor/laravel/framework/src/Illuminate/Database/Query/Builder.php(3389): Illuminate\\Database\\Connection->select('select * from \"...', Array, true)
#5 /Users/zawhtetnaung/Documents/Webprojects/ecommerce-api/vendor/laravel/framework/src/Illuminate/Database/Query/Builder.php(3374): Illuminate\\Database\\Query\\Builder->runSelect()
#6 /Users/zawhtetnaung/Documents/Webprojects/ecommerce-api/vendor/laravel/framework/src/Illuminate/Database/Query/Builder.php(3964): Illuminate\\Database\\Query\\Builder->{closure:Illuminate\\Database\\Query\\Builder::get():3373}()
#7 /Users/zawhtetnaung/Documents/Webprojects/ecommerce-api/vendor/laravel/framework/src/Illuminate/Database/Query/Builder.php(3373): Illuminate\\Database\\Query\\Builder->onceWithColumns(Array, Object(Closure))
#8 /Users/zawhtetnaung/Documents/Webprojects/ecommerce-api/vendor/laravel/framework/src/Illuminate/Database/Eloquent/Builder.php(902): Illuminate\\Database\\Query\\Builder->get(Array)
#9 /Users/zawhtetnaung/Documents/Webprojects/ecommerce-api/vendor/laravel/framework/src/Illuminate/Database/Eloquent/Builder.php(884): Illuminate\\Database\\Eloquent\\Builder->getModels(Array)
#10 /Users/zawhtetnaung/Documents/Webprojects/ecommerce-api/app/Http/Controllers/Api/SubCategoryController.php(20): Illuminate\\Database\\Eloquent\\Builder->get()
#11 /Users/zawhtetnaung/Documents/Webprojects/ecommerce-api/vendor/laravel/framework/src/Illuminate/Routing/ControllerDispatcher.php(46): App\\Http\\Controllers\\Api\\SubCategoryController->index()
#12 /Users/zawhtetnaung/Documents/Webprojects/ecommerce-api/vendor/laravel/framework/src/Illuminate/Routing/Route.php(265): Illuminate\\Routing\\ControllerDispatcher->dispatch(Object(Illuminate\\Routing\\Route), Object(App\\Http\\Controllers\\Api\\SubCategoryController), 'index')
#13 /Users/zawhtetnaung/Documents/Webprojects/ecommerce-api/vendor/laravel/framework/src/Illuminate/Routing/Route.php(211): Illuminate\\Routing\\Route->runController()
#14 /Users/zawhtetnaung/Documents/Webprojects/ecommerce-api/vendor/laravel/framework/src/Illuminate/Routing/Router.php(822): Illuminate\\Routing\\Route->run()
#15 /Users/zawhtetnaung/Documents/Webprojects/ecommerce-api/vendor/laravel/framework/src/Illuminate/Pipeline/Pipeline.php(180): Illuminate\\Routing\\Router->{closure:Illuminate\\Routing\\Router::runRouteWithinStack():821}(Object(Illuminate\\Http\\Request))
#16 /Users/zawhtetnaung/Documents/Webprojects/ecommerce-api/vendor/laravel/framework/src/Illuminate/Routing/Middleware/SubstituteBindings.php(50): Illuminate\\Pipeline\\Pipeline->{closure:Illuminate\\Pipeline\\Pipeline::prepareDestination():178}(Object(Illuminate\\Http\\Request))
#17 /Users/zawhtetnaung/Documents/Webprojects/ecommerce-api/vendor/laravel/framework/src/Illuminate/Pipeline/Pipeline.php(219): Illuminate\\Routing\\Middleware\\SubstituteBindings->handle(Object(Illuminate\\Http\\Request), Object(Closure))
#18 /Users/zawhtetnaung/Documents/Webprojects/ecommerce-api/vendor/laravel/framework/src/Illuminate/Auth/Middleware/Authenticate.php(63): Illuminate\\Pipeline\\Pipeline->{closure:{closure:Illuminate\\Pipeline\\Pipeline::carry():194}:195}(Object(Illuminate\\Http\\Request))
#19 /Users/zawhtetnaung/Documents/Webprojects/ecommerce-api/vendor/laravel/framework/src/Illuminate/Pipeline/Pipeline.php(219): Illuminate\\Auth\\Middleware\\Authenticate->handle(Object(Illuminate\\Http\\Request), Object(Closure), 'sanctum')
#20 /Users/zawhtetnaung/Documents/Webprojects/ecommerce-api/vendor/laravel/framework/src/Illuminate/Pipeline/Pipeline.php(137): Illuminate\\Pipeline\\Pipeline->{closure:{closure:Illuminate\\Pipeline\\Pipeline::carry():194}:195}(Object(Illuminate\\Http\\Request))
#21 /Users/zawhtetnaung/Documents/Webprojects/ecommerce-api/vendor/laravel/framework/src/Illuminate/Routing/Router.php(821): Illuminate\\Pipeline\\Pipeline->then(Object(Closure))
#22 /Users/zawhtetnaung/Documents/Webprojects/ecommerce-api/vendor/laravel/framework/src/Illuminate/Routing/Router.php(800): Illuminate\\Routing\\Router->runRouteWithinStack(Object(Illuminate\\Routing\\Route), Object(Illuminate\\Http\\Request))
#23 /Users/zawhtetnaung/Documents/Webprojects/ecommerce-api/vendor/laravel/framework/src/Illuminate/Routing/Router.php(764): Illuminate\\Routing\\Router->runRoute(Object(Illuminate\\Http\\Request), Object(Illuminate\\Routing\\Route))
#24 /Users/zawhtetnaung/Documents/Webprojects/ecommerce-api/vendor/laravel/framework/src/Illuminate/Routing/Router.php(753): Illuminate\\Routing\\Router->dispatchToRoute(Object(Illuminate\\Http\\Request))
#25 /Users/zawhtetnaung/Documents/Webprojects/ecommerce-api/vendor/laravel/framework/src/Illuminate/Foundation/Http/Kernel.php(200): Illuminate\\Routing\\Router->dispatch(Object(Illuminate\\Http\\Request))
#26 /Users/zawhtetnaung/Documents/Webprojects/ecommerce-api/vendor/laravel/framework/src/Illuminate/Pipeline/Pipeline.php(180): Illuminate\\Foundation\\Http\\Kernel->{closure:Illuminate\\Foundation\\Http\\Kernel::dispatchToRouter():197}(Object(Illuminate\\Http\\Request))
#27 /Users/zawhtetnaung/Documents/Webprojects/ecommerce-api/vendor/laravel/framework/src/Illuminate/Foundation/Http/Middleware/TransformsRequest.php(21): Illuminate\\Pipeline\\Pipeline->{closure:Illuminate\\Pipeline\\Pipeline::prepareDestination():178}(Object(Illuminate\\Http\\Request))
#28 /Users/zawhtetnaung/Documents/Webprojects/ecommerce-api/vendor/laravel/framework/src/Illuminate/Foundation/Http/Middleware/ConvertEmptyStringsToNull.php(31): Illuminate\\Foundation\\Http\\Middleware\\TransformsRequest->handle(Object(Illuminate\\Http\\Request), Object(Closure))
#29 /Users/zawhtetnaung/Documents/Webprojects/ecommerce-api/vendor/laravel/framework/src/Illuminate/Pipeline/Pipeline.php(219): Illuminate\\Foundation\\Http\\Middleware\\ConvertEmptyStringsToNull->handle(Object(Illuminate\\Http\\Request), Object(Closure))
#30 /Users/zawhtetnaung/Documents/Webprojects/ecommerce-api/vendor/laravel/framework/src/Illuminate/Foundation/Http/Middleware/TransformsRequest.php(21): Illuminate\\Pipeline\\Pipeline->{closure:{closure:Illuminate\\Pipeline\\Pipeline::carry():194}:195}(Object(Illuminate\\Http\\Request))
#31 /Users/zawhtetnaung/Documents/Webprojects/ecommerce-api/vendor/laravel/framework/src/Illuminate/Foundation/Http/Middleware/TrimStrings.php(51): Illuminate\\Foundation\\Http\\Middleware\\TransformsRequest->handle(Object(Illuminate\\Http\\Request), Object(Closure))
#32 /Users/zawhtetnaung/Documents/Webprojects/ecommerce-api/vendor/laravel/framework/src/Illuminate/Pipeline/Pipeline.php(219): Illuminate\\Foundation\\Http\\Middleware\\TrimStrings->handle(Object(Illuminate\\Http\\Request), Object(Closure))
#33 /Users/zawhtetnaung/Documents/Webprojects/ecommerce-api/vendor/laravel/framework/src/Illuminate/Http/Middleware/ValidatePostSize.php(27): Illuminate\\Pipeline\\Pipeline->{closure:{closure:Illuminate\\Pipeline\\Pipeline::carry():194}:195}(Object(Illuminate\\Http\\Request))
#34 /Users/zawhtetnaung/Documents/Webprojects/ecommerce-api/vendor/laravel/framework/src/Illuminate/Pipeline/Pipeline.php(219): Illuminate\\Http\\Middleware\\ValidatePostSize->handle(Object(Illuminate\\Http\\Request), Object(Closure))
#35 /Users/zawhtetnaung/Documents/Webprojects/ecommerce-api/vendor/laravel/framework/src/Illuminate/Foundation/Http/Middleware/PreventRequestsDuringMaintenance.php(109): Illuminate\\Pipeline\\Pipeline->{closure:{closure:Illuminate\\Pipeline\\Pipeline::carry():194}:195}(Object(Illuminate\\Http\\Request))
#36 /Users/zawhtetnaung/Documents/Webprojects/ecommerce-api/vendor/laravel/framework/src/Illuminate/Pipeline/Pipeline.php(219): Illuminate\\Foundation\\Http\\Middleware\\PreventRequestsDuringMaintenance->handle(Object(Illuminate\\Http\\Request), Object(Closure))
#37 /Users/zawhtetnaung/Documents/Webprojects/ecommerce-api/vendor/laravel/framework/src/Illuminate/Http/Middleware/HandleCors.php(74): Illuminate\\Pipeline\\Pipeline->{closure:{closure:Illuminate\\Pipeline\\Pipeline::carry():194}:195}(Object(Illuminate\\Http\\Request))
#38 /Users/zawhtetnaung/Documents/Webprojects/ecommerce-api/vendor/laravel/framework/src/Illuminate/Pipeline/Pipeline.php(219): Illuminate\\Http\\Middleware\\HandleCors->handle(Object(Illuminate\\Http\\Request), Object(Closure))
#39 /Users/zawhtetnaung/Documents/Webprojects/ecommerce-api/vendor/laravel/framework/src/Illuminate/Http/Middleware/TrustProxies.php(58): Illuminate\\Pipeline\\Pipeline->{closure:{closure:Illuminate\\Pipeline\\Pipeline::carry():194}:195}(Object(Illuminate\\Http\\Request))
#40 /Users/zawhtetnaung/Documents/Webprojects/ecommerce-api/vendor/laravel/framework/src/Illuminate/Pipeline/Pipeline.php(219): Illuminate\\Http\\Middleware\\TrustProxies->handle(Object(Illuminate\\Http\\Request), Object(Closure))
#41 /Users/zawhtetnaung/Documents/Webprojects/ecommerce-api/vendor/laravel/framework/src/Illuminate/Foundation/Http/Middleware/InvokeDeferredCallbacks.php(22): Illuminate\\Pipeline\\Pipeline->{closure:{closure:Illuminate\\Pipeline\\Pipeline::carry():194}:195}(Object(Illuminate\\Http\\Request))
#42 /Users/zawhtetnaung/Documents/Webprojects/ecommerce-api/vendor/laravel/framework/src/Illuminate/Pipeline/Pipeline.php(219): Illuminate\\Foundation\\Http\\Middleware\\InvokeDeferredCallbacks->handle(Object(Illuminate\\Http\\Request), Object(Closure))
#43 /Users/zawhtetnaung/Documents/Webprojects/ecommerce-api/vendor/laravel/framework/src/Illuminate/Http/Middleware/ValidatePathEncoding.php(26): Illuminate\\Pipeline\\Pipeline->{closure:{closure:Illuminate\\Pipeline\\Pipeline::carry():194}:195}(Object(Illuminate\\Http\\Request))
#44 /Users/zawhtetnaung/Documents/Webprojects/ecommerce-api/vendor/laravel/framework/src/Illuminate/Pipeline/Pipeline.php(219): Illuminate\\Http\\Middleware\\ValidatePathEncoding->handle(Object(Illuminate\\Http\\Request), Object(Closure))
#45 /Users/zawhtetnaung/Documents/Webprojects/ecommerce-api/vendor/laravel/framework/src/Illuminate/Pipeline/Pipeline.php(137): Illuminate\\Pipeline\\Pipeline->{closure:{closure:Illuminate\\Pipeline\\Pipeline::carry():194}:195}(Object(Illuminate\\Http\\Request))
#46 /Users/zawhtetnaung/Documents/Webprojects/ecommerce-api/vendor/laravel/framework/src/Illuminate/Foundation/Http/Kernel.php(175): Illuminate\\Pipeline\\Pipeline->then(Object(Closure))
#47 /Users/zawhtetnaung/Documents/Webprojects/ecommerce-api/vendor/laravel/framework/src/Illuminate/Foundation/Http/Kernel.php(144): Illuminate\\Foundation\\Http\\Kernel->sendRequestThroughRouter(Object(Illuminate\\Http\\Request))
#48 /Users/zawhtetnaung/Documents/Webprojects/ecommerce-api/vendor/laravel/framework/src/Illuminate/Foundation/Application.php(1220): Illuminate\\Foundation\\Http\\Kernel->handle(Object(Illuminate\\Http\\Request))
#49 /Users/zawhtetnaung/Documents/Webprojects/ecommerce-api/public/index.php(20): Illuminate\\Foundation\\Application->handleRequest(Object(Illuminate\\Http\\Request))
#50 /Users/zawhtetnaung/Documents/Webprojects/ecommerce-api/vendor/laravel/framework/src/Illuminate/Foundation/resources/server.php(23): require_once('/Users/zawhtetn...')
#51 {main}
"} 
[2026-02-04 14:38:30] local.ERROR: SQLSTATE[HY000]: General error: 1 no such table: sub_categories (Connection: sqlite, Database: /Users/zawhtetnaung/Documents/Webprojects/ecommerce-api/database/database.sqlite, SQL: select * from "sub_categories" order by "created_at" desc) {"userId":2,"exception":"[object] (Illuminate\\Database\\QueryException(code: HY000): SQLSTATE[HY000]: General error: 1 no such table: sub_categories (Connection: sqlite, Database: /Users/zawhtetnaung/Documents/Webprojects/ecommerce-api/database/database.sqlite, SQL: select * from \"sub_categories\" order by \"created_at\" desc) at /Users/zawhtetnaung/Documents/Webprojects/ecommerce-api/vendor/laravel/framework/src/Illuminate/Database/Connection.php:838)
[stacktrace]
#0 /Users/zawhtetnaung/Documents/Webprojects/ecommerce-api/vendor/laravel/framework/src/Illuminate/Database/Connection.php(794): Illuminate\\Database\\Connection->runQueryCallback('select * from \"...', Array, Object(Closure))
#1 /Users/zawhtetnaung/Documents/Webprojects/ecommerce-api/vendor/laravel/framework/src/Illuminate/Database/Connection.php(411): Illuminate\\Database\\Connection->run('select * from \"...', Array, Object(Closure))
#2 /Users/zawhtetnaung/Documents/Webprojects/ecommerce-api/vendor/laravel/framework/src/Illuminate/Database/Query/Builder.php(3389): Illuminate\\Database\\Connection->select('select * from \"...', Array, true)
#3 /Users/zawhtetnaung/Documents/Webprojects/ecommerce-api/vendor/laravel/framework/src/Illuminate/Database/Query/Builder.php(3374): Illuminate\\Database\\Query\\Builder->runSelect()
#4 /Users/zawhtetnaung/Documents/Webprojects/ecommerce-api/vendor/laravel/framework/src/Illuminate/Database/Query/Builder.php(3964): Illuminate\\Database\\Query\\Builder->{closure:Illuminate\\Database\\Query\\Builder::get():3373}()
#5 /Users/zawhtetnaung/Documents/Webprojects/ecommerce-api/vendor/laravel/framework/src/Illuminate/Database/Query/Builder.php(3373): Illuminate\\Database\\Query\\Builder->onceWithColumns(Array, Object(Closure))
#6 /Users/zawhtetnaung/Documents/Webprojects/ecommerce-api/vendor/laravel/framework/src/Illuminate/Database/Eloquent/Builder.php(902): Illuminate\\Database\\Query\\Builder->get(Array)
#7 /Users/zawhtetnaung/Documents/Webprojects/ecommerce-api/vendor/laravel/framework/src/Illuminate/Database/Eloquent/Builder.php(884): Illuminate\\Database\\Eloquent\\Builder->getModels(Array)
#8 /Users/zawhtetnaung/Documents/Webprojects/ecommerce-api/app/Http/Controllers/Api/SubCategoryController.php(20): Illuminate\\Database\\Eloquent\\Builder->get()
#9 /Users/zawhtetnaung/Documents/Webprojects/ecommerce-api/vendor/laravel/framework/src/Illuminate/Routing/ControllerDispatcher.php(46): App\\Http\\Controllers\\Api\\SubCategoryController->index()
#10 /Users/zawhtetnaung/Documents/Webprojects/ecommerce-api/vendor/laravel/framework/src/Illuminate/Routing/Route.php(265): Illuminate\\Routing\\ControllerDispatcher->dispatch(Object(Illuminate\\Routing\\Route), Object(App\\Http\\Controllers\\Api\\SubCategoryController), 'index')
#11 /Users/zawhtetnaung/Documents/Webprojects/ecommerce-api/vendor/laravel/framework/src/Illuminate/Routing/Route.php(211): Illuminate\\Routing\\Route->runController()
#12 /Users/zawhtetnaung/Documents/Webprojects/ecommerce-api/vendor/laravel/framework/src/Illuminate/Routing/Router.php(822): Illuminate\\Routing\\Route->run()
#13 /Users/zawhtetnaung/Documents/Webprojects/ecommerce-api/vendor/laravel/framework/src/Illuminate/Pipeline/Pipeline.php(180): Illuminate\\Routing\\Router->{closure:Illuminate\\Routing\\Router::runRouteWithinStack():821}(Object(Illuminate\\Http\\Request))
#14 /Users/zawhtetnaung/Documents/Webprojects/ecommerce-api/vendor/laravel/framework/src/Illuminate/Routing/Middleware/SubstituteBindings.php(50): Illuminate\\Pipeline\\Pipeline->{closure:Illuminate\\Pipeline\\Pipeline::prepareDestination():178}(Object(Illuminate\\Http\\Request))
#15 /Users/zawhtetnaung/Documents/Webprojects/ecommerce-api/vendor/laravel/framework/src/Illuminate/Pipeline/Pipeline.php(219): Illuminate\\Routing\\Middleware\\SubstituteBindings->handle(Object(Illuminate\\Http\\Request), Object(Closure))
#16 /Users/zawhtetnaung/Documents/Webprojects/ecommerce-api/vendor/laravel/framework/src/Illuminate/Auth/Middleware/Authenticate.php(63): Illuminate\\Pipeline\\Pipeline->{closure:{closure:Illuminate\\Pipeline\\Pipeline::carry():194}:195}(Object(Illuminate\\Http\\Request))
#17 /Users/zawhtetnaung/Documents/Webprojects/ecommerce-api/vendor/laravel/framework/src/Illuminate/Pipeline/Pipeline.php(219): Illuminate\\Auth\\Middleware\\Authenticate->handle(Object(Illuminate\\Http\\Request), Object(Closure), 'sanctum')
#18 /Users/zawhtetnaung/Documents/Webprojects/ecommerce-api/vendor/laravel/framework/src/Illuminate/Pipeline/Pipeline.php(137): Illuminate\\Pipeline\\Pipeline->{closure:{closure:Illuminate\\Pipeline\\Pipeline::carry():194}:195}(Object(Illuminate\\Http\\Request))
#19 /Users/zawhtetnaung/Documents/Webprojects/ecommerce-api/vendor/laravel/framework/src/Illuminate/Routing/Router.php(821): Illuminate\\Pipeline\\Pipeline->then(Object(Closure))
#20 /Users/zawhtetnaung/Documents/Webprojects/ecommerce-api/vendor/laravel/framework/src/Illuminate/Routing/Router.php(800): Illuminate\\Routing\\Router->runRouteWithinStack(Object(Illuminate\\Routing\\Route), Object(Illuminate\\Http\\Request))
#21 /Users/zawhtetnaung/Documents/Webprojects/ecommerce-api/vendor/laravel/framework/src/Illuminate/Routing/Router.php(764): Illuminate\\Routing\\Router->runRoute(Object(Illuminate\\Http\\Request), Object(Illuminate\\Routing\\Route))
#22 /Users/zawhtetnaung/Documents/Webprojects/ecommerce-api/vendor/laravel/framework/src/Illuminate/Routing/Router.php(753): Illuminate\\Routing\\Router->dispatchToRoute(Object(Illuminate\\Http\\Request))
#23 /Users/zawhtetnaung/Documents/Webprojects/ecommerce-api/vendor/laravel/framework/src/Illuminate/Foundation/Http/Kernel.php(200): Illuminate\\Routing\\Router->dispatch(Object(Illuminate\\Http\\Request))
#24 /Users/zawhtetnaung/Documents/Webprojects/ecommerce-api/vendor/laravel/framework/src/Illuminate/Pipeline/Pipeline.php(180): Illuminate\\Foundation\\Http\\Kernel->{closure:Illuminate\\Foundation\\Http\\Kernel::dispatchToRouter():197}(Object(Illuminate\\Http\\Request))
#25 /Users/zawhtetnaung/Documents/Webprojects/ecommerce-api/vendor/laravel/framework/src/Illuminate/Foundation/Http/Middleware/TransformsRequest.php(21): Illuminate\\Pipeline\\Pipeline->{closure:Illuminate\\Pipeline\\Pipeline::prepareDestination():178}(Object(Illuminate\\Http\\Request))
#26 /Users/zawhtetnaung/Documents/Webprojects/ecommerce-api/vendor/laravel/framework/src/Illuminate/Foundation/Http/Middleware/ConvertEmptyStringsToNull.php(31): Illuminate\\Foundation\\Http\\Middleware\\TransformsRequest->handle(Object(Illuminate\\Http\\Request), Object(Closure))
#27 /Users/zawhtetnaung/Documents/Webprojects/ecommerce-api/vendor/laravel/framework/src/Illuminate/Pipeline/Pipeline.php(219): Illuminate\\Foundation\\Http\\Middleware\\ConvertEmptyStringsToNull->handle(Object(Illuminate\\Http\\Request), Object(Closure))
#28 /Users/zawhtetnaung/Documents/Webprojects/ecommerce-api/vendor/laravel/framework/src/Illuminate/Foundation/Http/Middleware/TransformsRequest.php(21): Illuminate\\Pipeline\\Pipeline->{closure:{closure:Illuminate\\Pipeline\\Pipeline::carry():194}:195}(Object(Illuminate\\Http\\Request))
#29 /Users/zawhtetnaung/Documents/Webprojects/ecommerce-api/vendor/laravel/framework/src/Illuminate/Foundation/Http/Middleware/TrimStrings.php(51): Illuminate\\Foundation\\Http\\Middleware\\TransformsRequest->handle(Object(Illuminate\\Http\\Request), Object(Closure))
#30 /Users/zawhtetnaung/Documents/Webprojects/ecommerce-api/vendor/laravel/framework/src/Illuminate/Pipeline/Pipeline.php(219): Illuminate\\Foundation\\Http\\Middleware\\TrimStrings->handle(Object(Illuminate\\Http\\Request), Object(Closure))
#31 /Users/zawhtetnaung/Documents/Webprojects/ecommerce-api/vendor/laravel/framework/src/Illuminate/Http/Middleware/ValidatePostSize.php(27): Illuminate\\Pipeline\\Pipeline->{closure:{closure:Illuminate\\Pipeline\\Pipeline::carry():194}:195}(Object(Illuminate\\Http\\Request))
#32 /Users/zawhtetnaung/Documents/Webprojects/ecommerce-api/vendor/laravel/framework/src/Illuminate/Pipeline/Pipeline.php(219): Illuminate\\Http\\Middleware\\ValidatePostSize->handle(Object(Illuminate\\Http\\Request), Object(Closure))
#33 /Users/zawhtetnaung/Documents/Webprojects/ecommerce-api/vendor/laravel/framework/src/Illuminate/Foundation/Http/Middleware/PreventRequestsDuringMaintenance.php(109): Illuminate\\Pipeline\\Pipeline->{closure:{closure:Illuminate\\Pipeline\\Pipeline::carry():194}:195}(Object(Illuminate\\Http\\Request))
#34 /Users/zawhtetnaung/Documents/Webprojects/ecommerce-api/vendor/laravel/framework/src/Illuminate/Pipeline/Pipeline.php(219): Illuminate\\Foundation\\Http\\Middleware\\PreventRequestsDuringMaintenance->handle(Object(Illuminate\\Http\\Request), Object(Closure))
#35 /Users/zawhtetnaung/Documents/Webprojects/ecommerce-api/vendor/laravel/framework/src/Illuminate/Http/Middleware/HandleCors.php(74): Illuminate\\Pipeline\\Pipeline->{closure:{closure:Illuminate\\Pipeline\\Pipeline::carry():194}:195}(Object(Illuminate\\Http\\Request))
#36 /Users/zawhtetnaung/Documents/Webprojects/ecommerce-api/vendor/laravel/framework/src/Illuminate/Pipeline/Pipeline.php(219): Illuminate\\Http\\Middleware\\HandleCors->handle(Object(Illuminate\\Http\\Request), Object(Closure))
#37 /Users/zawhtetnaung/Documents/Webprojects/ecommerce-api/vendor/laravel/framework/src/Illuminate/Http/Middleware/TrustProxies.php(58): Illuminate\\Pipeline\\Pipeline->{closure:{closure:Illuminate\\Pipeline\\Pipeline::carry():194}:195}(Object(Illuminate\\Http\\Request))
#38 /Users/zawhtetnaung/Documents/Webprojects/ecommerce-api/vendor/laravel/framework/src/Illuminate/Pipeline/Pipeline.php(219): Illuminate\\Http\\Middleware\\TrustProxies->handle(Object(Illuminate\\Http\\Request), Object(Closure))
#39 /Users/zawhtetnaung/Documents/Webprojects/ecommerce-api/vendor/laravel/framework/src/Illuminate/Foundation/Http/Middleware/InvokeDeferredCallbacks.php(22): Illuminate\\Pipeline\\Pipeline->{closure:{closure:Illuminate\\Pipeline\\Pipeline::carry():194}:195}(Object(Illuminate\\Http\\Request))
#40 /Users/zawhtetnaung/Documents/Webprojects/ecommerce-api/vendor/laravel/framework/src/Illuminate/Pipeline/Pipeline.php(219): Illuminate\\Foundation\\Http\\Middleware\\InvokeDeferredCallbacks->handle(Object(Illuminate\\Http\\Request), Object(Closure))
#41 /Users/zawhtetnaung/Documents/Webprojects/ecommerce-api/vendor/laravel/framework/src/Illuminate/Http/Middleware/ValidatePathEncoding.php(26): Illuminate\\Pipeline\\Pipeline->{closure:{closure:Illuminate\\Pipeline\\Pipeline::carry():194}:195}(Object(Illuminate\\Http\\Request))
#42 /Users/zawhtetnaung/Documents/Webprojects/ecommerce-api/vendor/laravel/framework/src/Illuminate/Pipeline/Pipeline.php(219): Illuminate\\Http\\Middleware\\ValidatePathEncoding->handle(Object(Illuminate\\Http\\Request), Object(Closure))
#43 /Users/zawhtetnaung/Documents/Webprojects/ecommerce-api/vendor/laravel/framework/src/Illuminate/Pipeline/Pipeline.php(137): Illuminate\\Pipeline\\Pipeline->{closure:{closure:Illuminate\\Pipeline\\Pipeline::carry():194}:195}(Object(Illuminate\\Http\\Request))
#44 /Users/zawhtetnaung/Documents/Webprojects/ecommerce-api/vendor/laravel/framework/src/Illuminate/Foundation/Http/Kernel.php(175): Illuminate\\Pipeline\\Pipeline->then(Object(Closure))
#45 /Users/zawhtetnaung/Documents/Webprojects/ecommerce-api/vendor/laravel/framework/src/Illuminate/Foundation/Http/Kernel.php(144): Illuminate\\Foundation\\Http\\Kernel->sendRequestThroughRouter(Object(Illuminate\\Http\\Request))
#46 /Users/zawhtetnaung/Documents/Webprojects/ecommerce-api/vendor/laravel/framework/src/Illuminate/Foundation/Application.php(1220): Illuminate\\Foundation\\Http\\Kernel->handle(Object(Illuminate\\Http\\Request))
#47 /Users/zawhtetnaung/Documents/Webprojects/ecommerce-api/public/index.php(20): Illuminate\\Foundation\\Application->handleRequest(Object(Illuminate\\Http\\Request))
#48 /Users/zawhtetnaung/Documents/Webprojects/ecommerce-api/vendor/laravel/framework/src/Illuminate/Foundation/resources/server.php(23): require_once('/Users/zawhtetn...')
#49 {main}

[previous exception] [object] (PDOException(code: HY000): SQLSTATE[HY000]: General error: 1 no such table: sub_categories at /Users/zawhtetnaung/Documents/Webprojects/ecommerce-api/vendor/laravel/framework/src/Illuminate/Database/Connection.php:420)
[stacktrace]
#0 /Users/zawhtetnaung/Documents/Webprojects/ecommerce-api/vendor/laravel/framework/src/Illuminate/Database/Connection.php(420): PDO->prepare('select * from \"...')
#1 /Users/zawhtetnaung/Documents/Webprojects/ecommerce-api/vendor/laravel/framework/src/Illuminate/Database/Connection.php(827): Illuminate\\Database\\Connection->{closure:Illuminate\\Database\\Connection::select():411}('select * from \"...', Array)
#2 /Users/zawhtetnaung/Documents/Webprojects/ecommerce-api/vendor/laravel/framework/src/Illuminate/Database/Connection.php(794): Illuminate\\Database\\Connection->runQueryCallback('select * from \"...', Array, Object(Closure))
#3 /Users/zawhtetnaung/Documents/Webprojects/ecommerce-api/vendor/laravel/framework/src/Illuminate/Database/Connection.php(411): Illuminate\\Database\\Connection->run('select * from \"...', Array, Object(Closure))
#4 /Users/zawhtetnaung/Documents/Webprojects/ecommerce-api/vendor/laravel/framework/src/Illuminate/Database/Query/Builder.php(3389): Illuminate\\Database\\Connection->select('select * from \"...', Array, true)
#5 /Users/zawhtetnaung/Documents/Webprojects/ecommerce-api/vendor/laravel/framework/src/Illuminate/Database/Query/Builder.php(3374): Illuminate\\Database\\Query\\Builder->runSelect()
#6 /Users/zawhtetnaung/Documents/Webprojects/ecommerce-api/vendor/laravel/framework/src/Illuminate/Database/Query/Builder.php(3964): Illuminate\\Database\\Query\\Builder->{closure:Illuminate\\Database\\Query\\Builder::get():3373}()
#7 /Users/zawhtetnaung/Documents/Webprojects/ecommerce-api/vendor/laravel/framework/src/Illuminate/Database/Query/Builder.php(3373): Illuminate\\Database\\Query\\Builder->onceWithColumns(Array, Object(Closure))
#8 /Users/zawhtetnaung/Documents/Webprojects/ecommerce-api/vendor/laravel/framework/src/Illuminate/Database/Eloquent/Builder.php(902): Illuminate\\Database\\Query\\Builder->get(Array)
#9 /Users/zawhtetnaung/Documents/Webprojects/ecommerce-api/vendor/laravel/framework/src/Illuminate/Database/Eloquent/Builder.php(884): Illuminate\\Database\\Eloquent\\Builder->getModels(Array)
#10 /Users/zawhtetnaung/Documents/Webprojects/ecommerce-api/app/Http/Controllers/Api/SubCategoryController.php(20): Illuminate\\Database\\Eloquent\\Builder->get()
#11 /Users/zawhtetnaung/Documents/Webprojects/ecommerce-api/vendor/laravel/framework/src/Illuminate/Routing/ControllerDispatcher.php(46): App\\Http\\Controllers\\Api\\SubCategoryController->index()
#12 /Users/zawhtetnaung/Documents/Webprojects/ecommerce-api/vendor/laravel/framework/src/Illuminate/Routing/Route.php(265): Illuminate\\Routing\\ControllerDispatcher->dispatch(Object(Illuminate\\Routing\\Route), Object(App\\Http\\Controllers\\Api\\SubCategoryController), 'index')
#13 /Users/zawhtetnaung/Documents/Webprojects/ecommerce-api/vendor/laravel/framework/src/Illuminate/Routing/Route.php(211): Illuminate\\Routing\\Route->runController()
#14 /Users/zawhtetnaung/Documents/Webprojects/ecommerce-api/vendor/laravel/framework/src/Illuminate/Routing/Router.php(822): Illuminate\\Routing\\Route->run()
#15 /Users/zawhtetnaung/Documents/Webprojects/ecommerce-api/vendor/laravel/framework/src/Illuminate/Pipeline/Pipeline.php(180): Illuminate\\Routing\\Router->{closure:Illuminate\\Routing\\Router::runRouteWithinStack():821}(Object(Illuminate\\Http\\Request))
#16 /Users/zawhtetnaung/Documents/Webprojects/ecommerce-api/vendor/laravel/framework/src/Illuminate/Routing/Middleware/SubstituteBindings.php(50): Illuminate\\Pipeline\\Pipeline->{closure:Illuminate\\Pipeline\\Pipeline::prepareDestination():178}(Object(Illuminate\\Http\\Request))
#17 /Users/zawhtetnaung/Documents/Webprojects/ecommerce-api/vendor/laravel/framework/src/Illuminate/Pipeline/Pipeline.php(219): Illuminate\\Routing\\Middleware\\SubstituteBindings->handle(Object(Illuminate\\Http\\Request), Object(Closure))
#18 /Users/zawhtetnaung/Documents/Webprojects/ecommerce-api/vendor/laravel/framework/src/Illuminate/Auth/Middleware/Authenticate.php(63): Illuminate\\Pipeline\\Pipeline->{closure:{closure:Illuminate\\Pipeline\\Pipeline::carry():194}:195}(Object(Illuminate\\Http\\Request))
#19 /Users/zawhtetnaung/Documents/Webprojects/ecommerce-api/vendor/laravel/framework/src/Illuminate/Pipeline/Pipeline.php(219): Illuminate\\Auth\\Middleware\\Authenticate->handle(Object(Illuminate\\Http\\Request), Object(Closure), 'sanctum')
#20 /Users/zawhtetnaung/Documents/Webprojects/ecommerce-api/vendor/laravel/framework/src/Illuminate/Pipeline/Pipeline.php(137): Illuminate\\Pipeline\\Pipeline->{closure:{closure:Illuminate\\Pipeline\\Pipeline::carry():194}:195}(Object(Illuminate\\Http\\Request))
#21 /Users/zawhtetnaung/Documents/Webprojects/ecommerce-api/vendor/laravel/framework/src/Illuminate/Routing/Router.php(821): Illuminate\\Pipeline\\Pipeline->then(Object(Closure))
#22 /Users/zawhtetnaung/Documents/Webprojects/ecommerce-api/vendor/laravel/framework/src/Illuminate/Routing/Router.php(800): Illuminate\\Routing\\Router->runRouteWithinStack(Object(Illuminate\\Routing\\Route), Object(Illuminate\\Http\\Request))
#23 /Users/zawhtetnaung/Documents/Webprojects/ecommerce-api/vendor/laravel/framework/src/Illuminate/Routing/Router.php(764): Illuminate\\Routing\\Router->runRoute(Object(Illuminate\\Http\\Request), Object(Illuminate\\Routing\\Route))
#24 /Users/zawhtetnaung/Documents/Webprojects/ecommerce-api/vendor/laravel/framework/src/Illuminate/Routing/Router.php(753): Illuminate\\Routing\\Router->dispatchToRoute(Object(Illuminate\\Http\\Request))
#25 /Users/zawhtetnaung/Documents/Webprojects/ecommerce-api/vendor/laravel/framework/src/Illuminate/Foundation/Http/Kernel.php(200): Illuminate\\Routing\\Router->dispatch(Object(Illuminate\\Http\\Request))
#26 /Users/zawhtetnaung/Documents/Webprojects/ecommerce-api/vendor/laravel/framework/src/Illuminate/Pipeline/Pipeline.php(180): Illuminate\\Foundation\\Http\\Kernel->{closure:Illuminate\\Foundation\\Http\\Kernel::dispatchToRouter():197}(Object(Illuminate\\Http\\Request))
#27 /Users/zawhtetnaung/Documents/Webprojects/ecommerce-api/vendor/laravel/framework/src/Illuminate/Foundation/Http/Middleware/TransformsRequest.php(21): Illuminate\\Pipeline\\Pipeline->{closure:Illuminate\\Pipeline\\Pipeline::prepareDestination():178}(Object(Illuminate\\Http\\Request))
#28 /Users/zawhtetnaung/Documents/Webprojects/ecommerce-api/vendor/laravel/framework/src/Illuminate/Foundation/Http/Middleware/ConvertEmptyStringsToNull.php(31): Illuminate\\Foundation\\Http\\Middleware\\TransformsRequest->handle(Object(Illuminate\\Http\\Request), Object(Closure))
#29 /Users/zawhtetnaung/Documents/Webprojects/ecommerce-api/vendor/laravel/framework/src/Illuminate/Pipeline/Pipeline.php(219): Illuminate\\Foundation\\Http\\Middleware\\ConvertEmptyStringsToNull->handle(Object(Illuminate\\Http\\Request), Object(Closure))
#30 /Users/zawhtetnaung/Documents/Webprojects/ecommerce-api/vendor/laravel/framework/src/Illuminate/Foundation/Http/Middleware/TransformsRequest.php(21): Illuminate\\Pipeline\\Pipeline->{closure:{closure:Illuminate\\Pipeline\\Pipeline::carry():194}:195}(Object(Illuminate\\Http\\Request))
#31 /Users/zawhtetnaung/Documents/Webprojects/ecommerce-api/vendor/laravel/framework/src/Illuminate/Foundation/Http/Middleware/TrimStrings.php(51): Illuminate\\Foundation\\Http\\Middleware\\TransformsRequest->handle(Object(Illuminate\\Http\\Request), Object(Closure))
#32 /Users/zawhtetnaung/Documents/Webprojects/ecommerce-api/vendor/laravel/framework/src/Illuminate/Pipeline/Pipeline.php(219): Illuminate\\Foundation\\Http\\Middleware\\TrimStrings->handle(Object(Illuminate\\Http\\Request), Object(Closure))
#33 /Users/zawhtetnaung/Documents/Webprojects/ecommerce-api/vendor/laravel/framework/src/Illuminate/Http/Middleware/ValidatePostSize.php(27): Illuminate\\Pipeline\\Pipeline->{closure:{closure:Illuminate\\Pipeline\\Pipeline::carry():194}:195}(Object(Illuminate\\Http\\Request))
#34 /Users/zawhtetnaung/Documents/Webprojects/ecommerce-api/vendor/laravel/framework/src/Illuminate/Pipeline/Pipeline.php(219): Illuminate\\Http\\Middleware\\ValidatePostSize->handle(Object(Illuminate\\Http\\Request), Object(Closure))
#35 /Users/zawhtetnaung/Documents/Webprojects/ecommerce-api/vendor/laravel/framework/src/Illuminate/Foundation/Http/Middleware/PreventRequestsDuringMaintenance.php(109): Illuminate\\Pipeline\\Pipeline->{closure:{closure:Illuminate\\Pipeline\\Pipeline::carry():194}:195}(Object(Illuminate\\Http\\Request))
#36 /Users/zawhtetnaung/Documents/Webprojects/ecommerce-api/vendor/laravel/framework/src/Illuminate/Pipeline/Pipeline.php(219): Illuminate\\Foundation\\Http\\Middleware\\PreventRequestsDuringMaintenance->handle(Object(Illuminate\\Http\\Request), Object(Closure))
#37 /Users/zawhtetnaung/Documents/Webprojects/ecommerce-api/vendor/laravel/framework/src/Illuminate/Http/Middleware/HandleCors.php(74): Illuminate\\Pipeline\\Pipeline->{closure:{closure:Illuminate\\Pipeline\\Pipeline::carry():194}:195}(Object(Illuminate\\Http\\Request))
#38 /Users/zawhtetnaung/Documents/Webprojects/ecommerce-api/vendor/laravel/framework/src/Illuminate/Pipeline/Pipeline.php(219): Illuminate\\Http\\Middleware\\HandleCors->handle(Object(Illuminate\\Http\\Request), Object(Closure))
#39 /Users/zawhtetnaung/Documents/Webprojects/ecommerce-api/vendor/laravel/framework/src/Illuminate/Http/Middleware/TrustProxies.php(58): Illuminate\\Pipeline\\Pipeline->{closure:{closure:Illuminate\\Pipeline\\Pipeline::carry():194}:195}(Object(Illuminate\\Http\\Request))
#40 /Users/zawhtetnaung/Documents/Webprojects/ecommerce-api/vendor/laravel/framework/src/Illuminate/Pipeline/Pipeline.php(219): Illuminate\\Http\\Middleware\\TrustProxies->handle(Object(Illuminate\\Http\\Request), Object(Closure))
#41 /Users/zawhtetnaung/Documents/Webprojects/ecommerce-api/vendor/laravel/framework/src/Illuminate/Foundation/Http/Middleware/InvokeDeferredCallbacks.php(22): Illuminate\\Pipeline\\Pipeline->{closure:{closure:Illuminate\\Pipeline\\Pipeline::carry():194}:195}(Object(Illuminate\\Http\\Request))
#42 /Users/zawhtetnaung/Documents/Webprojects/ecommerce-api/vendor/laravel/framework/src/Illuminate/Pipeline/Pipeline.php(219): Illuminate\\Foundation\\Http\\Middleware\\InvokeDeferredCallbacks->handle(Object(Illuminate\\Http\\Request), Object(Closure))
#43 /Users/zawhtetnaung/Documents/Webprojects/ecommerce-api/vendor/laravel/framework/src/Illuminate/Http/Middleware/ValidatePathEncoding.php(26): Illuminate\\Pipeline\\Pipeline->{closure:{closure:Illuminate\\Pipeline\\Pipeline::carry():194}:195}(Object(Illuminate\\Http\\Request))
#44 /Users/zawhtetnaung/Documents/Webprojects/ecommerce-api/vendor/laravel/framework/src/Illuminate/Pipeline/Pipeline.php(219): Illuminate\\Http\\Middleware\\ValidatePathEncoding->handle(Object(Illuminate\\Http\\Request), Object(Closure))
#45 /Users/zawhtetnaung/Documents/Webprojects/ecommerce-api/vendor/laravel/framework/src/Illuminate/Pipeline/Pipeline.php(137): Illuminate\\Pipeline\\Pipeline->{closure:{closure:Illuminate\\Pipeline\\Pipeline::carry():194}:195}(Object(Illuminate\\Http\\Request))
#46 /Users/zawhtetnaung/Documents/Webprojects/ecommerce-api/vendor/laravel/framework/src/Illuminate/Foundation/Http/Kernel.php(175): Illuminate\\Pipeline\\Pipeline->then(Object(Closure))
#47 /Users/zawhtetnaung/Documents/Webprojects/ecommerce-api/vendor/laravel/framework/src/Illuminate/Foundation/Http/Kernel.php(144): Illuminate\\Foundation\\Http\\Kernel->sendRequestThroughRouter(Object(Illuminate\\Http\\Request))
#48 /Users/zawhtetnaung/Documents/Webprojects/ecommerce-api/vendor/laravel/framework/src/Illuminate/Foundation/Application.php(1220): Illuminate\\Foundation\\Http\\Kernel->handle(Object(Illuminate\\Http\\Request))
#49 /Users/zawhtetnaung/Documents/Webprojects/ecommerce-api/public/index.php(20): Illuminate\\Foundation\\Application->handleRequest(Object(Illuminate\\Http\\Request))
#50 /Users/zawhtetnaung/Documents/Webprojects/ecommerce-api/vendor/laravel/framework/src/Illuminate/Foundation/resources/server.php(23): require_once('/Users/zawhtetn...')
#51 {main}
"} 
[2026-02-04 14:39:11] local.ERROR: SQLSTATE[HY000]: General error: 1 no such table: sub_categories (Connection: sqlite, Database: /Users/zawhtetnaung/Documents/Webprojects/ecommerce-api/database/database.sqlite, SQL: select * from "sub_categories" order by "created_at" desc) {"userId":2,"exception":"[object] (Illuminate\\Database\\QueryException(code: HY000): SQLSTATE[HY000]: General error: 1 no such table: sub_categories (Connection: sqlite, Database: /Users/zawhtetnaung/Documents/Webprojects/ecommerce-api/database/database.sqlite, SQL: select * from \"sub_categories\" order by \"created_at\" desc) at /Users/zawhtetnaung/Documents/Webprojects/ecommerce-api/vendor/laravel/framework/src/Illuminate/Database/Connection.php:838)
[stacktrace]
#0 /Users/zawhtetnaung/Documents/Webprojects/ecommerce-api/vendor/laravel/framework/src/Illuminate/Database/Connection.php(794): Illuminate\\Database\\Connection->runQueryCallback('select * from \"...', Array, Object(Closure))
#1 /Users/zawhtetnaung/Documents/Webprojects/ecommerce-api/vendor/laravel/framework/src/Illuminate/Database/Connection.php(411): Illuminate\\Database\\Connection->run('select * from \"...', Array, Object(Closure))
#2 /Users/zawhtetnaung/Documents/Webprojects/ecommerce-api/vendor/laravel/framework/src/Illuminate/Database/Query/Builder.php(3389): Illuminate\\Database\\Connection->select('select * from \"...', Array, true)
#3 /Users/zawhtetnaung/Documents/Webprojects/ecommerce-api/vendor/laravel/framework/src/Illuminate/Database/Query/Builder.php(3374): Illuminate\\Database\\Query\\Builder->runSelect()
#4 /Users/zawhtetnaung/Documents/Webprojects/ecommerce-api/vendor/laravel/framework/src/Illuminate/Database/Query/Builder.php(3964): Illuminate\\Database\\Query\\Builder->{closure:Illuminate\\Database\\Query\\Builder::get():3373}()
#5 /Users/zawhtetnaung/Documents/Webprojects/ecommerce-api/vendor/laravel/framework/src/Illuminate/Database/Query/Builder.php(3373): Illuminate\\Database\\Query\\Builder->onceWithColumns(Array, Object(Closure))
#6 /Users/zawhtetnaung/Documents/Webprojects/ecommerce-api/vendor/laravel/framework/src/Illuminate/Database/Eloquent/Builder.php(902): Illuminate\\Database\\Query\\Builder->get(Array)
#7 /Users/zawhtetnaung/Documents/Webprojects/ecommerce-api/vendor/laravel/framework/src/Illuminate/Database/Eloquent/Builder.php(884): Illuminate\\Database\\Eloquent\\Builder->getModels(Array)
#8 /Users/zawhtetnaung/Documents/Webprojects/ecommerce-api/app/Http/Controllers/Api/SubCategoryController.php(20): Illuminate\\Database\\Eloquent\\Builder->get()
#9 /Users/zawhtetnaung/Documents/Webprojects/ecommerce-api/vendor/laravel/framework/src/Illuminate/Routing/ControllerDispatcher.php(46): App\\Http\\Controllers\\Api\\SubCategoryController->index()
#10 /Users/zawhtetnaung/Documents/Webprojects/ecommerce-api/vendor/laravel/framework/src/Illuminate/Routing/Route.php(265): Illuminate\\Routing\\ControllerDispatcher->dispatch(Object(Illuminate\\Routing\\Route), Object(App\\Http\\Controllers\\Api\\SubCategoryController), 'index')
#11 /Users/zawhtetnaung/Documents/Webprojects/ecommerce-api/vendor/laravel/framework/src/Illuminate/Routing/Route.php(211): Illuminate\\Routing\\Route->runController()
#12 /Users/zawhtetnaung/Documents/Webprojects/ecommerce-api/vendor/laravel/framework/src/Illuminate/Routing/Router.php(822): Illuminate\\Routing\\Route->run()
#13 /Users/zawhtetnaung/Documents/Webprojects/ecommerce-api/vendor/laravel/framework/src/Illuminate/Pipeline/Pipeline.php(180): Illuminate\\Routing\\Router->{closure:Illuminate\\Routing\\Router::runRouteWithinStack():821}(Object(Illuminate\\Http\\Request))
#14 /Users/zawhtetnaung/Documents/Webprojects/ecommerce-api/vendor/laravel/framework/src/Illuminate/Routing/Middleware/SubstituteBindings.php(50): Illuminate\\Pipeline\\Pipeline->{closure:Illuminate\\Pipeline\\Pipeline::prepareDestination():178}(Object(Illuminate\\Http\\Request))
#15 /Users/zawhtetnaung/Documents/Webprojects/ecommerce-api/vendor/laravel/framework/src/Illuminate/Pipeline/Pipeline.php(219): Illuminate\\Routing\\Middleware\\SubstituteBindings->handle(Object(Illuminate\\Http\\Request), Object(Closure))
#16 /Users/zawhtetnaung/Documents/Webprojects/ecommerce-api/vendor/laravel/framework/src/Illuminate/Auth/Middleware/Authenticate.php(63): Illuminate\\Pipeline\\Pipeline->{closure:{closure:Illuminate\\Pipeline\\Pipeline::carry():194}:195}(Object(Illuminate\\Http\\Request))
#17 /Users/zawhtetnaung/Documents/Webprojects/ecommerce-api/vendor/laravel/framework/src/Illuminate/Pipeline/Pipeline.php(219): Illuminate\\Auth\\Middleware\\Authenticate->handle(Object(Illuminate\\Http\\Request), Object(Closure), 'sanctum')
#18 /Users/zawhtetnaung/Documents/Webprojects/ecommerce-api/vendor/laravel/framework/src/Illuminate/Pipeline/Pipeline.php(137): Illuminate\\Pipeline\\Pipeline->{closure:{closure:Illuminate\\Pipeline\\Pipeline::carry():194}:195}(Object(Illuminate\\Http\\Request))
#19 /Users/zawhtetnaung/Documents/Webprojects/ecommerce-api/vendor/laravel/framework/src/Illuminate/Routing/Router.php(821): Illuminate\\Pipeline\\Pipeline->then(Object(Closure))
#20 /Users/zawhtetnaung/Documents/Webprojects/ecommerce-api/vendor/laravel/framework/src/Illuminate/Routing/Router.php(800): Illuminate\\Routing\\Router->runRouteWithinStack(Object(Illuminate\\Routing\\Route), Object(Illuminate\\Http\\Request))
#21 /Users/zawhtetnaung/Documents/Webprojects/ecommerce-api/vendor/laravel/framework/src/Illuminate/Routing/Router.php(764): Illuminate\\Routing\\Router->runRoute(Object(Illuminate\\Http\\Request), Object(Illuminate\\Routing\\Route))
#22 /Users/zawhtetnaung/Documents/Webprojects/ecommerce-api/vendor/laravel/framework/src/Illuminate/Routing/Router.php(753): Illuminate\\Routing\\Router->dispatchToRoute(Object(Illuminate\\Http\\Request))
#23 /Users/zawhtetnaung/Documents/Webprojects/ecommerce-api/vendor/laravel/framework/src/Illuminate/Foundation/Http/Kernel.php(200): Illuminate\\Routing\\Router->dispatch(Object(Illuminate\\Http\\Request))
#24 /Users/zawhtetnaung/Documents/Webprojects/ecommerce-api/vendor/laravel/framework/src/Illuminate/Pipeline/Pipeline.php(180): Illuminate\\Foundation\\Http\\Kernel->{closure:Illuminate\\Foundation\\Http\\Kernel::dispatchToRouter():197}(Object(Illuminate\\Http\\Request))
#25 /Users/zawhtetnaung/Documents/Webprojects/ecommerce-api/vendor/laravel/framework/src/Illuminate/Foundation/Http/Middleware/TransformsRequest.php(21): Illuminate\\Pipeline\\Pipeline->{closure:Illuminate\\Pipeline\\Pipeline::prepareDestination():178}(Object(Illuminate\\Http\\Request))
#26 /Users/zawhtetnaung/Documents/Webprojects/ecommerce-api/vendor/laravel/framework/src/Illuminate/Foundation/Http/Middleware/ConvertEmptyStringsToNull.php(31): Illuminate\\Foundation\\Http\\Middleware\\TransformsRequest->handle(Object(Illuminate\\Http\\Request), Object(Closure))
#27 /Users/zawhtetnaung/Documents/Webprojects/ecommerce-api/vendor/laravel/framework/src/Illuminate/Pipeline/Pipeline.php(219): Illuminate\\Foundation\\Http\\Middleware\\ConvertEmptyStringsToNull->handle(Object(Illuminate\\Http\\Request), Object(Closure))
#28 /Users/zawhtetnaung/Documents/Webprojects/ecommerce-api/vendor/laravel/framework/src/Illuminate/Foundation/Http/Middleware/TransformsRequest.php(21): Illuminate\\Pipeline\\Pipeline->{closure:{closure:Illuminate\\Pipeline\\Pipeline::carry():194}:195}(Object(Illuminate\\Http\\Request))
#29 /Users/zawhtetnaung/Documents/Webprojects/ecommerce-api/vendor/laravel/framework/src/Illuminate/Foundation/Http/Middleware/TrimStrings.php(51): Illuminate\\Foundation\\Http\\Middleware\\TransformsRequest->handle(Object(Illuminate\\Http\\Request), Object(Closure))
#30 /Users/zawhtetnaung/Documents/Webprojects/ecommerce-api/vendor/laravel/framework/src/Illuminate/Pipeline/Pipeline.php(219): Illuminate\\Foundation\\Http\\Middleware\\TrimStrings->handle(Object(Illuminate\\Http\\Request), Object(Closure))
#31 /Users/zawhtetnaung/Documents/Webprojects/ecommerce-api/vendor/laravel/framework/src/Illuminate/Http/Middleware/ValidatePostSize.php(27): Illuminate\\Pipeline\\Pipeline->{closure:{closure:Illuminate\\Pipeline\\Pipeline::carry():194}:195}(Object(Illuminate\\Http\\Request))
#32 /Users/zawhtetnaung/Documents/Webprojects/ecommerce-api/vendor/laravel/framework/src/Illuminate/Pipeline/Pipeline.php(219): Illuminate\\Http\\Middleware\\ValidatePostSize->handle(Object(Illuminate\\Http\\Request), Object(Closure))
#33 /Users/zawhtetnaung/Documents/Webprojects/ecommerce-api/vendor/laravel/framework/src/Illuminate/Foundation/Http/Middleware/PreventRequestsDuringMaintenance.php(109): Illuminate\\Pipeline\\Pipeline->{closure:{closure:Illuminate\\Pipeline\\Pipeline::carry():194}:195}(Object(Illuminate\\Http\\Request))
#34 /Users/zawhtetnaung/Documents/Webprojects/ecommerce-api/vendor/laravel/framework/src/Illuminate/Pipeline/Pipeline.php(219): Illuminate\\Foundation\\Http\\Middleware\\PreventRequestsDuringMaintenance->handle(Object(Illuminate\\Http\\Request), Object(Closure))
#35 /Users/zawhtetnaung/Documents/Webprojects/ecommerce-api/vendor/laravel/framework/src/Illuminate/Http/Middleware/HandleCors.php(74): Illuminate\\Pipeline\\Pipeline->{closure:{closure:Illuminate\\Pipeline\\Pipeline::carry():194}:195}(Object(Illuminate\\Http\\Request))
#36 /Users/zawhtetnaung/Documents/Webprojects/ecommerce-api/vendor/laravel/framework/src/Illuminate/Pipeline/Pipeline.php(219): Illuminate\\Http\\Middleware\\HandleCors->handle(Object(Illuminate\\Http\\Request), Object(Closure))
#37 /Users/zawhtetnaung/Documents/Webprojects/ecommerce-api/vendor/laravel/framework/src/Illuminate/Http/Middleware/TrustProxies.php(58): Illuminate\\Pipeline\\Pipeline->{closure:{closure:Illuminate\\Pipeline\\Pipeline::carry():194}:195}(Object(Illuminate\\Http\\Request))
#38 /Users/zawhtetnaung/Documents/Webprojects/ecommerce-api/vendor/laravel/framework/src/Illuminate/Pipeline/Pipeline.php(219): Illuminate\\Http\\Middleware\\TrustProxies->handle(Object(Illuminate\\Http\\Request), Object(Closure))
#39 /Users/zawhtetnaung/Documents/Webprojects/ecommerce-api/vendor/laravel/framework/src/Illuminate/Foundation/Http/Middleware/InvokeDeferredCallbacks.php(22): Illuminate\\Pipeline\\Pipeline->{closure:{closure:Illuminate\\Pipeline\\Pipeline::carry():194}:195}(Object(Illuminate\\Http\\Request))
#40 /Users/zawhtetnaung/Documents/Webprojects/ecommerce-api/vendor/laravel/framework/src/Illuminate/Pipeline/Pipeline.php(219): Illuminate\\Foundation\\Http\\Middleware\\InvokeDeferredCallbacks->handle(Object(Illuminate\\Http\\Request), Object(Closure))
#41 /Users/zawhtetnaung/Documents/Webprojects/ecommerce-api/vendor/laravel/framework/src/Illuminate/Http/Middleware/ValidatePathEncoding.php(26): Illuminate\\Pipeline\\Pipeline->{closure:{closure:Illuminate\\Pipeline\\Pipeline::carry():194}:195}(Object(Illuminate\\Http\\Request))
#42 /Users/zawhtetnaung/Documents/Webprojects/ecommerce-api/vendor/laravel/framework/src/Illuminate/Pipeline/Pipeline.php(219): Illuminate\\Http\\Middleware\\ValidatePathEncoding->handle(Object(Illuminate\\Http\\Request), Object(Closure))
#43 /Users/zawhtetnaung/Documents/Webprojects/ecommerce-api/vendor/laravel/framework/src/Illuminate/Pipeline/Pipeline.php(137): Illuminate\\Pipeline\\Pipeline->{closure:{closure:Illuminate\\Pipeline\\Pipeline::carry():194}:195}(Object(Illuminate\\Http\\Request))
#44 /Users/zawhtetnaung/Documents/Webprojects/ecommerce-api/vendor/laravel/framework/src/Illuminate/Foundation/Http/Kernel.php(175): Illuminate\\Pipeline\\Pipeline->then(Object(Closure))
#45 /Users/zawhtetnaung/Documents/Webprojects/ecommerce-api/vendor/laravel/framework/src/Illuminate/Foundation/Http/Kernel.php(144): Illuminate\\Foundation\\Http\\Kernel->sendRequestThroughRouter(Object(Illuminate\\Http\\Request))
#46 /Users/zawhtetnaung/Documents/Webprojects/ecommerce-api/vendor/laravel/framework/src/Illuminate/Foundation/Application.php(1220): Illuminate\\Foundation\\Http\\Kernel->handle(Object(Illuminate\\Http\\Request))
#47 /Users/zawhtetnaung/Documents/Webprojects/ecommerce-api/public/index.php(20): Illuminate\\Foundation\\Application->handleRequest(Object(Illuminate\\Http\\Request))
#48 /Users/zawhtetnaung/Documents/Webprojects/ecommerce-api/vendor/laravel/framework/src/Illuminate/Foundation/resources/server.php(23): require_once('/Users/zawhtetn...')
#49 {main}

[previous exception] [object] (PDOException(code: HY000): SQLSTATE[HY000]: General error: 1 no such table: sub_categories at /Users/zawhtetnaung/Documents/Webprojects/ecommerce-api/vendor/laravel/framework/src/Illuminate/Database/Connection.php:420)
[stacktrace]
#0 /Users/zawhtetnaung/Documents/Webprojects/ecommerce-api/vendor/laravel/framework/src/Illuminate/Database/Connection.php(420): PDO->prepare('select * from \"...')
#1 /Users/zawhtetnaung/Documents/Webprojects/ecommerce-api/vendor/laravel/framework/src/Illuminate/Database/Connection.php(827): Illuminate\\Database\\Connection->{closure:Illuminate\\Database\\Connection::select():411}('select * from \"...', Array)
#2 /Users/zawhtetnaung/Documents/Webprojects/ecommerce-api/vendor/laravel/framework/src/Illuminate/Database/Connection.php(794): Illuminate\\Database\\Connection->runQueryCallback('select * from \"...', Array, Object(Closure))
#3 /Users/zawhtetnaung/Documents/Webprojects/ecommerce-api/vendor/laravel/framework/src/Illuminate/Database/Connection.php(411): Illuminate\\Database\\Connection->run('select * from \"...', Array, Object(Closure))
#4 /Users/zawhtetnaung/Documents/Webprojects/ecommerce-api/vendor/laravel/framework/src/Illuminate/Database/Query/Builder.php(3389): Illuminate\\Database\\Connection->select('select * from \"...', Array, true)
#5 /Users/zawhtetnaung/Documents/Webprojects/ecommerce-api/vendor/laravel/framework/src/Illuminate/Database/Query/Builder.php(3374): Illuminate\\Database\\Query\\Builder->runSelect()
#6 /Users/zawhtetnaung/Documents/Webprojects/ecommerce-api/vendor/laravel/framework/src/Illuminate/Database/Query/Builder.php(3964): Illuminate\\Database\\Query\\Builder->{closure:Illuminate\\Database\\Query\\Builder::get():3373}()
#7 /Users/zawhtetnaung/Documents/Webprojects/ecommerce-api/vendor/laravel/framework/src/Illuminate/Database/Query/Builder.php(3373): Illuminate\\Database\\Query\\Builder->onceWithColumns(Array, Object(Closure))
#8 /Users/zawhtetnaung/Documents/Webprojects/ecommerce-api/vendor/laravel/framework/src/Illuminate/Database/Eloquent/Builder.php(902): Illuminate\\Database\\Query\\Builder->get(Array)
#9 /Users/zawhtetnaung/Documents/Webprojects/ecommerce-api/vendor/laravel/framework/src/Illuminate/Database/Eloquent/Builder.php(884): Illuminate\\Database\\Eloquent\\Builder->getModels(Array)
#10 /Users/zawhtetnaung/Documents/Webprojects/ecommerce-api/app/Http/Controllers/Api/SubCategoryController.php(20): Illuminate\\Database\\Eloquent\\Builder->get()
#11 /Users/zawhtetnaung/Documents/Webprojects/ecommerce-api/vendor/laravel/framework/src/Illuminate/Routing/ControllerDispatcher.php(46): App\\Http\\Controllers\\Api\\SubCategoryController->index()
#12 /Users/zawhtetnaung/Documents/Webprojects/ecommerce-api/vendor/laravel/framework/src/Illuminate/Routing/Route.php(265): Illuminate\\Routing\\ControllerDispatcher->dispatch(Object(Illuminate\\Routing\\Route), Object(App\\Http\\Controllers\\Api\\SubCategoryController), 'index')
#13 /Users/zawhtetnaung/Documents/Webprojects/ecommerce-api/vendor/laravel/framework/src/Illuminate/Routing/Route.php(211): Illuminate\\Routing\\Route->runController()
#14 /Users/zawhtetnaung/Documents/Webprojects/ecommerce-api/vendor/laravel/framework/src/Illuminate/Routing/Router.php(822): Illuminate\\Routing\\Route->run()
#15 /Users/zawhtetnaung/Documents/Webprojects/ecommerce-api/vendor/laravel/framework/src/Illuminate/Pipeline/Pipeline.php(180): Illuminate\\Routing\\Router->{closure:Illuminate\\Routing\\Router::runRouteWithinStack():821}(Object(Illuminate\\Http\\Request))
#16 /Users/zawhtetnaung/Documents/Webprojects/ecommerce-api/vendor/laravel/framework/src/Illuminate/Routing/Middleware/SubstituteBindings.php(50): Illuminate\\Pipeline\\Pipeline->{closure:Illuminate\\Pipeline\\Pipeline::prepareDestination():178}(Object(Illuminate\\Http\\Request))
#17 /Users/zawhtetnaung/Documents/Webprojects/ecommerce-api/vendor/laravel/framework/src/Illuminate/Pipeline/Pipeline.php(219): Illuminate\\Routing\\Middleware\\SubstituteBindings->handle(Object(Illuminate\\Http\\Request), Object(Closure))
#18 /Users/zawhtetnaung/Documents/Webprojects/ecommerce-api/vendor/laravel/framework/src/Illuminate/Auth/Middleware/Authenticate.php(63): Illuminate\\Pipeline\\Pipeline->{closure:{closure:Illuminate\\Pipeline\\Pipeline::carry():194}:195}(Object(Illuminate\\Http\\Request))
#19 /Users/zawhtetnaung/Documents/Webprojects/ecommerce-api/vendor/laravel/framework/src/Illuminate/Pipeline/Pipeline.php(219): Illuminate\\Auth\\Middleware\\Authenticate->handle(Object(Illuminate\\Http\\Request), Object(Closure), 'sanctum')
#20 /Users/zawhtetnaung/Documents/Webprojects/ecommerce-api/vendor/laravel/framework/src/Illuminate/Pipeline/Pipeline.php(137): Illuminate\\Pipeline\\Pipeline->{closure:{closure:Illuminate\\Pipeline\\Pipeline::carry():194}:195}(Object(Illuminate\\Http\\Request))
#21 /Users/zawhtetnaung/Documents/Webprojects/ecommerce-api/vendor/laravel/framework/src/Illuminate/Routing/Router.php(821): Illuminate\\Pipeline\\Pipeline->then(Object(Closure))
#22 /Users/zawhtetnaung/Documents/Webprojects/ecommerce-api/vendor/laravel/framework/src/Illuminate/Routing/Router.php(800): Illuminate\\Routing\\Router->runRouteWithinStack(Object(Illuminate\\Routing\\Route), Object(Illuminate\\Http\\Request))
#23 /Users/zawhtetnaung/Documents/Webprojects/ecommerce-api/vendor/laravel/framework/src/Illuminate/Routing/Router.php(764): Illuminate\\Routing\\Router->runRoute(Object(Illuminate\\Http\\Request), Object(Illuminate\\Routing\\Route))
#24 /Users/zawhtetnaung/Documents/Webprojects/ecommerce-api/vendor/laravel/framework/src/Illuminate/Routing/Router.php(753): Illuminate\\Routing\\Router->dispatchToRoute(Object(Illuminate\\Http\\Request))
#25 /Users/zawhtetnaung/Documents/Webprojects/ecommerce-api/vendor/laravel/framework/src/Illuminate/Foundation/Http/Kernel.php(200): Illuminate\\Routing\\Router->dispatch(Object(Illuminate\\Http\\Request))
#26 /Users/zawhtetnaung/Documents/Webprojects/ecommerce-api/vendor/laravel/framework/src/Illuminate/Pipeline/Pipeline.php(180): Illuminate\\Foundation\\Http\\Kernel->{closure:Illuminate\\Foundation\\Http\\Kernel::dispatchToRouter():197}(Object(Illuminate\\Http\\Request))
#27 /Users/zawhtetnaung/Documents/Webprojects/ecommerce-api/vendor/laravel/framework/src/Illuminate/Foundation/Http/Middleware/TransformsRequest.php(21): Illuminate\\Pipeline\\Pipeline->{closure:Illuminate\\Pipeline\\Pipeline::prepareDestination():178}(Object(Illuminate\\Http\\Request))
#28 /Users/zawhtetnaung/Documents/Webprojects/ecommerce-api/vendor/laravel/framework/src/Illuminate/Foundation/Http/Middleware/ConvertEmptyStringsToNull.php(31): Illuminate\\Foundation\\Http\\Middleware\\TransformsRequest->handle(Object(Illuminate\\Http\\Request), Object(Closure))
#29 /Users/zawhtetnaung/Documents/Webprojects/ecommerce-api/vendor/laravel/framework/src/Illuminate/Pipeline/Pipeline.php(219): Illuminate\\Foundation\\Http\\Middleware\\ConvertEmptyStringsToNull->handle(Object(Illuminate\\Http\\Request), Object(Closure))
#30 /Users/zawhtetnaung/Documents/Webprojects/ecommerce-api/vendor/laravel/framework/src/Illuminate/Foundation/Http/Middleware/TransformsRequest.php(21): Illuminate\\Pipeline\\Pipeline->{closure:{closure:Illuminate\\Pipeline\\Pipeline::carry():194}:195}(Object(Illuminate\\Http\\Request))
#31 /Users/zawhtetnaung/Documents/Webprojects/ecommerce-api/vendor/laravel/framework/src/Illuminate/Foundation/Http/Middleware/TrimStrings.php(51): Illuminate\\Foundation\\Http\\Middleware\\TransformsRequest->handle(Object(Illuminate\\Http\\Request), Object(Closure))
#32 /Users/zawhtetnaung/Documents/Webprojects/ecommerce-api/vendor/laravel/framework/src/Illuminate/Pipeline/Pipeline.php(219): Illuminate\\Foundation\\Http\\Middleware\\TrimStrings->handle(Object(Illuminate\\Http\\Request), Object(Closure))
#33 /Users/zawhtetnaung/Documents/Webprojects/ecommerce-api/vendor/laravel/framework/src/Illuminate/Http/Middleware/ValidatePostSize.php(27): Illuminate\\Pipeline\\Pipeline->{closure:{closure:Illuminate\\Pipeline\\Pipeline::carry():194}:195}(Object(Illuminate\\Http\\Request))
#34 /Users/zawhtetnaung/Documents/Webprojects/ecommerce-api/vendor/laravel/framework/src/Illuminate/Pipeline/Pipeline.php(219): Illuminate\\Http\\Middleware\\ValidatePostSize->handle(Object(Illuminate\\Http\\Request), Object(Closure))
#35 /Users/zawhtetnaung/Documents/Webprojects/ecommerce-api/vendor/laravel/framework/src/Illuminate/Foundation/Http/Middleware/PreventRequestsDuringMaintenance.php(109): Illuminate\\Pipeline\\Pipeline->{closure:{closure:Illuminate\\Pipeline\\Pipeline::carry():194}:195}(Object(Illuminate\\Http\\Request))
#36 /Users/zawhtetnaung/Documents/Webprojects/ecommerce-api/vendor/laravel/framework/src/Illuminate/Pipeline/Pipeline.php(219): Illuminate\\Foundation\\Http\\Middleware\\PreventRequestsDuringMaintenance->handle(Object(Illuminate\\Http\\Request), Object(Closure))
#37 /Users/zawhtetnaung/Documents/Webprojects/ecommerce-api/vendor/laravel/framework/src/Illuminate/Http/Middleware/HandleCors.php(74): Illuminate\\Pipeline\\Pipeline->{closure:{closure:Illuminate\\Pipeline\\Pipeline::carry():194}:195}(Object(Illuminate\\Http\\Request))
#38 /Users/zawhtetnaung/Documents/Webprojects/ecommerce-api/vendor/laravel/framework/src/Illuminate/Pipeline/Pipeline.php(219): Illuminate\\Http\\Middleware\\HandleCors->handle(Object(Illuminate\\Http\\Request), Object(Closure))
#39 /Users/zawhtetnaung/Documents/Webprojects/ecommerce-api/vendor/laravel/framework/src/Illuminate/Http/Middleware/TrustProxies.php(58): Illuminate\\Pipeline\\Pipeline->{closure:{closure:Illuminate\\Pipeline\\Pipeline::carry():194}:195}(Object(Illuminate\\Http\\Request))
#40 /Users/zawhtetnaung/Documents/Webprojects/ecommerce-api/vendor/laravel/framework/src/Illuminate/Pipeline/Pipeline.php(219): Illuminate\\Http\\Middleware\\TrustProxies->handle(Object(Illuminate\\Http\\Request), Object(Closure))
#41 /Users/zawhtetnaung/Documents/Webprojects/ecommerce-api/vendor/laravel/framework/src/Illuminate/Foundation/Http/Middleware/InvokeDeferredCallbacks.php(22): Illuminate\\Pipeline\\Pipeline->{closure:{closure:Illuminate\\Pipeline\\Pipeline::carry():194}:195}(Object(Illuminate\\Http\\Request))
#42 /Users/zawhtetnaung/Documents/Webprojects/ecommerce-api/vendor/laravel/framework/src/Illuminate/Pipeline/Pipeline.php(219): Illuminate\\Foundation\\Http\\Middleware\\InvokeDeferredCallbacks->handle(Object(Illuminate\\Http\\Request), Object(Closure))
#43 /Users/zawhtetnaung/Documents/Webprojects/ecommerce-api/vendor/laravel/framework/src/Illuminate/Http/Middleware/ValidatePathEncoding.php(26): Illuminate\\Pipeline\\Pipeline->{closure:{closure:Illuminate\\Pipeline\\Pipeline::carry():194}:195}(Object(Illuminate\\Http\\Request))
#44 /Users/zawhtetnaung/Documents/Webprojects/ecommerce-api/vendor/laravel/framework/src/Illuminate/Pipeline/Pipeline.php(219): Illuminate\\Http\\Middleware\\ValidatePathEncoding->handle(Object(Illuminate\\Http\\Request), Object(Closure))
#45 /Users/zawhtetnaung/Documents/Webprojects/ecommerce-api/vendor/laravel/framework/src/Illuminate/Pipeline/Pipeline.php(137): Illuminate\\Pipeline\\Pipeline->{closure:{closure:Illuminate\\Pipeline\\Pipeline::carry():194}:195}(Object(Illuminate\\Http\\Request))
#46 /Users/zawhtetnaung/Documents/Webprojects/ecommerce-api/vendor/laravel/framework/src/Illuminate/Foundation/Http/Kernel.php(175): Illuminate\\Pipeline\\Pipeline->then(Object(Closure))
#47 /Users/zawhtetnaung/Documents/Webprojects/ecommerce-api/vendor/laravel/framework/src/Illuminate/Foundation/Http/Kernel.php(144): Illuminate\\Foundation\\Http\\Kernel->sendRequestThroughRouter(Object(Illuminate\\Http\\Request))
#48 /Users/zawhtetnaung/Documents/Webprojects/ecommerce-api/vendor/laravel/framework/src/Illuminate/Foundation/Application.php(1220): Illuminate\\Foundation\\Http\\Kernel->handle(Object(Illuminate\\Http\\Request))
#49 /Users/zawhtetnaung/Documents/Webprojects/ecommerce-api/public/index.php(20): Illuminate\\Foundation\\Application->handleRequest(Object(Illuminate\\Http\\Request))
#50 /Users/zawhtetnaung/Documents/Webprojects/ecommerce-api/vendor/laravel/framework/src/Illuminate/Foundation/resources/server.php(23): require_once('/Users/zawhtetn...')
#51 {main}
"} 
[2026-02-04 14:55:35] local.ERROR: SQLSTATE[HY000]: General error: 1 no such table: colors (Connection: sqlite, Database: /Users/zawhtetnaung/Documents/Webprojects/ecommerce-api/database/database.sqlite, SQL: select "colors"."id", "colors"."name", "colors"."hex_code", "colors"."is_active", "color_product"."product_id" as "pivot_product_id", "color_product"."color_id" as "pivot_color_id" from "colors" inner join "color_product" on "colors"."id" = "color_product"."color_id" where "color_product"."product_id" in (1, 2)) {"userId":2,"exception":"[object] (Illuminate\\Database\\QueryException(code: HY000): SQLSTATE[HY000]: General error: 1 no such table: colors (Connection: sqlite, Database: /Users/zawhtetnaung/Documents/Webprojects/ecommerce-api/database/database.sqlite, SQL: select \"colors\".\"id\", \"colors\".\"name\", \"colors\".\"hex_code\", \"colors\".\"is_active\", \"color_product\".\"product_id\" as \"pivot_product_id\", \"color_product\".\"color_id\" as \"pivot_color_id\" from \"colors\" inner join \"color_product\" on \"colors\".\"id\" = \"color_product\".\"color_id\" where \"color_product\".\"product_id\" in (1, 2)) at /Users/zawhtetnaung/Documents/Webprojects/ecommerce-api/vendor/laravel/framework/src/Illuminate/Database/Connection.php:838)
[stacktrace]
#0 /Users/zawhtetnaung/Documents/Webprojects/ecommerce-api/vendor/laravel/framework/src/Illuminate/Database/Connection.php(794): Illuminate\\Database\\Connection->runQueryCallback('select \"colors\"...', Array, Object(Closure))
#1 /Users/zawhtetnaung/Documents/Webprojects/ecommerce-api/vendor/laravel/framework/src/Illuminate/Database/Connection.php(411): Illuminate\\Database\\Connection->run('select \"colors\"...', Array, Object(Closure))
#2 /Users/zawhtetnaung/Documents/Webprojects/ecommerce-api/vendor/laravel/framework/src/Illuminate/Database/Query/Builder.php(3389): Illuminate\\Database\\Connection->select('select \"colors\"...', Array, true)
#3 /Users/zawhtetnaung/Documents/Webprojects/ecommerce-api/vendor/laravel/framework/src/Illuminate/Database/Query/Builder.php(3374): Illuminate\\Database\\Query\\Builder->runSelect()
#4 /Users/zawhtetnaung/Documents/Webprojects/ecommerce-api/vendor/laravel/framework/src/Illuminate/Database/Query/Builder.php(3964): Illuminate\\Database\\Query\\Builder->{closure:Illuminate\\Database\\Query\\Builder::get():3373}()
#5 /Users/zawhtetnaung/Documents/Webprojects/ecommerce-api/vendor/laravel/framework/src/Illuminate/Database/Query/Builder.php(3373): Illuminate\\Database\\Query\\Builder->onceWithColumns(Array, Object(Closure))
#6 /Users/zawhtetnaung/Documents/Webprojects/ecommerce-api/vendor/laravel/framework/src/Illuminate/Database/Eloquent/Builder.php(902): Illuminate\\Database\\Query\\Builder->get(Array)
#7 /Users/zawhtetnaung/Documents/Webprojects/ecommerce-api/vendor/laravel/framework/src/Illuminate/Database/Eloquent/Relations/BelongsToMany.php(910): Illuminate\\Database\\Eloquent\\Builder->getModels()
#8 /Users/zawhtetnaung/Documents/Webprojects/ecommerce-api/vendor/laravel/framework/src/Illuminate/Database/Eloquent/Relations/Relation.php(175): Illuminate\\Database\\Eloquent\\Relations\\BelongsToMany->get()
#9 /Users/zawhtetnaung/Documents/Webprojects/ecommerce-api/vendor/laravel/framework/src/Illuminate/Database/Eloquent/Builder.php(950): Illuminate\\Database\\Eloquent\\Relations\\Relation->getEager()
#10 /Users/zawhtetnaung/Documents/Webprojects/ecommerce-api/vendor/laravel/framework/src/Illuminate/Database/Eloquent/Builder.php(919): Illuminate\\Database\\Eloquent\\Builder->eagerLoadRelation(Array, 'colors', Object(Closure))
#11 /Users/zawhtetnaung/Documents/Webprojects/ecommerce-api/vendor/laravel/framework/src/Illuminate/Database/Eloquent/Builder.php(885): Illuminate\\Database\\Eloquent\\Builder->eagerLoadRelations(Array)
#12 /Users/zawhtetnaung/Documents/Webprojects/ecommerce-api/app/Http/Controllers/Api/ProductController.php(28): Illuminate\\Database\\Eloquent\\Builder->get()
#13 /Users/zawhtetnaung/Documents/Webprojects/ecommerce-api/vendor/laravel/framework/src/Illuminate/Routing/ControllerDispatcher.php(46): App\\Http\\Controllers\\Api\\ProductController->index()
#14 /Users/zawhtetnaung/Documents/Webprojects/ecommerce-api/vendor/laravel/framework/src/Illuminate/Routing/Route.php(265): Illuminate\\Routing\\ControllerDispatcher->dispatch(Object(Illuminate\\Routing\\Route), Object(App\\Http\\Controllers\\Api\\ProductController), 'index')
#15 /Users/zawhtetnaung/Documents/Webprojects/ecommerce-api/vendor/laravel/framework/src/Illuminate/Routing/Route.php(211): Illuminate\\Routing\\Route->runController()
#16 /Users/zawhtetnaung/Documents/Webprojects/ecommerce-api/vendor/laravel/framework/src/Illuminate/Routing/Router.php(822): Illuminate\\Routing\\Route->run()
#17 /Users/zawhtetnaung/Documents/Webprojects/ecommerce-api/vendor/laravel/framework/src/Illuminate/Pipeline/Pipeline.php(180): Illuminate\\Routing\\Router->{closure:Illuminate\\Routing\\Router::runRouteWithinStack():821}(Object(Illuminate\\Http\\Request))
#18 /Users/zawhtetnaung/Documents/Webprojects/ecommerce-api/vendor/laravel/framework/src/Illuminate/Routing/Middleware/SubstituteBindings.php(50): Illuminate\\Pipeline\\Pipeline->{closure:Illuminate\\Pipeline\\Pipeline::prepareDestination():178}(Object(Illuminate\\Http\\Request))
#19 /Users/zawhtetnaung/Documents/Webprojects/ecommerce-api/vendor/laravel/framework/src/Illuminate/Pipeline/Pipeline.php(219): Illuminate\\Routing\\Middleware\\SubstituteBindings->handle(Object(Illuminate\\Http\\Request), Object(Closure))
#20 /Users/zawhtetnaung/Documents/Webprojects/ecommerce-api/vendor/laravel/framework/src/Illuminate/Auth/Middleware/Authenticate.php(63): Illuminate\\Pipeline\\Pipeline->{closure:{closure:Illuminate\\Pipeline\\Pipeline::carry():194}:195}(Object(Illuminate\\Http\\Request))
#21 /Users/zawhtetnaung/Documents/Webprojects/ecommerce-api/vendor/laravel/framework/src/Illuminate/Pipeline/Pipeline.php(219): Illuminate\\Auth\\Middleware\\Authenticate->handle(Object(Illuminate\\Http\\Request), Object(Closure), 'sanctum')
#22 /Users/zawhtetnaung/Documents/Webprojects/ecommerce-api/vendor/laravel/framework/src/Illuminate/Pipeline/Pipeline.php(137): Illuminate\\Pipeline\\Pipeline->{closure:{closure:Illuminate\\Pipeline\\Pipeline::carry():194}:195}(Object(Illuminate\\Http\\Request))
#23 /Users/zawhtetnaung/Documents/Webprojects/ecommerce-api/vendor/laravel/framework/src/Illuminate/Routing/Router.php(821): Illuminate\\Pipeline\\Pipeline->then(Object(Closure))
#24 /Users/zawhtetnaung/Documents/Webprojects/ecommerce-api/vendor/laravel/framework/src/Illuminate/Routing/Router.php(800): Illuminate\\Routing\\Router->runRouteWithinStack(Object(Illuminate\\Routing\\Route), Object(Illuminate\\Http\\Request))
#25 /Users/zawhtetnaung/Documents/Webprojects/ecommerce-api/vendor/laravel/framework/src/Illuminate/Routing/Router.php(764): Illuminate\\Routing\\Router->runRoute(Object(Illuminate\\Http\\Request), Object(Illuminate\\Routing\\Route))
#26 /Users/zawhtetnaung/Documents/Webprojects/ecommerce-api/vendor/laravel/framework/src/Illuminate/Routing/Router.php(753): Illuminate\\Routing\\Router->dispatchToRoute(Object(Illuminate\\Http\\Request))
#27 /Users/zawhtetnaung/Documents/Webprojects/ecommerce-api/vendor/laravel/framework/src/Illuminate/Foundation/Http/Kernel.php(200): Illuminate\\Routing\\Router->dispatch(Object(Illuminate\\Http\\Request))
#28 /Users/zawhtetnaung/Documents/Webprojects/ecommerce-api/vendor/laravel/framework/src/Illuminate/Pipeline/Pipeline.php(180): Illuminate\\Foundation\\Http\\Kernel->{closure:Illuminate\\Foundation\\Http\\Kernel::dispatchToRouter():197}(Object(Illuminate\\Http\\Request))
#29 /Users/zawhtetnaung/Documents/Webprojects/ecommerce-api/vendor/laravel/framework/src/Illuminate/Foundation/Http/Middleware/TransformsRequest.php(21): Illuminate\\Pipeline\\Pipeline->{closure:Illuminate\\Pipeline\\Pipeline::prepareDestination():178}(Object(Illuminate\\Http\\Request))
#30 /Users/zawhtetnaung/Documents/Webprojects/ecommerce-api/vendor/laravel/framework/src/Illuminate/Foundation/Http/Middleware/ConvertEmptyStringsToNull.php(31): Illuminate\\Foundation\\Http\\Middleware\\TransformsRequest->handle(Object(Illuminate\\Http\\Request), Object(Closure))
#31 /Users/zawhtetnaung/Documents/Webprojects/ecommerce-api/vendor/laravel/framework/src/Illuminate/Pipeline/Pipeline.php(219): Illuminate\\Foundation\\Http\\Middleware\\ConvertEmptyStringsToNull->handle(Object(Illuminate\\Http\\Request), Object(Closure))
#32 /Users/zawhtetnaung/Documents/Webprojects/ecommerce-api/vendor/laravel/framework/src/Illuminate/Foundation/Http/Middleware/TransformsRequest.php(21): Illuminate\\Pipeline\\Pipeline->{closure:{closure:Illuminate\\Pipeline\\Pipeline::carry():194}:195}(Object(Illuminate\\Http\\Request))
#33 /Users/zawhtetnaung/Documents/Webprojects/ecommerce-api/vendor/laravel/framework/src/Illuminate/Foundation/Http/Middleware/TrimStrings.php(51): Illuminate\\Foundation\\Http\\Middleware\\TransformsRequest->handle(Object(Illuminate\\Http\\Request), Object(Closure))
#34 /Users/zawhtetnaung/Documents/Webprojects/ecommerce-api/vendor/laravel/framework/src/Illuminate/Pipeline/Pipeline.php(219): Illuminate\\Foundation\\Http\\Middleware\\TrimStrings->handle(Object(Illuminate\\Http\\Request), Object(Closure))
#35 /Users/zawhtetnaung/Documents/Webprojects/ecommerce-api/vendor/laravel/framework/src/Illuminate/Http/Middleware/ValidatePostSize.php(27): Illuminate\\Pipeline\\Pipeline->{closure:{closure:Illuminate\\Pipeline\\Pipeline::carry():194}:195}(Object(Illuminate\\Http\\Request))
#36 /Users/zawhtetnaung/Documents/Webprojects/ecommerce-api/vendor/laravel/framework/src/Illuminate/Pipeline/Pipeline.php(219): Illuminate\\Http\\Middleware\\ValidatePostSize->handle(Object(Illuminate\\Http\\Request), Object(Closure))
#37 /Users/zawhtetnaung/Documents/Webprojects/ecommerce-api/vendor/laravel/framework/src/Illuminate/Foundation/Http/Middleware/PreventRequestsDuringMaintenance.php(109): Illuminate\\Pipeline\\Pipeline->{closure:{closure:Illuminate\\Pipeline\\Pipeline::carry():194}:195}(Object(Illuminate\\Http\\Request))
#38 /Users/zawhtetnaung/Documents/Webprojects/ecommerce-api/vendor/laravel/framework/src/Illuminate/Pipeline/Pipeline.php(219): Illuminate\\Foundation\\Http\\Middleware\\PreventRequestsDuringMaintenance->handle(Object(Illuminate\\Http\\Request), Object(Closure))
#39 /Users/zawhtetnaung/Documents/Webprojects/ecommerce-api/vendor/laravel/framework/src/Illuminate/Http/Middleware/HandleCors.php(74): Illuminate\\Pipeline\\Pipeline->{closure:{closure:Illuminate\\Pipeline\\Pipeline::carry():194}:195}(Object(Illuminate\\Http\\Request))
#40 /Users/zawhtetnaung/Documents/Webprojects/ecommerce-api/vendor/laravel/framework/src/Illuminate/Pipeline/Pipeline.php(219): Illuminate\\Http\\Middleware\\HandleCors->handle(Object(Illuminate\\Http\\Request), Object(Closure))
#41 /Users/zawhtetnaung/Documents/Webprojects/ecommerce-api/vendor/laravel/framework/src/Illuminate/Http/Middleware/TrustProxies.php(58): Illuminate\\Pipeline\\Pipeline->{closure:{closure:Illuminate\\Pipeline\\Pipeline::carry():194}:195}(Object(Illuminate\\Http\\Request))
#42 /Users/zawhtetnaung/Documents/Webprojects/ecommerce-api/vendor/laravel/framework/src/Illuminate/Pipeline/Pipeline.php(219): Illuminate\\Http\\Middleware\\TrustProxies->handle(Object(Illuminate\\Http\\Request), Object(Closure))
#43 /Users/zawhtetnaung/Documents/Webprojects/ecommerce-api/vendor/laravel/framework/src/Illuminate/Foundation/Http/Middleware/InvokeDeferredCallbacks.php(22): Illuminate\\Pipeline\\Pipeline->{closure:{closure:Illuminate\\Pipeline\\Pipeline::carry():194}:195}(Object(Illuminate\\Http\\Request))
#44 /Users/zawhtetnaung/Documents/Webprojects/ecommerce-api/vendor/laravel/framework/src/Illuminate/Pipeline/Pipeline.php(219): Illuminate\\Foundation\\Http\\Middleware\\InvokeDeferredCallbacks->handle(Object(Illuminate\\Http\\Request), Object(Closure))
#45 /Users/zawhtetnaung/Documents/Webprojects/ecommerce-api/vendor/laravel/framework/src/Illuminate/Http/Middleware/ValidatePathEncoding.php(26): Illuminate\\Pipeline\\Pipeline->{closure:{closure:Illuminate\\Pipeline\\Pipeline::carry():194}:195}(Object(Illuminate\\Http\\Request))
#46 /Users/zawhtetnaung/Documents/Webprojects/ecommerce-api/vendor/laravel/framework/src/Illuminate/Pipeline/Pipeline.php(219): Illuminate\\Http\\Middleware\\ValidatePathEncoding->handle(Object(Illuminate\\Http\\Request), Object(Closure))
#47 /Users/zawhtetnaung/Documents/Webprojects/ecommerce-api/vendor/laravel/framework/src/Illuminate/Pipeline/Pipeline.php(137): Illuminate\\Pipeline\\Pipeline->{closure:{closure:Illuminate\\Pipeline\\Pipeline::carry():194}:195}(Object(Illuminate\\Http\\Request))
#48 /Users/zawhtetnaung/Documents/Webprojects/ecommerce-api/vendor/laravel/framework/src/Illuminate/Foundation/Http/Kernel.php(175): Illuminate\\Pipeline\\Pipeline->then(Object(Closure))
#49 /Users/zawhtetnaung/Documents/Webprojects/ecommerce-api/vendor/laravel/framework/src/Illuminate/Foundation/Http/Kernel.php(144): Illuminate\\Foundation\\Http\\Kernel->sendRequestThroughRouter(Object(Illuminate\\Http\\Request))
#50 /Users/zawhtetnaung/Documents/Webprojects/ecommerce-api/vendor/laravel/framework/src/Illuminate/Foundation/Application.php(1220): Illuminate\\Foundation\\Http\\Kernel->handle(Object(Illuminate\\Http\\Request))
#51 /Users/zawhtetnaung/Documents/Webprojects/ecommerce-api/public/index.php(20): Illuminate\\Foundation\\Application->handleRequest(Object(Illuminate\\Http\\Request))
#52 /Users/zawhtetnaung/Documents/Webprojects/ecommerce-api/vendor/laravel/framework/src/Illuminate/Foundation/resources/server.php(23): require_once('/Users/zawhtetn...')
#53 {main}

[previous exception] [object] (PDOException(code: HY000): SQLSTATE[HY000]: General error: 1 no such table: colors at /Users/zawhtetnaung/Documents/Webprojects/ecommerce-api/vendor/laravel/framework/src/Illuminate/Database/Connection.php:420)
[stacktrace]
#0 /Users/zawhtetnaung/Documents/Webprojects/ecommerce-api/vendor/laravel/framework/src/Illuminate/Database/Connection.php(420): PDO->prepare('select \"colors\"...')
#1 /Users/zawhtetnaung/Documents/Webprojects/ecommerce-api/vendor/laravel/framework/src/Illuminate/Database/Connection.php(827): Illuminate\\Database\\Connection->{closure:Illuminate\\Database\\Connection::select():411}('select \"colors\"...', Array)
#2 /Users/zawhtetnaung/Documents/Webprojects/ecommerce-api/vendor/laravel/framework/src/Illuminate/Database/Connection.php(794): Illuminate\\Database\\Connection->runQueryCallback('select \"colors\"...', Array, Object(Closure))
#3 /Users/zawhtetnaung/Documents/Webprojects/ecommerce-api/vendor/laravel/framework/src/Illuminate/Database/Connection.php(411): Illuminate\\Database\\Connection->run('select \"colors\"...', Array, Object(Closure))
#4 /Users/zawhtetnaung/Documents/Webprojects/ecommerce-api/vendor/laravel/framework/src/Illuminate/Database/Query/Builder.php(3389): Illuminate\\Database\\Connection->select('select \"colors\"...', Array, true)
#5 /Users/zawhtetnaung/Documents/Webprojects/ecommerce-api/vendor/laravel/framework/src/Illuminate/Database/Query/Builder.php(3374): Illuminate\\Database\\Query\\Builder->runSelect()
#6 /Users/zawhtetnaung/Documents/Webprojects/ecommerce-api/vendor/laravel/framework/src/Illuminate/Database/Query/Builder.php(3964): Illuminate\\Database\\Query\\Builder->{closure:Illuminate\\Database\\Query\\Builder::get():3373}()
#7 /Users/zawhtetnaung/Documents/Webprojects/ecommerce-api/vendor/laravel/framework/src/Illuminate/Database/Query/Builder.php(3373): Illuminate\\Database\\Query\\Builder->onceWithColumns(Array, Object(Closure))
#8 /Users/zawhtetnaung/Documents/Webprojects/ecommerce-api/vendor/laravel/framework/src/Illuminate/Database/Eloquent/Builder.php(902): Illuminate\\Database\\Query\\Builder->get(Array)
#9 /Users/zawhtetnaung/Documents/Webprojects/ecommerce-api/vendor/laravel/framework/src/Illuminate/Database/Eloquent/Relations/BelongsToMany.php(910): Illuminate\\Database\\Eloquent\\Builder->getModels()
#10 /Users/zawhtetnaung/Documents/Webprojects/ecommerce-api/vendor/laravel/framework/src/Illuminate/Database/Eloquent/Relations/Relation.php(175): Illuminate\\Database\\Eloquent\\Relations\\BelongsToMany->get()
#11 /Users/zawhtetnaung/Documents/Webprojects/ecommerce-api/vendor/laravel/framework/src/Illuminate/Database/Eloquent/Builder.php(950): Illuminate\\Database\\Eloquent\\Relations\\Relation->getEager()
#12 /Users/zawhtetnaung/Documents/Webprojects/ecommerce-api/vendor/laravel/framework/src/Illuminate/Database/Eloquent/Builder.php(919): Illuminate\\Database\\Eloquent\\Builder->eagerLoadRelation(Array, 'colors', Object(Closure))
#13 /Users/zawhtetnaung/Documents/Webprojects/ecommerce-api/vendor/laravel/framework/src/Illuminate/Database/Eloquent/Builder.php(885): Illuminate\\Database\\Eloquent\\Builder->eagerLoadRelations(Array)
#14 /Users/zawhtetnaung/Documents/Webprojects/ecommerce-api/app/Http/Controllers/Api/ProductController.php(28): Illuminate\\Database\\Eloquent\\Builder->get()
#15 /Users/zawhtetnaung/Documents/Webprojects/ecommerce-api/vendor/laravel/framework/src/Illuminate/Routing/ControllerDispatcher.php(46): App\\Http\\Controllers\\Api\\ProductController->index()
#16 /Users/zawhtetnaung/Documents/Webprojects/ecommerce-api/vendor/laravel/framework/src/Illuminate/Routing/Route.php(265): Illuminate\\Routing\\ControllerDispatcher->dispatch(Object(Illuminate\\Routing\\Route), Object(App\\Http\\Controllers\\Api\\ProductController), 'index')
#17 /Users/zawhtetnaung/Documents/Webprojects/ecommerce-api/vendor/laravel/framework/src/Illuminate/Routing/Route.php(211): Illuminate\\Routing\\Route->runController()
#18 /Users/zawhtetnaung/Documents/Webprojects/ecommerce-api/vendor/laravel/framework/src/Illuminate/Routing/Router.php(822): Illuminate\\Routing\\Route->run()
#19 /Users/zawhtetnaung/Documents/Webprojects/ecommerce-api/vendor/laravel/framework/src/Illuminate/Pipeline/Pipeline.php(180): Illuminate\\Routing\\Router->{closure:Illuminate\\Routing\\Router::runRouteWithinStack():821}(Object(Illuminate\\Http\\Request))
#20 /Users/zawhtetnaung/Documents/Webprojects/ecommerce-api/vendor/laravel/framework/src/Illuminate/Routing/Middleware/SubstituteBindings.php(50): Illuminate\\Pipeline\\Pipeline->{closure:Illuminate\\Pipeline\\Pipeline::prepareDestination():178}(Object(Illuminate\\Http\\Request))
#21 /Users/zawhtetnaung/Documents/Webprojects/ecommerce-api/vendor/laravel/framework/src/Illuminate/Pipeline/Pipeline.php(219): Illuminate\\Routing\\Middleware\\SubstituteBindings->handle(Object(Illuminate\\Http\\Request), Object(Closure))
#22 /Users/zawhtetnaung/Documents/Webprojects/ecommerce-api/vendor/laravel/framework/src/Illuminate/Auth/Middleware/Authenticate.php(63): Illuminate\\Pipeline\\Pipeline->{closure:{closure:Illuminate\\Pipeline\\Pipeline::carry():194}:195}(Object(Illuminate\\Http\\Request))
#23 /Users/zawhtetnaung/Documents/Webprojects/ecommerce-api/vendor/laravel/framework/src/Illuminate/Pipeline/Pipeline.php(219): Illuminate\\Auth\\Middleware\\Authenticate->handle(Object(Illuminate\\Http\\Request), Object(Closure), 'sanctum')
#24 /Users/zawhtetnaung/Documents/Webprojects/ecommerce-api/vendor/laravel/framework/src/Illuminate/Pipeline/Pipeline.php(137): Illuminate\\Pipeline\\Pipeline->{closure:{closure:Illuminate\\Pipeline\\Pipeline::carry():194}:195}(Object(Illuminate\\Http\\Request))
#25 /Users/zawhtetnaung/Documents/Webprojects/ecommerce-api/vendor/laravel/framework/src/Illuminate/Routing/Router.php(821): Illuminate\\Pipeline\\Pipeline->then(Object(Closure))
#26 /Users/zawhtetnaung/Documents/Webprojects/ecommerce-api/vendor/laravel/framework/src/Illuminate/Routing/Router.php(800): Illuminate\\Routing\\Router->runRouteWithinStack(Object(Illuminate\\Routing\\Route), Object(Illuminate\\Http\\Request))
#27 /Users/zawhtetnaung/Documents/Webprojects/ecommerce-api/vendor/laravel/framework/src/Illuminate/Routing/Router.php(764): Illuminate\\Routing\\Router->runRoute(Object(Illuminate\\Http\\Request), Object(Illuminate\\Routing\\Route))
#28 /Users/zawhtetnaung/Documents/Webprojects/ecommerce-api/vendor/laravel/framework/src/Illuminate/Routing/Router.php(753): Illuminate\\Routing\\Router->dispatchToRoute(Object(Illuminate\\Http\\Request))
#29 /Users/zawhtetnaung/Documents/Webprojects/ecommerce-api/vendor/laravel/framework/src/Illuminate/Foundation/Http/Kernel.php(200): Illuminate\\Routing\\Router->dispatch(Object(Illuminate\\Http\\Request))
#30 /Users/zawhtetnaung/Documents/Webprojects/ecommerce-api/vendor/laravel/framework/src/Illuminate/Pipeline/Pipeline.php(180): Illuminate\\Foundation\\Http\\Kernel->{closure:Illuminate\\Foundation\\Http\\Kernel::dispatchToRouter():197}(Object(Illuminate\\Http\\Request))
#31 /Users/zawhtetnaung/Documents/Webprojects/ecommerce-api/vendor/laravel/framework/src/Illuminate/Foundation/Http/Middleware/TransformsRequest.php(21): Illuminate\\Pipeline\\Pipeline->{closure:Illuminate\\Pipeline\\Pipeline::prepareDestination():178}(Object(Illuminate\\Http\\Request))
#32 /Users/zawhtetnaung/Documents/Webprojects/ecommerce-api/vendor/laravel/framework/src/Illuminate/Foundation/Http/Middleware/ConvertEmptyStringsToNull.php(31): Illuminate\\Foundation\\Http\\Middleware\\TransformsRequest->handle(Object(Illuminate\\Http\\Request), Object(Closure))
#33 /Users/zawhtetnaung/Documents/Webprojects/ecommerce-api/vendor/laravel/framework/src/Illuminate/Pipeline/Pipeline.php(219): Illuminate\\Foundation\\Http\\Middleware\\ConvertEmptyStringsToNull->handle(Object(Illuminate\\Http\\Request), Object(Closure))
#34 /Users/zawhtetnaung/Documents/Webprojects/ecommerce-api/vendor/laravel/framework/src/Illuminate/Foundation/Http/Middleware/TransformsRequest.php(21): Illuminate\\Pipeline\\Pipeline->{closure:{closure:Illuminate\\Pipeline\\Pipeline::carry():194}:195}(Object(Illuminate\\Http\\Request))
#35 /Users/zawhtetnaung/Documents/Webprojects/ecommerce-api/vendor/laravel/framework/src/Illuminate/Foundation/Http/Middleware/TrimStrings.php(51): Illuminate\\Foundation\\Http\\Middleware\\TransformsRequest->handle(Object(Illuminate\\Http\\Request), Object(Closure))
#36 /Users/zawhtetnaung/Documents/Webprojects/ecommerce-api/vendor/laravel/framework/src/Illuminate/Pipeline/Pipeline.php(219): Illuminate\\Foundation\\Http\\Middleware\\TrimStrings->handle(Object(Illuminate\\Http\\Request), Object(Closure))
#37 /Users/zawhtetnaung/Documents/Webprojects/ecommerce-api/vendor/laravel/framework/src/Illuminate/Http/Middleware/ValidatePostSize.php(27): Illuminate\\Pipeline\\Pipeline->{closure:{closure:Illuminate\\Pipeline\\Pipeline::carry():194}:195}(Object(Illuminate\\Http\\Request))
#38 /Users/zawhtetnaung/Documents/Webprojects/ecommerce-api/vendor/laravel/framework/src/Illuminate/Pipeline/Pipeline.php(219): Illuminate\\Http\\Middleware\\ValidatePostSize->handle(Object(Illuminate\\Http\\Request), Object(Closure))
#39 /Users/zawhtetnaung/Documents/Webprojects/ecommerce-api/vendor/laravel/framework/src/Illuminate/Foundation/Http/Middleware/PreventRequestsDuringMaintenance.php(109): Illuminate\\Pipeline\\Pipeline->{closure:{closure:Illuminate\\Pipeline\\Pipeline::carry():194}:195}(Object(Illuminate\\Http\\Request))
#40 /Users/zawhtetnaung/Documents/Webprojects/ecommerce-api/vendor/laravel/framework/src/Illuminate/Pipeline/Pipeline.php(219): Illuminate\\Foundation\\Http\\Middleware\\PreventRequestsDuringMaintenance->handle(Object(Illuminate\\Http\\Request), Object(Closure))
#41 /Users/zawhtetnaung/Documents/Webprojects/ecommerce-api/vendor/laravel/framework/src/Illuminate/Http/Middleware/HandleCors.php(74): Illuminate\\Pipeline\\Pipeline->{closure:{closure:Illuminate\\Pipeline\\Pipeline::carry():194}:195}(Object(Illuminate\\Http\\Request))
#42 /Users/zawhtetnaung/Documents/Webprojects/ecommerce-api/vendor/laravel/framework/src/Illuminate/Pipeline/Pipeline.php(219): Illuminate\\Http\\Middleware\\HandleCors->handle(Object(Illuminate\\Http\\Request), Object(Closure))
#43 /Users/zawhtetnaung/Documents/Webprojects/ecommerce-api/vendor/laravel/framework/src/Illuminate/Http/Middleware/TrustProxies.php(58): Illuminate\\Pipeline\\Pipeline->{closure:{closure:Illuminate\\Pipeline\\Pipeline::carry():194}:195}(Object(Illuminate\\Http\\Request))
#44 /Users/zawhtetnaung/Documents/Webprojects/ecommerce-api/vendor/laravel/framework/src/Illuminate/Pipeline/Pipeline.php(219): Illuminate\\Http\\Middleware\\TrustProxies->handle(Object(Illuminate\\Http\\Request), Object(Closure))
#45 /Users/zawhtetnaung/Documents/Webprojects/ecommerce-api/vendor/laravel/framework/src/Illuminate/Foundation/Http/Middleware/InvokeDeferredCallbacks.php(22): Illuminate\\Pipeline\\Pipeline->{closure:{closure:Illuminate\\Pipeline\\Pipeline::carry():194}:195}(Object(Illuminate\\Http\\Request))
#46 /Users/zawhtetnaung/Documents/Webprojects/ecommerce-api/vendor/laravel/framework/src/Illuminate/Pipeline/Pipeline.php(219): Illuminate\\Foundation\\Http\\Middleware\\InvokeDeferredCallbacks->handle(Object(Illuminate\\Http\\Request), Object(Closure))
#47 /Users/zawhtetnaung/Documents/Webprojects/ecommerce-api/vendor/laravel/framework/src/Illuminate/Http/Middleware/ValidatePathEncoding.php(26): Illuminate\\Pipeline\\Pipeline->{closure:{closure:Illuminate\\Pipeline\\Pipeline::carry():194}:195}(Object(Illuminate\\Http\\Request))
#48 /Users/zawhtetnaung/Documents/Webprojects/ecommerce-api/vendor/laravel/framework/src/Illuminate/Pipeline/Pipeline.php(219): Illuminate\\Http\\Middleware\\ValidatePathEncoding->handle(Object(Illuminate\\Http\\Request), Object(Closure))
#49 /Users/zawhtetnaung/Documents/Webprojects/ecommerce-api/vendor/laravel/framework/src/Illuminate/Pipeline/Pipeline.php(137): Illuminate\\Pipeline\\Pipeline->{closure:{closure:Illuminate\\Pipeline\\Pipeline::carry():194}:195}(Object(Illuminate\\Http\\Request))
#50 /Users/zawhtetnaung/Documents/Webprojects/ecommerce-api/vendor/laravel/framework/src/Illuminate/Foundation/Http/Kernel.php(175): Illuminate\\Pipeline\\Pipeline->then(Object(Closure))
#51 /Users/zawhtetnaung/Documents/Webprojects/ecommerce-api/vendor/laravel/framework/src/Illuminate/Foundation/Http/Kernel.php(144): Illuminate\\Foundation\\Http\\Kernel->sendRequestThroughRouter(Object(Illuminate\\Http\\Request))
#52 /Users/zawhtetnaung/Documents/Webprojects/ecommerce-api/vendor/laravel/framework/src/Illuminate/Foundation/Application.php(1220): Illuminate\\Foundation\\Http\\Kernel->handle(Object(Illuminate\\Http\\Request))
#53 /Users/zawhtetnaung/Documents/Webprojects/ecommerce-api/public/index.php(20): Illuminate\\Foundation\\Application->handleRequest(Object(Illuminate\\Http\\Request))
#54 /Users/zawhtetnaung/Documents/Webprojects/ecommerce-api/vendor/laravel/framework/src/Illuminate/Foundation/resources/server.php(23): require_once('/Users/zawhtetn...')
#55 {main}
"} 
[2026-02-04 14:55:35] local.ERROR: SQLSTATE[HY000]: General error: 1 no such table: colors (Connection: sqlite, Database: /Users/zawhtetnaung/Documents/Webprojects/ecommerce-api/database/database.sqlite, SQL: select "colors"."id", "colors"."name", "colors"."hex_code", "colors"."is_active", "color_product"."product_id" as "pivot_product_id", "color_product"."color_id" as "pivot_color_id" from "colors" inner join "color_product" on "colors"."id" = "color_product"."color_id" where "color_product"."product_id" in (1, 2)) {"userId":2,"exception":"[object] (Illuminate\\Database\\QueryException(code: HY000): SQLSTATE[HY000]: General error: 1 no such table: colors (Connection: sqlite, Database: /Users/zawhtetnaung/Documents/Webprojects/ecommerce-api/database/database.sqlite, SQL: select \"colors\".\"id\", \"colors\".\"name\", \"colors\".\"hex_code\", \"colors\".\"is_active\", \"color_product\".\"product_id\" as \"pivot_product_id\", \"color_product\".\"color_id\" as \"pivot_color_id\" from \"colors\" inner join \"color_product\" on \"colors\".\"id\" = \"color_product\".\"color_id\" where \"color_product\".\"product_id\" in (1, 2)) at /Users/zawhtetnaung/Documents/Webprojects/ecommerce-api/vendor/laravel/framework/src/Illuminate/Database/Connection.php:838)
[stacktrace]
#0 /Users/zawhtetnaung/Documents/Webprojects/ecommerce-api/vendor/laravel/framework/src/Illuminate/Database/Connection.php(794): Illuminate\\Database\\Connection->runQueryCallback('select \"colors\"...', Array, Object(Closure))
#1 /Users/zawhtetnaung/Documents/Webprojects/ecommerce-api/vendor/laravel/framework/src/Illuminate/Database/Connection.php(411): Illuminate\\Database\\Connection->run('select \"colors\"...', Array, Object(Closure))
#2 /Users/zawhtetnaung/Documents/Webprojects/ecommerce-api/vendor/laravel/framework/src/Illuminate/Database/Query/Builder.php(3389): Illuminate\\Database\\Connection->select('select \"colors\"...', Array, true)
#3 /Users/zawhtetnaung/Documents/Webprojects/ecommerce-api/vendor/laravel/framework/src/Illuminate/Database/Query/Builder.php(3374): Illuminate\\Database\\Query\\Builder->runSelect()
#4 /Users/zawhtetnaung/Documents/Webprojects/ecommerce-api/vendor/laravel/framework/src/Illuminate/Database/Query/Builder.php(3964): Illuminate\\Database\\Query\\Builder->{closure:Illuminate\\Database\\Query\\Builder::get():3373}()
#5 /Users/zawhtetnaung/Documents/Webprojects/ecommerce-api/vendor/laravel/framework/src/Illuminate/Database/Query/Builder.php(3373): Illuminate\\Database\\Query\\Builder->onceWithColumns(Array, Object(Closure))
#6 /Users/zawhtetnaung/Documents/Webprojects/ecommerce-api/vendor/laravel/framework/src/Illuminate/Database/Eloquent/Builder.php(902): Illuminate\\Database\\Query\\Builder->get(Array)
#7 /Users/zawhtetnaung/Documents/Webprojects/ecommerce-api/vendor/laravel/framework/src/Illuminate/Database/Eloquent/Relations/BelongsToMany.php(910): Illuminate\\Database\\Eloquent\\Builder->getModels()
#8 /Users/zawhtetnaung/Documents/Webprojects/ecommerce-api/vendor/laravel/framework/src/Illuminate/Database/Eloquent/Relations/Relation.php(175): Illuminate\\Database\\Eloquent\\Relations\\BelongsToMany->get()
#9 /Users/zawhtetnaung/Documents/Webprojects/ecommerce-api/vendor/laravel/framework/src/Illuminate/Database/Eloquent/Builder.php(950): Illuminate\\Database\\Eloquent\\Relations\\Relation->getEager()
#10 /Users/zawhtetnaung/Documents/Webprojects/ecommerce-api/vendor/laravel/framework/src/Illuminate/Database/Eloquent/Builder.php(919): Illuminate\\Database\\Eloquent\\Builder->eagerLoadRelation(Array, 'colors', Object(Closure))
#11 /Users/zawhtetnaung/Documents/Webprojects/ecommerce-api/vendor/laravel/framework/src/Illuminate/Database/Eloquent/Builder.php(885): Illuminate\\Database\\Eloquent\\Builder->eagerLoadRelations(Array)
#12 /Users/zawhtetnaung/Documents/Webprojects/ecommerce-api/app/Http/Controllers/Api/ProductController.php(28): Illuminate\\Database\\Eloquent\\Builder->get()
#13 /Users/zawhtetnaung/Documents/Webprojects/ecommerce-api/vendor/laravel/framework/src/Illuminate/Routing/ControllerDispatcher.php(46): App\\Http\\Controllers\\Api\\ProductController->index()
#14 /Users/zawhtetnaung/Documents/Webprojects/ecommerce-api/vendor/laravel/framework/src/Illuminate/Routing/Route.php(265): Illuminate\\Routing\\ControllerDispatcher->dispatch(Object(Illuminate\\Routing\\Route), Object(App\\Http\\Controllers\\Api\\ProductController), 'index')
#15 /Users/zawhtetnaung/Documents/Webprojects/ecommerce-api/vendor/laravel/framework/src/Illuminate/Routing/Route.php(211): Illuminate\\Routing\\Route->runController()
#16 /Users/zawhtetnaung/Documents/Webprojects/ecommerce-api/vendor/laravel/framework/src/Illuminate/Routing/Router.php(822): Illuminate\\Routing\\Route->run()
#17 /Users/zawhtetnaung/Documents/Webprojects/ecommerce-api/vendor/laravel/framework/src/Illuminate/Pipeline/Pipeline.php(180): Illuminate\\Routing\\Router->{closure:Illuminate\\Routing\\Router::runRouteWithinStack():821}(Object(Illuminate\\Http\\Request))
#18 /Users/zawhtetnaung/Documents/Webprojects/ecommerce-api/vendor/laravel/framework/src/Illuminate/Routing/Middleware/SubstituteBindings.php(50): Illuminate\\Pipeline\\Pipeline->{closure:Illuminate\\Pipeline\\Pipeline::prepareDestination():178}(Object(Illuminate\\Http\\Request))
#19 /Users/zawhtetnaung/Documents/Webprojects/ecommerce-api/vendor/laravel/framework/src/Illuminate/Pipeline/Pipeline.php(219): Illuminate\\Routing\\Middleware\\SubstituteBindings->handle(Object(Illuminate\\Http\\Request), Object(Closure))
#20 /Users/zawhtetnaung/Documents/Webprojects/ecommerce-api/vendor/laravel/framework/src/Illuminate/Auth/Middleware/Authenticate.php(63): Illuminate\\Pipeline\\Pipeline->{closure:{closure:Illuminate\\Pipeline\\Pipeline::carry():194}:195}(Object(Illuminate\\Http\\Request))
#21 /Users/zawhtetnaung/Documents/Webprojects/ecommerce-api/vendor/laravel/framework/src/Illuminate/Pipeline/Pipeline.php(219): Illuminate\\Auth\\Middleware\\Authenticate->handle(Object(Illuminate\\Http\\Request), Object(Closure), 'sanctum')
#22 /Users/zawhtetnaung/Documents/Webprojects/ecommerce-api/vendor/laravel/framework/src/Illuminate/Pipeline/Pipeline.php(137): Illuminate\\Pipeline\\Pipeline->{closure:{closure:Illuminate\\Pipeline\\Pipeline::carry():194}:195}(Object(Illuminate\\Http\\Request))
#23 /Users/zawhtetnaung/Documents/Webprojects/ecommerce-api/vendor/laravel/framework/src/Illuminate/Routing/Router.php(821): Illuminate\\Pipeline\\Pipeline->then(Object(Closure))
#24 /Users/zawhtetnaung/Documents/Webprojects/ecommerce-api/vendor/laravel/framework/src/Illuminate/Routing/Router.php(800): Illuminate\\Routing\\Router->runRouteWithinStack(Object(Illuminate\\Routing\\Route), Object(Illuminate\\Http\\Request))
#25 /Users/zawhtetnaung/Documents/Webprojects/ecommerce-api/vendor/laravel/framework/src/Illuminate/Routing/Router.php(764): Illuminate\\Routing\\Router->runRoute(Object(Illuminate\\Http\\Request), Object(Illuminate\\Routing\\Route))
#26 /Users/zawhtetnaung/Documents/Webprojects/ecommerce-api/vendor/laravel/framework/src/Illuminate/Routing/Router.php(753): Illuminate\\Routing\\Router->dispatchToRoute(Object(Illuminate\\Http\\Request))
#27 /Users/zawhtetnaung/Documents/Webprojects/ecommerce-api/vendor/laravel/framework/src/Illuminate/Foundation/Http/Kernel.php(200): Illuminate\\Routing\\Router->dispatch(Object(Illuminate\\Http\\Request))
#28 /Users/zawhtetnaung/Documents/Webprojects/ecommerce-api/vendor/laravel/framework/src/Illuminate/Pipeline/Pipeline.php(180): Illuminate\\Foundation\\Http\\Kernel->{closure:Illuminate\\Foundation\\Http\\Kernel::dispatchToRouter():197}(Object(Illuminate\\Http\\Request))
#29 /Users/zawhtetnaung/Documents/Webprojects/ecommerce-api/vendor/laravel/framework/src/Illuminate/Foundation/Http/Middleware/TransformsRequest.php(21): Illuminate\\Pipeline\\Pipeline->{closure:Illuminate\\Pipeline\\Pipeline::prepareDestination():178}(Object(Illuminate\\Http\\Request))
#30 /Users/zawhtetnaung/Documents/Webprojects/ecommerce-api/vendor/laravel/framework/src/Illuminate/Foundation/Http/Middleware/ConvertEmptyStringsToNull.php(31): Illuminate\\Foundation\\Http\\Middleware\\TransformsRequest->handle(Object(Illuminate\\Http\\Request), Object(Closure))
#31 /Users/zawhtetnaung/Documents/Webprojects/ecommerce-api/vendor/laravel/framework/src/Illuminate/Pipeline/Pipeline.php(219): Illuminate\\Foundation\\Http\\Middleware\\ConvertEmptyStringsToNull->handle(Object(Illuminate\\Http\\Request), Object(Closure))
#32 /Users/zawhtetnaung/Documents/Webprojects/ecommerce-api/vendor/laravel/framework/src/Illuminate/Foundation/Http/Middleware/TransformsRequest.php(21): Illuminate\\Pipeline\\Pipeline->{closure:{closure:Illuminate\\Pipeline\\Pipeline::carry():194}:195}(Object(Illuminate\\Http\\Request))
#33 /Users/zawhtetnaung/Documents/Webprojects/ecommerce-api/vendor/laravel/framework/src/Illuminate/Foundation/Http/Middleware/TrimStrings.php(51): Illuminate\\Foundation\\Http\\Middleware\\TransformsRequest->handle(Object(Illuminate\\Http\\Request), Object(Closure))
#34 /Users/zawhtetnaung/Documents/Webprojects/ecommerce-api/vendor/laravel/framework/src/Illuminate/Pipeline/Pipeline.php(219): Illuminate\\Foundation\\Http\\Middleware\\TrimStrings->handle(Object(Illuminate\\Http\\Request), Object(Closure))
#35 /Users/zawhtetnaung/Documents/Webprojects/ecommerce-api/vendor/laravel/framework/src/Illuminate/Http/Middleware/ValidatePostSize.php(27): Illuminate\\Pipeline\\Pipeline->{closure:{closure:Illuminate\\Pipeline\\Pipeline::carry():194}:195}(Object(Illuminate\\Http\\Request))
#36 /Users/zawhtetnaung/Documents/Webprojects/ecommerce-api/vendor/laravel/framework/src/Illuminate/Pipeline/Pipeline.php(219): Illuminate\\Http\\Middleware\\ValidatePostSize->handle(Object(Illuminate\\Http\\Request), Object(Closure))
#37 /Users/zawhtetnaung/Documents/Webprojects/ecommerce-api/vendor/laravel/framework/src/Illuminate/Foundation/Http/Middleware/PreventRequestsDuringMaintenance.php(109): Illuminate\\Pipeline\\Pipeline->{closure:{closure:Illuminate\\Pipeline\\Pipeline::carry():194}:195}(Object(Illuminate\\Http\\Request))
#38 /Users/zawhtetnaung/Documents/Webprojects/ecommerce-api/vendor/laravel/framework/src/Illuminate/Pipeline/Pipeline.php(219): Illuminate\\Foundation\\Http\\Middleware\\PreventRequestsDuringMaintenance->handle(Object(Illuminate\\Http\\Request), Object(Closure))
#39 /Users/zawhtetnaung/Documents/Webprojects/ecommerce-api/vendor/laravel/framework/src/Illuminate/Http/Middleware/HandleCors.php(74): Illuminate\\Pipeline\\Pipeline->{closure:{closure:Illuminate\\Pipeline\\Pipeline::carry():194}:195}(Object(Illuminate\\Http\\Request))
#40 /Users/zawhtetnaung/Documents/Webprojects/ecommerce-api/vendor/laravel/framework/src/Illuminate/Pipeline/Pipeline.php(219): Illuminate\\Http\\Middleware\\HandleCors->handle(Object(Illuminate\\Http\\Request), Object(Closure))
#41 /Users/zawhtetnaung/Documents/Webprojects/ecommerce-api/vendor/laravel/framework/src/Illuminate/Http/Middleware/TrustProxies.php(58): Illuminate\\Pipeline\\Pipeline->{closure:{closure:Illuminate\\Pipeline\\Pipeline::carry():194}:195}(Object(Illuminate\\Http\\Request))
#42 /Users/zawhtetnaung/Documents/Webprojects/ecommerce-api/vendor/laravel/framework/src/Illuminate/Pipeline/Pipeline.php(219): Illuminate\\Http\\Middleware\\TrustProxies->handle(Object(Illuminate\\Http\\Request), Object(Closure))
#43 /Users/zawhtetnaung/Documents/Webprojects/ecommerce-api/vendor/laravel/framework/src/Illuminate/Foundation/Http/Middleware/InvokeDeferredCallbacks.php(22): Illuminate\\Pipeline\\Pipeline->{closure:{closure:Illuminate\\Pipeline\\Pipeline::carry():194}:195}(Object(Illuminate\\Http\\Request))
#44 /Users/zawhtetnaung/Documents/Webprojects/ecommerce-api/vendor/laravel/framework/src/Illuminate/Pipeline/Pipeline.php(219): Illuminate\\Foundation\\Http\\Middleware\\InvokeDeferredCallbacks->handle(Object(Illuminate\\Http\\Request), Object(Closure))
#45 /Users/zawhtetnaung/Documents/Webprojects/ecommerce-api/vendor/laravel/framework/src/Illuminate/Http/Middleware/ValidatePathEncoding.php(26): Illuminate\\Pipeline\\Pipeline->{closure:{closure:Illuminate\\Pipeline\\Pipeline::carry():194}:195}(Object(Illuminate\\Http\\Request))
#46 /Users/zawhtetnaung/Documents/Webprojects/ecommerce-api/vendor/laravel/framework/src/Illuminate/Pipeline/Pipeline.php(219): Illuminate\\Http\\Middleware\\ValidatePathEncoding->handle(Object(Illuminate\\Http\\Request), Object(Closure))
#47 /Users/zawhtetnaung/Documents/Webprojects/ecommerce-api/vendor/laravel/framework/src/Illuminate/Pipeline/Pipeline.php(137): Illuminate\\Pipeline\\Pipeline->{closure:{closure:Illuminate\\Pipeline\\Pipeline::carry():194}:195}(Object(Illuminate\\Http\\Request))
#48 /Users/zawhtetnaung/Documents/Webprojects/ecommerce-api/vendor/laravel/framework/src/Illuminate/Foundation/Http/Kernel.php(175): Illuminate\\Pipeline\\Pipeline->then(Object(Closure))
#49 /Users/zawhtetnaung/Documents/Webprojects/ecommerce-api/vendor/laravel/framework/src/Illuminate/Foundation/Http/Kernel.php(144): Illuminate\\Foundation\\Http\\Kernel->sendRequestThroughRouter(Object(Illuminate\\Http\\Request))
#50 /Users/zawhtetnaung/Documents/Webprojects/ecommerce-api/vendor/laravel/framework/src/Illuminate/Foundation/Application.php(1220): Illuminate\\Foundation\\Http\\Kernel->handle(Object(Illuminate\\Http\\Request))
#51 /Users/zawhtetnaung/Documents/Webprojects/ecommerce-api/public/index.php(20): Illuminate\\Foundation\\Application->handleRequest(Object(Illuminate\\Http\\Request))
#52 /Users/zawhtetnaung/Documents/Webprojects/ecommerce-api/vendor/laravel/framework/src/Illuminate/Foundation/resources/server.php(23): require_once('/Users/zawhtetn...')
#53 {main}

[previous exception] [object] (PDOException(code: HY000): SQLSTATE[HY000]: General error: 1 no such table: colors at /Users/zawhtetnaung/Documents/Webprojects/ecommerce-api/vendor/laravel/framework/src/Illuminate/Database/Connection.php:420)
[stacktrace]
#0 /Users/zawhtetnaung/Documents/Webprojects/ecommerce-api/vendor/laravel/framework/src/Illuminate/Database/Connection.php(420): PDO->prepare('select \"colors\"...')
#1 /Users/zawhtetnaung/Documents/Webprojects/ecommerce-api/vendor/laravel/framework/src/Illuminate/Database/Connection.php(827): Illuminate\\Database\\Connection->{closure:Illuminate\\Database\\Connection::select():411}('select \"colors\"...', Array)
#2 /Users/zawhtetnaung/Documents/Webprojects/ecommerce-api/vendor/laravel/framework/src/Illuminate/Database/Connection.php(794): Illuminate\\Database\\Connection->runQueryCallback('select \"colors\"...', Array, Object(Closure))
#3 /Users/zawhtetnaung/Documents/Webprojects/ecommerce-api/vendor/laravel/framework/src/Illuminate/Database/Connection.php(411): Illuminate\\Database\\Connection->run('select \"colors\"...', Array, Object(Closure))
#4 /Users/zawhtetnaung/Documents/Webprojects/ecommerce-api/vendor/laravel/framework/src/Illuminate/Database/Query/Builder.php(3389): Illuminate\\Database\\Connection->select('select \"colors\"...', Array, true)
#5 /Users/zawhtetnaung/Documents/Webprojects/ecommerce-api/vendor/laravel/framework/src/Illuminate/Database/Query/Builder.php(3374): Illuminate\\Database\\Query\\Builder->runSelect()
#6 /Users/zawhtetnaung/Documents/Webprojects/ecommerce-api/vendor/laravel/framework/src/Illuminate/Database/Query/Builder.php(3964): Illuminate\\Database\\Query\\Builder->{closure:Illuminate\\Database\\Query\\Builder::get():3373}()
#7 /Users/zawhtetnaung/Documents/Webprojects/ecommerce-api/vendor/laravel/framework/src/Illuminate/Database/Query/Builder.php(3373): Illuminate\\Database\\Query\\Builder->onceWithColumns(Array, Object(Closure))
#8 /Users/zawhtetnaung/Documents/Webprojects/ecommerce-api/vendor/laravel/framework/src/Illuminate/Database/Eloquent/Builder.php(902): Illuminate\\Database\\Query\\Builder->get(Array)
#9 /Users/zawhtetnaung/Documents/Webprojects/ecommerce-api/vendor/laravel/framework/src/Illuminate/Database/Eloquent/Relations/BelongsToMany.php(910): Illuminate\\Database\\Eloquent\\Builder->getModels()
#10 /Users/zawhtetnaung/Documents/Webprojects/ecommerce-api/vendor/laravel/framework/src/Illuminate/Database/Eloquent/Relations/Relation.php(175): Illuminate\\Database\\Eloquent\\Relations\\BelongsToMany->get()
#11 /Users/zawhtetnaung/Documents/Webprojects/ecommerce-api/vendor/laravel/framework/src/Illuminate/Database/Eloquent/Builder.php(950): Illuminate\\Database\\Eloquent\\Relations\\Relation->getEager()
#12 /Users/zawhtetnaung/Documents/Webprojects/ecommerce-api/vendor/laravel/framework/src/Illuminate/Database/Eloquent/Builder.php(919): Illuminate\\Database\\Eloquent\\Builder->eagerLoadRelation(Array, 'colors', Object(Closure))
#13 /Users/zawhtetnaung/Documents/Webprojects/ecommerce-api/vendor/laravel/framework/src/Illuminate/Database/Eloquent/Builder.php(885): Illuminate\\Database\\Eloquent\\Builder->eagerLoadRelations(Array)
#14 /Users/zawhtetnaung/Documents/Webprojects/ecommerce-api/app/Http/Controllers/Api/ProductController.php(28): Illuminate\\Database\\Eloquent\\Builder->get()
#15 /Users/zawhtetnaung/Documents/Webprojects/ecommerce-api/vendor/laravel/framework/src/Illuminate/Routing/ControllerDispatcher.php(46): App\\Http\\Controllers\\Api\\ProductController->index()
#16 /Users/zawhtetnaung/Documents/Webprojects/ecommerce-api/vendor/laravel/framework/src/Illuminate/Routing/Route.php(265): Illuminate\\Routing\\ControllerDispatcher->dispatch(Object(Illuminate\\Routing\\Route), Object(App\\Http\\Controllers\\Api\\ProductController), 'index')
#17 /Users/zawhtetnaung/Documents/Webprojects/ecommerce-api/vendor/laravel/framework/src/Illuminate/Routing/Route.php(211): Illuminate\\Routing\\Route->runController()
#18 /Users/zawhtetnaung/Documents/Webprojects/ecommerce-api/vendor/laravel/framework/src/Illuminate/Routing/Router.php(822): Illuminate\\Routing\\Route->run()
#19 /Users/zawhtetnaung/Documents/Webprojects/ecommerce-api/vendor/laravel/framework/src/Illuminate/Pipeline/Pipeline.php(180): Illuminate\\Routing\\Router->{closure:Illuminate\\Routing\\Router::runRouteWithinStack():821}(Object(Illuminate\\Http\\Request))
#20 /Users/zawhtetnaung/Documents/Webprojects/ecommerce-api/vendor/laravel/framework/src/Illuminate/Routing/Middleware/SubstituteBindings.php(50): Illuminate\\Pipeline\\Pipeline->{closure:Illuminate\\Pipeline\\Pipeline::prepareDestination():178}(Object(Illuminate\\Http\\Request))
#21 /Users/zawhtetnaung/Documents/Webprojects/ecommerce-api/vendor/laravel/framework/src/Illuminate/Pipeline/Pipeline.php(219): Illuminate\\Routing\\Middleware\\SubstituteBindings->handle(Object(Illuminate\\Http\\Request), Object(Closure))
#22 /Users/zawhtetnaung/Documents/Webprojects/ecommerce-api/vendor/laravel/framework/src/Illuminate/Auth/Middleware/Authenticate.php(63): Illuminate\\Pipeline\\Pipeline->{closure:{closure:Illuminate\\Pipeline\\Pipeline::carry():194}:195}(Object(Illuminate\\Http\\Request))
#23 /Users/zawhtetnaung/Documents/Webprojects/ecommerce-api/vendor/laravel/framework/src/Illuminate/Pipeline/Pipeline.php(219): Illuminate\\Auth\\Middleware\\Authenticate->handle(Object(Illuminate\\Http\\Request), Object(Closure), 'sanctum')
#24 /Users/zawhtetnaung/Documents/Webprojects/ecommerce-api/vendor/laravel/framework/src/Illuminate/Pipeline/Pipeline.php(137): Illuminate\\Pipeline\\Pipeline->{closure:{closure:Illuminate\\Pipeline\\Pipeline::carry():194}:195}(Object(Illuminate\\Http\\Request))
#25 /Users/zawhtetnaung/Documents/Webprojects/ecommerce-api/vendor/laravel/framework/src/Illuminate/Routing/Router.php(821): Illuminate\\Pipeline\\Pipeline->then(Object(Closure))
#26 /Users/zawhtetnaung/Documents/Webprojects/ecommerce-api/vendor/laravel/framework/src/Illuminate/Routing/Router.php(800): Illuminate\\Routing\\Router->runRouteWithinStack(Object(Illuminate\\Routing\\Route), Object(Illuminate\\Http\\Request))
#27 /Users/zawhtetnaung/Documents/Webprojects/ecommerce-api/vendor/laravel/framework/src/Illuminate/Routing/Router.php(764): Illuminate\\Routing\\Router->runRoute(Object(Illuminate\\Http\\Request), Object(Illuminate\\Routing\\Route))
#28 /Users/zawhtetnaung/Documents/Webprojects/ecommerce-api/vendor/laravel/framework/src/Illuminate/Routing/Router.php(753): Illuminate\\Routing\\Router->dispatchToRoute(Object(Illuminate\\Http\\Request))
#29 /Users/zawhtetnaung/Documents/Webprojects/ecommerce-api/vendor/laravel/framework/src/Illuminate/Foundation/Http/Kernel.php(200): Illuminate\\Routing\\Router->dispatch(Object(Illuminate\\Http\\Request))
#30 /Users/zawhtetnaung/Documents/Webprojects/ecommerce-api/vendor/laravel/framework/src/Illuminate/Pipeline/Pipeline.php(180): Illuminate\\Foundation\\Http\\Kernel->{closure:Illuminate\\Foundation\\Http\\Kernel::dispatchToRouter():197}(Object(Illuminate\\Http\\Request))
#31 /Users/zawhtetnaung/Documents/Webprojects/ecommerce-api/vendor/laravel/framework/src/Illuminate/Foundation/Http/Middleware/TransformsRequest.php(21): Illuminate\\Pipeline\\Pipeline->{closure:Illuminate\\Pipeline\\Pipeline::prepareDestination():178}(Object(Illuminate\\Http\\Request))
#32 /Users/zawhtetnaung/Documents/Webprojects/ecommerce-api/vendor/laravel/framework/src/Illuminate/Foundation/Http/Middleware/ConvertEmptyStringsToNull.php(31): Illuminate\\Foundation\\Http\\Middleware\\TransformsRequest->handle(Object(Illuminate\\Http\\Request), Object(Closure))
#33 /Users/zawhtetnaung/Documents/Webprojects/ecommerce-api/vendor/laravel/framework/src/Illuminate/Pipeline/Pipeline.php(219): Illuminate\\Foundation\\Http\\Middleware\\ConvertEmptyStringsToNull->handle(Object(Illuminate\\Http\\Request), Object(Closure))
#34 /Users/zawhtetnaung/Documents/Webprojects/ecommerce-api/vendor/laravel/framework/src/Illuminate/Foundation/Http/Middleware/TransformsRequest.php(21): Illuminate\\Pipeline\\Pipeline->{closure:{closure:Illuminate\\Pipeline\\Pipeline::carry():194}:195}(Object(Illuminate\\Http\\Request))
#35 /Users/zawhtetnaung/Documents/Webprojects/ecommerce-api/vendor/laravel/framework/src/Illuminate/Foundation/Http/Middleware/TrimStrings.php(51): Illuminate\\Foundation\\Http\\Middleware\\TransformsRequest->handle(Object(Illuminate\\Http\\Request), Object(Closure))
#36 /Users/zawhtetnaung/Documents/Webprojects/ecommerce-api/vendor/laravel/framework/src/Illuminate/Pipeline/Pipeline.php(219): Illuminate\\Foundation\\Http\\Middleware\\TrimStrings->handle(Object(Illuminate\\Http\\Request), Object(Closure))
#37 /Users/zawhtetnaung/Documents/Webprojects/ecommerce-api/vendor/laravel/framework/src/Illuminate/Http/Middleware/ValidatePostSize.php(27): Illuminate\\Pipeline\\Pipeline->{closure:{closure:Illuminate\\Pipeline\\Pipeline::carry():194}:195}(Object(Illuminate\\Http\\Request))
#38 /Users/zawhtetnaung/Documents/Webprojects/ecommerce-api/vendor/laravel/framework/src/Illuminate/Pipeline/Pipeline.php(219): Illuminate\\Http\\Middleware\\ValidatePostSize->handle(Object(Illuminate\\Http\\Request), Object(Closure))
#39 /Users/zawhtetnaung/Documents/Webprojects/ecommerce-api/vendor/laravel/framework/src/Illuminate/Foundation/Http/Middleware/PreventRequestsDuringMaintenance.php(109): Illuminate\\Pipeline\\Pipeline->{closure:{closure:Illuminate\\Pipeline\\Pipeline::carry():194}:195}(Object(Illuminate\\Http\\Request))
#40 /Users/zawhtetnaung/Documents/Webprojects/ecommerce-api/vendor/laravel/framework/src/Illuminate/Pipeline/Pipeline.php(219): Illuminate\\Foundation\\Http\\Middleware\\PreventRequestsDuringMaintenance->handle(Object(Illuminate\\Http\\Request), Object(Closure))
#41 /Users/zawhtetnaung/Documents/Webprojects/ecommerce-api/vendor/laravel/framework/src/Illuminate/Http/Middleware/HandleCors.php(74): Illuminate\\Pipeline\\Pipeline->{closure:{closure:Illuminate\\Pipeline\\Pipeline::carry():194}:195}(Object(Illuminate\\Http\\Request))
#42 /Users/zawhtetnaung/Documents/Webprojects/ecommerce-api/vendor/laravel/framework/src/Illuminate/Pipeline/Pipeline.php(219): Illuminate\\Http\\Middleware\\HandleCors->handle(Object(Illuminate\\Http\\Request), Object(Closure))
#43 /Users/zawhtetnaung/Documents/Webprojects/ecommerce-api/vendor/laravel/framework/src/Illuminate/Http/Middleware/TrustProxies.php(58): Illuminate\\Pipeline\\Pipeline->{closure:{closure:Illuminate\\Pipeline\\Pipeline::carry():194}:195}(Object(Illuminate\\Http\\Request))
#44 /Users/zawhtetnaung/Documents/Webprojects/ecommerce-api/vendor/laravel/framework/src/Illuminate/Pipeline/Pipeline.php(219): Illuminate\\Http\\Middleware\\TrustProxies->handle(Object(Illuminate\\Http\\Request), Object(Closure))
#45 /Users/zawhtetnaung/Documents/Webprojects/ecommerce-api/vendor/laravel/framework/src/Illuminate/Foundation/Http/Middleware/InvokeDeferredCallbacks.php(22): Illuminate\\Pipeline\\Pipeline->{closure:{closure:Illuminate\\Pipeline\\Pipeline::carry():194}:195}(Object(Illuminate\\Http\\Request))
#46 /Users/zawhtetnaung/Documents/Webprojects/ecommerce-api/vendor/laravel/framework/src/Illuminate/Pipeline/Pipeline.php(219): Illuminate\\Foundation\\Http\\Middleware\\InvokeDeferredCallbacks->handle(Object(Illuminate\\Http\\Request), Object(Closure))
#47 /Users/zawhtetnaung/Documents/Webprojects/ecommerce-api/vendor/laravel/framework/src/Illuminate/Http/Middleware/ValidatePathEncoding.php(26): Illuminate\\Pipeline\\Pipeline->{closure:{closure:Illuminate\\Pipeline\\Pipeline::carry():194}:195}(Object(Illuminate\\Http\\Request))
#48 /Users/zawhtetnaung/Documents/Webprojects/ecommerce-api/vendor/laravel/framework/src/Illuminate/Pipeline/Pipeline.php(219): Illuminate\\Http\\Middleware\\ValidatePathEncoding->handle(Object(Illuminate\\Http\\Request), Object(Closure))
#49 /Users/zawhtetnaung/Documents/Webprojects/ecommerce-api/vendor/laravel/framework/src/Illuminate/Pipeline/Pipeline.php(137): Illuminate\\Pipeline\\Pipeline->{closure:{closure:Illuminate\\Pipeline\\Pipeline::carry():194}:195}(Object(Illuminate\\Http\\Request))
#50 /Users/zawhtetnaung/Documents/Webprojects/ecommerce-api/vendor/laravel/framework/src/Illuminate/Foundation/Http/Kernel.php(175): Illuminate\\Pipeline\\Pipeline->then(Object(Closure))
#51 /Users/zawhtetnaung/Documents/Webprojects/ecommerce-api/vendor/laravel/framework/src/Illuminate/Foundation/Http/Kernel.php(144): Illuminate\\Foundation\\Http\\Kernel->sendRequestThroughRouter(Object(Illuminate\\Http\\Request))
#52 /Users/zawhtetnaung/Documents/Webprojects/ecommerce-api/vendor/laravel/framework/src/Illuminate/Foundation/Application.php(1220): Illuminate\\Foundation\\Http\\Kernel->handle(Object(Illuminate\\Http\\Request))
#53 /Users/zawhtetnaung/Documents/Webprojects/ecommerce-api/public/index.php(20): Illuminate\\Foundation\\Application->handleRequest(Object(Illuminate\\Http\\Request))
#54 /Users/zawhtetnaung/Documents/Webprojects/ecommerce-api/vendor/laravel/framework/src/Illuminate/Foundation/resources/server.php(23): require_once('/Users/zawhtetn...')
#55 {main}
"} 
[2026-02-04 14:57:07] local.ERROR: SQLSTATE[HY000]: General error: 1 no such table: colors (Connection: sqlite, Database: /Users/zawhtetnaung/Documents/Webprojects/ecommerce-api/database/database.sqlite, SQL: select * from "colors" order by "created_at" desc) {"userId":2,"exception":"[object] (Illuminate\\Database\\QueryException(code: HY000): SQLSTATE[HY000]: General error: 1 no such table: colors (Connection: sqlite, Database: /Users/zawhtetnaung/Documents/Webprojects/ecommerce-api/database/database.sqlite, SQL: select * from \"colors\" order by \"created_at\" desc) at /Users/zawhtetnaung/Documents/Webprojects/ecommerce-api/vendor/laravel/framework/src/Illuminate/Database/Connection.php:838)
[stacktrace]
#0 /Users/zawhtetnaung/Documents/Webprojects/ecommerce-api/vendor/laravel/framework/src/Illuminate/Database/Connection.php(794): Illuminate\\Database\\Connection->runQueryCallback('select * from \"...', Array, Object(Closure))
#1 /Users/zawhtetnaung/Documents/Webprojects/ecommerce-api/vendor/laravel/framework/src/Illuminate/Database/Connection.php(411): Illuminate\\Database\\Connection->run('select * from \"...', Array, Object(Closure))
#2 /Users/zawhtetnaung/Documents/Webprojects/ecommerce-api/vendor/laravel/framework/src/Illuminate/Database/Query/Builder.php(3389): Illuminate\\Database\\Connection->select('select * from \"...', Array, true)
#3 /Users/zawhtetnaung/Documents/Webprojects/ecommerce-api/vendor/laravel/framework/src/Illuminate/Database/Query/Builder.php(3374): Illuminate\\Database\\Query\\Builder->runSelect()
#4 /Users/zawhtetnaung/Documents/Webprojects/ecommerce-api/vendor/laravel/framework/src/Illuminate/Database/Query/Builder.php(3964): Illuminate\\Database\\Query\\Builder->{closure:Illuminate\\Database\\Query\\Builder::get():3373}()
#5 /Users/zawhtetnaung/Documents/Webprojects/ecommerce-api/vendor/laravel/framework/src/Illuminate/Database/Query/Builder.php(3373): Illuminate\\Database\\Query\\Builder->onceWithColumns(Array, Object(Closure))
#6 /Users/zawhtetnaung/Documents/Webprojects/ecommerce-api/vendor/laravel/framework/src/Illuminate/Database/Eloquent/Builder.php(902): Illuminate\\Database\\Query\\Builder->get(Array)
#7 /Users/zawhtetnaung/Documents/Webprojects/ecommerce-api/vendor/laravel/framework/src/Illuminate/Database/Eloquent/Builder.php(884): Illuminate\\Database\\Eloquent\\Builder->getModels(Array)
#8 /Users/zawhtetnaung/Documents/Webprojects/ecommerce-api/app/Http/Controllers/Api/ColorController.php(15): Illuminate\\Database\\Eloquent\\Builder->get()
#9 /Users/zawhtetnaung/Documents/Webprojects/ecommerce-api/vendor/laravel/framework/src/Illuminate/Routing/ControllerDispatcher.php(46): App\\Http\\Controllers\\Api\\ColorController->index()
#10 /Users/zawhtetnaung/Documents/Webprojects/ecommerce-api/vendor/laravel/framework/src/Illuminate/Routing/Route.php(265): Illuminate\\Routing\\ControllerDispatcher->dispatch(Object(Illuminate\\Routing\\Route), Object(App\\Http\\Controllers\\Api\\ColorController), 'index')
#11 /Users/zawhtetnaung/Documents/Webprojects/ecommerce-api/vendor/laravel/framework/src/Illuminate/Routing/Route.php(211): Illuminate\\Routing\\Route->runController()
#12 /Users/zawhtetnaung/Documents/Webprojects/ecommerce-api/vendor/laravel/framework/src/Illuminate/Routing/Router.php(822): Illuminate\\Routing\\Route->run()
#13 /Users/zawhtetnaung/Documents/Webprojects/ecommerce-api/vendor/laravel/framework/src/Illuminate/Pipeline/Pipeline.php(180): Illuminate\\Routing\\Router->{closure:Illuminate\\Routing\\Router::runRouteWithinStack():821}(Object(Illuminate\\Http\\Request))
#14 /Users/zawhtetnaung/Documents/Webprojects/ecommerce-api/vendor/laravel/framework/src/Illuminate/Routing/Middleware/SubstituteBindings.php(50): Illuminate\\Pipeline\\Pipeline->{closure:Illuminate\\Pipeline\\Pipeline::prepareDestination():178}(Object(Illuminate\\Http\\Request))
#15 /Users/zawhtetnaung/Documents/Webprojects/ecommerce-api/vendor/laravel/framework/src/Illuminate/Pipeline/Pipeline.php(219): Illuminate\\Routing\\Middleware\\SubstituteBindings->handle(Object(Illuminate\\Http\\Request), Object(Closure))
#16 /Users/zawhtetnaung/Documents/Webprojects/ecommerce-api/vendor/laravel/framework/src/Illuminate/Auth/Middleware/Authenticate.php(63): Illuminate\\Pipeline\\Pipeline->{closure:{closure:Illuminate\\Pipeline\\Pipeline::carry():194}:195}(Object(Illuminate\\Http\\Request))
#17 /Users/zawhtetnaung/Documents/Webprojects/ecommerce-api/vendor/laravel/framework/src/Illuminate/Pipeline/Pipeline.php(219): Illuminate\\Auth\\Middleware\\Authenticate->handle(Object(Illuminate\\Http\\Request), Object(Closure), 'sanctum')
#18 /Users/zawhtetnaung/Documents/Webprojects/ecommerce-api/vendor/laravel/framework/src/Illuminate/Pipeline/Pipeline.php(137): Illuminate\\Pipeline\\Pipeline->{closure:{closure:Illuminate\\Pipeline\\Pipeline::carry():194}:195}(Object(Illuminate\\Http\\Request))
#19 /Users/zawhtetnaung/Documents/Webprojects/ecommerce-api/vendor/laravel/framework/src/Illuminate/Routing/Router.php(821): Illuminate\\Pipeline\\Pipeline->then(Object(Closure))
#20 /Users/zawhtetnaung/Documents/Webprojects/ecommerce-api/vendor/laravel/framework/src/Illuminate/Routing/Router.php(800): Illuminate\\Routing\\Router->runRouteWithinStack(Object(Illuminate\\Routing\\Route), Object(Illuminate\\Http\\Request))
#21 /Users/zawhtetnaung/Documents/Webprojects/ecommerce-api/vendor/laravel/framework/src/Illuminate/Routing/Router.php(764): Illuminate\\Routing\\Router->runRoute(Object(Illuminate\\Http\\Request), Object(Illuminate\\Routing\\Route))
#22 /Users/zawhtetnaung/Documents/Webprojects/ecommerce-api/vendor/laravel/framework/src/Illuminate/Routing/Router.php(753): Illuminate\\Routing\\Router->dispatchToRoute(Object(Illuminate\\Http\\Request))
#23 /Users/zawhtetnaung/Documents/Webprojects/ecommerce-api/vendor/laravel/framework/src/Illuminate/Foundation/Http/Kernel.php(200): Illuminate\\Routing\\Router->dispatch(Object(Illuminate\\Http\\Request))
#24 /Users/zawhtetnaung/Documents/Webprojects/ecommerce-api/vendor/laravel/framework/src/Illuminate/Pipeline/Pipeline.php(180): Illuminate\\Foundation\\Http\\Kernel->{closure:Illuminate\\Foundation\\Http\\Kernel::dispatchToRouter():197}(Object(Illuminate\\Http\\Request))
#25 /Users/zawhtetnaung/Documents/Webprojects/ecommerce-api/vendor/laravel/framework/src/Illuminate/Foundation/Http/Middleware/TransformsRequest.php(21): Illuminate\\Pipeline\\Pipeline->{closure:Illuminate\\Pipeline\\Pipeline::prepareDestination():178}(Object(Illuminate\\Http\\Request))
#26 /Users/zawhtetnaung/Documents/Webprojects/ecommerce-api/vendor/laravel/framework/src/Illuminate/Foundation/Http/Middleware/ConvertEmptyStringsToNull.php(31): Illuminate\\Foundation\\Http\\Middleware\\TransformsRequest->handle(Object(Illuminate\\Http\\Request), Object(Closure))
#27 /Users/zawhtetnaung/Documents/Webprojects/ecommerce-api/vendor/laravel/framework/src/Illuminate/Pipeline/Pipeline.php(219): Illuminate\\Foundation\\Http\\Middleware\\ConvertEmptyStringsToNull->handle(Object(Illuminate\\Http\\Request), Object(Closure))
#28 /Users/zawhtetnaung/Documents/Webprojects/ecommerce-api/vendor/laravel/framework/src/Illuminate/Foundation/Http/Middleware/TransformsRequest.php(21): Illuminate\\Pipeline\\Pipeline->{closure:{closure:Illuminate\\Pipeline\\Pipeline::carry():194}:195}(Object(Illuminate\\Http\\Request))
#29 /Users/zawhtetnaung/Documents/Webprojects/ecommerce-api/vendor/laravel/framework/src/Illuminate/Foundation/Http/Middleware/TrimStrings.php(51): Illuminate\\Foundation\\Http\\Middleware\\TransformsRequest->handle(Object(Illuminate\\Http\\Request), Object(Closure))
#30 /Users/zawhtetnaung/Documents/Webprojects/ecommerce-api/vendor/laravel/framework/src/Illuminate/Pipeline/Pipeline.php(219): Illuminate\\Foundation\\Http\\Middleware\\TrimStrings->handle(Object(Illuminate\\Http\\Request), Object(Closure))
#31 /Users/zawhtetnaung/Documents/Webprojects/ecommerce-api/vendor/laravel/framework/src/Illuminate/Http/Middleware/ValidatePostSize.php(27): Illuminate\\Pipeline\\Pipeline->{closure:{closure:Illuminate\\Pipeline\\Pipeline::carry():194}:195}(Object(Illuminate\\Http\\Request))
#32 /Users/zawhtetnaung/Documents/Webprojects/ecommerce-api/vendor/laravel/framework/src/Illuminate/Pipeline/Pipeline.php(219): Illuminate\\Http\\Middleware\\ValidatePostSize->handle(Object(Illuminate\\Http\\Request), Object(Closure))
#33 /Users/zawhtetnaung/Documents/Webprojects/ecommerce-api/vendor/laravel/framework/src/Illuminate/Foundation/Http/Middleware/PreventRequestsDuringMaintenance.php(109): Illuminate\\Pipeline\\Pipeline->{closure:{closure:Illuminate\\Pipeline\\Pipeline::carry():194}:195}(Object(Illuminate\\Http\\Request))
#34 /Users/zawhtetnaung/Documents/Webprojects/ecommerce-api/vendor/laravel/framework/src/Illuminate/Pipeline/Pipeline.php(219): Illuminate\\Foundation\\Http\\Middleware\\PreventRequestsDuringMaintenance->handle(Object(Illuminate\\Http\\Request), Object(Closure))
#35 /Users/zawhtetnaung/Documents/Webprojects/ecommerce-api/vendor/laravel/framework/src/Illuminate/Http/Middleware/HandleCors.php(74): Illuminate\\Pipeline\\Pipeline->{closure:{closure:Illuminate\\Pipeline\\Pipeline::carry():194}:195}(Object(Illuminate\\Http\\Request))
#36 /Users/zawhtetnaung/Documents/Webprojects/ecommerce-api/vendor/laravel/framework/src/Illuminate/Pipeline/Pipeline.php(219): Illuminate\\Http\\Middleware\\HandleCors->handle(Object(Illuminate\\Http\\Request), Object(Closure))
#37 /Users/zawhtetnaung/Documents/Webprojects/ecommerce-api/vendor/laravel/framework/src/Illuminate/Http/Middleware/TrustProxies.php(58): Illuminate\\Pipeline\\Pipeline->{closure:{closure:Illuminate\\Pipeline\\Pipeline::carry():194}:195}(Object(Illuminate\\Http\\Request))
#38 /Users/zawhtetnaung/Documents/Webprojects/ecommerce-api/vendor/laravel/framework/src/Illuminate/Pipeline/Pipeline.php(219): Illuminate\\Http\\Middleware\\TrustProxies->handle(Object(Illuminate\\Http\\Request), Object(Closure))
#39 /Users/zawhtetnaung/Documents/Webprojects/ecommerce-api/vendor/laravel/framework/src/Illuminate/Foundation/Http/Middleware/InvokeDeferredCallbacks.php(22): Illuminate\\Pipeline\\Pipeline->{closure:{closure:Illuminate\\Pipeline\\Pipeline::carry():194}:195}(Object(Illuminate\\Http\\Request))
#40 /Users/zawhtetnaung/Documents/Webprojects/ecommerce-api/vendor/laravel/framework/src/Illuminate/Pipeline/Pipeline.php(219): Illuminate\\Foundation\\Http\\Middleware\\InvokeDeferredCallbacks->handle(Object(Illuminate\\Http\\Request), Object(Closure))
#41 /Users/zawhtetnaung/Documents/Webprojects/ecommerce-api/vendor/laravel/framework/src/Illuminate/Http/Middleware/ValidatePathEncoding.php(26): Illuminate\\Pipeline\\Pipeline->{closure:{closure:Illuminate\\Pipeline\\Pipeline::carry():194}:195}(Object(Illuminate\\Http\\Request))
#42 /Users/zawhtetnaung/Documents/Webprojects/ecommerce-api/vendor/laravel/framework/src/Illuminate/Pipeline/Pipeline.php(219): Illuminate\\Http\\Middleware\\ValidatePathEncoding->handle(Object(Illuminate\\Http\\Request), Object(Closure))
#43 /Users/zawhtetnaung/Documents/Webprojects/ecommerce-api/vendor/laravel/framework/src/Illuminate/Pipeline/Pipeline.php(137): Illuminate\\Pipeline\\Pipeline->{closure:{closure:Illuminate\\Pipeline\\Pipeline::carry():194}:195}(Object(Illuminate\\Http\\Request))
#44 /Users/zawhtetnaung/Documents/Webprojects/ecommerce-api/vendor/laravel/framework/src/Illuminate/Foundation/Http/Kernel.php(175): Illuminate\\Pipeline\\Pipeline->then(Object(Closure))
#45 /Users/zawhtetnaung/Documents/Webprojects/ecommerce-api/vendor/laravel/framework/src/Illuminate/Foundation/Http/Kernel.php(144): Illuminate\\Foundation\\Http\\Kernel->sendRequestThroughRouter(Object(Illuminate\\Http\\Request))
#46 /Users/zawhtetnaung/Documents/Webprojects/ecommerce-api/vendor/laravel/framework/src/Illuminate/Foundation/Application.php(1220): Illuminate\\Foundation\\Http\\Kernel->handle(Object(Illuminate\\Http\\Request))
#47 /Users/zawhtetnaung/Documents/Webprojects/ecommerce-api/public/index.php(20): Illuminate\\Foundation\\Application->handleRequest(Object(Illuminate\\Http\\Request))
#48 /Users/zawhtetnaung/Documents/Webprojects/ecommerce-api/vendor/laravel/framework/src/Illuminate/Foundation/resources/server.php(23): require_once('/Users/zawhtetn...')
#49 {main}

[previous exception] [object] (PDOException(code: HY000): SQLSTATE[HY000]: General error: 1 no such table: colors at /Users/zawhtetnaung/Documents/Webprojects/ecommerce-api/vendor/laravel/framework/src/Illuminate/Database/Connection.php:420)
[stacktrace]
#0 /Users/zawhtetnaung/Documents/Webprojects/ecommerce-api/vendor/laravel/framework/src/Illuminate/Database/Connection.php(420): PDO->prepare('select * from \"...')
#1 /Users/zawhtetnaung/Documents/Webprojects/ecommerce-api/vendor/laravel/framework/src/Illuminate/Database/Connection.php(827): Illuminate\\Database\\Connection->{closure:Illuminate\\Database\\Connection::select():411}('select * from \"...', Array)
#2 /Users/zawhtetnaung/Documents/Webprojects/ecommerce-api/vendor/laravel/framework/src/Illuminate/Database/Connection.php(794): Illuminate\\Database\\Connection->runQueryCallback('select * from \"...', Array, Object(Closure))
#3 /Users/zawhtetnaung/Documents/Webprojects/ecommerce-api/vendor/laravel/framework/src/Illuminate/Database/Connection.php(411): Illuminate\\Database\\Connection->run('select * from \"...', Array, Object(Closure))
#4 /Users/zawhtetnaung/Documents/Webprojects/ecommerce-api/vendor/laravel/framework/src/Illuminate/Database/Query/Builder.php(3389): Illuminate\\Database\\Connection->select('select * from \"...', Array, true)
#5 /Users/zawhtetnaung/Documents/Webprojects/ecommerce-api/vendor/laravel/framework/src/Illuminate/Database/Query/Builder.php(3374): Illuminate\\Database\\Query\\Builder->runSelect()
#6 /Users/zawhtetnaung/Documents/Webprojects/ecommerce-api/vendor/laravel/framework/src/Illuminate/Database/Query/Builder.php(3964): Illuminate\\Database\\Query\\Builder->{closure:Illuminate\\Database\\Query\\Builder::get():3373}()
#7 /Users/zawhtetnaung/Documents/Webprojects/ecommerce-api/vendor/laravel/framework/src/Illuminate/Database/Query/Builder.php(3373): Illuminate\\Database\\Query\\Builder->onceWithColumns(Array, Object(Closure))
#8 /Users/zawhtetnaung/Documents/Webprojects/ecommerce-api/vendor/laravel/framework/src/Illuminate/Database/Eloquent/Builder.php(902): Illuminate\\Database\\Query\\Builder->get(Array)
#9 /Users/zawhtetnaung/Documents/Webprojects/ecommerce-api/vendor/laravel/framework/src/Illuminate/Database/Eloquent/Builder.php(884): Illuminate\\Database\\Eloquent\\Builder->getModels(Array)
#10 /Users/zawhtetnaung/Documents/Webprojects/ecommerce-api/app/Http/Controllers/Api/ColorController.php(15): Illuminate\\Database\\Eloquent\\Builder->get()
#11 /Users/zawhtetnaung/Documents/Webprojects/ecommerce-api/vendor/laravel/framework/src/Illuminate/Routing/ControllerDispatcher.php(46): App\\Http\\Controllers\\Api\\ColorController->index()
#12 /Users/zawhtetnaung/Documents/Webprojects/ecommerce-api/vendor/laravel/framework/src/Illuminate/Routing/Route.php(265): Illuminate\\Routing\\ControllerDispatcher->dispatch(Object(Illuminate\\Routing\\Route), Object(App\\Http\\Controllers\\Api\\ColorController), 'index')
#13 /Users/zawhtetnaung/Documents/Webprojects/ecommerce-api/vendor/laravel/framework/src/Illuminate/Routing/Route.php(211): Illuminate\\Routing\\Route->runController()
#14 /Users/zawhtetnaung/Documents/Webprojects/ecommerce-api/vendor/laravel/framework/src/Illuminate/Routing/Router.php(822): Illuminate\\Routing\\Route->run()
#15 /Users/zawhtetnaung/Documents/Webprojects/ecommerce-api/vendor/laravel/framework/src/Illuminate/Pipeline/Pipeline.php(180): Illuminate\\Routing\\Router->{closure:Illuminate\\Routing\\Router::runRouteWithinStack():821}(Object(Illuminate\\Http\\Request))
#16 /Users/zawhtetnaung/Documents/Webprojects/ecommerce-api/vendor/laravel/framework/src/Illuminate/Routing/Middleware/SubstituteBindings.php(50): Illuminate\\Pipeline\\Pipeline->{closure:Illuminate\\Pipeline\\Pipeline::prepareDestination():178}(Object(Illuminate\\Http\\Request))
#17 /Users/zawhtetnaung/Documents/Webprojects/ecommerce-api/vendor/laravel/framework/src/Illuminate/Pipeline/Pipeline.php(219): Illuminate\\Routing\\Middleware\\SubstituteBindings->handle(Object(Illuminate\\Http\\Request), Object(Closure))
#18 /Users/zawhtetnaung/Documents/Webprojects/ecommerce-api/vendor/laravel/framework/src/Illuminate/Auth/Middleware/Authenticate.php(63): Illuminate\\Pipeline\\Pipeline->{closure:{closure:Illuminate\\Pipeline\\Pipeline::carry():194}:195}(Object(Illuminate\\Http\\Request))
#19 /Users/zawhtetnaung/Documents/Webprojects/ecommerce-api/vendor/laravel/framework/src/Illuminate/Pipeline/Pipeline.php(219): Illuminate\\Auth\\Middleware\\Authenticate->handle(Object(Illuminate\\Http\\Request), Object(Closure), 'sanctum')
#20 /Users/zawhtetnaung/Documents/Webprojects/ecommerce-api/vendor/laravel/framework/src/Illuminate/Pipeline/Pipeline.php(137): Illuminate\\Pipeline\\Pipeline->{closure:{closure:Illuminate\\Pipeline\\Pipeline::carry():194}:195}(Object(Illuminate\\Http\\Request))
#21 /Users/zawhtetnaung/Documents/Webprojects/ecommerce-api/vendor/laravel/framework/src/Illuminate/Routing/Router.php(821): Illuminate\\Pipeline\\Pipeline->then(Object(Closure))
#22 /Users/zawhtetnaung/Documents/Webprojects/ecommerce-api/vendor/laravel/framework/src/Illuminate/Routing/Router.php(800): Illuminate\\Routing\\Router->runRouteWithinStack(Object(Illuminate\\Routing\\Route), Object(Illuminate\\Http\\Request))
#23 /Users/zawhtetnaung/Documents/Webprojects/ecommerce-api/vendor/laravel/framework/src/Illuminate/Routing/Router.php(764): Illuminate\\Routing\\Router->runRoute(Object(Illuminate\\Http\\Request), Object(Illuminate\\Routing\\Route))
#24 /Users/zawhtetnaung/Documents/Webprojects/ecommerce-api/vendor/laravel/framework/src/Illuminate/Routing/Router.php(753): Illuminate\\Routing\\Router->dispatchToRoute(Object(Illuminate\\Http\\Request))
#25 /Users/zawhtetnaung/Documents/Webprojects/ecommerce-api/vendor/laravel/framework/src/Illuminate/Foundation/Http/Kernel.php(200): Illuminate\\Routing\\Router->dispatch(Object(Illuminate\\Http\\Request))
#26 /Users/zawhtetnaung/Documents/Webprojects/ecommerce-api/vendor/laravel/framework/src/Illuminate/Pipeline/Pipeline.php(180): Illuminate\\Foundation\\Http\\Kernel->{closure:Illuminate\\Foundation\\Http\\Kernel::dispatchToRouter():197}(Object(Illuminate\\Http\\Request))
#27 /Users/zawhtetnaung/Documents/Webprojects/ecommerce-api/vendor/laravel/framework/src/Illuminate/Foundation/Http/Middleware/TransformsRequest.php(21): Illuminate\\Pipeline\\Pipeline->{closure:Illuminate\\Pipeline\\Pipeline::prepareDestination():178}(Object(Illuminate\\Http\\Request))
#28 /Users/zawhtetnaung/Documents/Webprojects/ecommerce-api/vendor/laravel/framework/src/Illuminate/Foundation/Http/Middleware/ConvertEmptyStringsToNull.php(31): Illuminate\\Foundation\\Http\\Middleware\\TransformsRequest->handle(Object(Illuminate\\Http\\Request), Object(Closure))
#29 /Users/zawhtetnaung/Documents/Webprojects/ecommerce-api/vendor/laravel/framework/src/Illuminate/Pipeline/Pipeline.php(219): Illuminate\\Foundation\\Http\\Middleware\\ConvertEmptyStringsToNull->handle(Object(Illuminate\\Http\\Request), Object(Closure))
#30 /Users/zawhtetnaung/Documents/Webprojects/ecommerce-api/vendor/laravel/framework/src/Illuminate/Foundation/Http/Middleware/TransformsRequest.php(21): Illuminate\\Pipeline\\Pipeline->{closure:{closure:Illuminate\\Pipeline\\Pipeline::carry():194}:195}(Object(Illuminate\\Http\\Request))
#31 /Users/zawhtetnaung/Documents/Webprojects/ecommerce-api/vendor/laravel/framework/src/Illuminate/Foundation/Http/Middleware/TrimStrings.php(51): Illuminate\\Foundation\\Http\\Middleware\\TransformsRequest->handle(Object(Illuminate\\Http\\Request), Object(Closure))
#32 /Users/zawhtetnaung/Documents/Webprojects/ecommerce-api/vendor/laravel/framework/src/Illuminate/Pipeline/Pipeline.php(219): Illuminate\\Foundation\\Http\\Middleware\\TrimStrings->handle(Object(Illuminate\\Http\\Request), Object(Closure))
#33 /Users/zawhtetnaung/Documents/Webprojects/ecommerce-api/vendor/laravel/framework/src/Illuminate/Http/Middleware/ValidatePostSize.php(27): Illuminate\\Pipeline\\Pipeline->{closure:{closure:Illuminate\\Pipeline\\Pipeline::carry():194}:195}(Object(Illuminate\\Http\\Request))
#34 /Users/zawhtetnaung/Documents/Webprojects/ecommerce-api/vendor/laravel/framework/src/Illuminate/Pipeline/Pipeline.php(219): Illuminate\\Http\\Middleware\\ValidatePostSize->handle(Object(Illuminate\\Http\\Request), Object(Closure))
#35 /Users/zawhtetnaung/Documents/Webprojects/ecommerce-api/vendor/laravel/framework/src/Illuminate/Foundation/Http/Middleware/PreventRequestsDuringMaintenance.php(109): Illuminate\\Pipeline\\Pipeline->{closure:{closure:Illuminate\\Pipeline\\Pipeline::carry():194}:195}(Object(Illuminate\\Http\\Request))
#36 /Users/zawhtetnaung/Documents/Webprojects/ecommerce-api/vendor/laravel/framework/src/Illuminate/Pipeline/Pipeline.php(219): Illuminate\\Foundation\\Http\\Middleware\\PreventRequestsDuringMaintenance->handle(Object(Illuminate\\Http\\Request), Object(Closure))
#37 /Users/zawhtetnaung/Documents/Webprojects/ecommerce-api/vendor/laravel/framework/src/Illuminate/Http/Middleware/HandleCors.php(74): Illuminate\\Pipeline\\Pipeline->{closure:{closure:Illuminate\\Pipeline\\Pipeline::carry():194}:195}(Object(Illuminate\\Http\\Request))
#38 /Users/zawhtetnaung/Documents/Webprojects/ecommerce-api/vendor/laravel/framework/src/Illuminate/Pipeline/Pipeline.php(219): Illuminate\\Http\\Middleware\\HandleCors->handle(Object(Illuminate\\Http\\Request), Object(Closure))
#39 /Users/zawhtetnaung/Documents/Webprojects/ecommerce-api/vendor/laravel/framework/src/Illuminate/Http/Middleware/TrustProxies.php(58): Illuminate\\Pipeline\\Pipeline->{closure:{closure:Illuminate\\Pipeline\\Pipeline::carry():194}:195}(Object(Illuminate\\Http\\Request))
#40 /Users/zawhtetnaung/Documents/Webprojects/ecommerce-api/vendor/laravel/framework/src/Illuminate/Pipeline/Pipeline.php(219): Illuminate\\Http\\Middleware\\TrustProxies->handle(Object(Illuminate\\Http\\Request), Object(Closure))
#41 /Users/zawhtetnaung/Documents/Webprojects/ecommerce-api/vendor/laravel/framework/src/Illuminate/Foundation/Http/Middleware/InvokeDeferredCallbacks.php(22): Illuminate\\Pipeline\\Pipeline->{closure:{closure:Illuminate\\Pipeline\\Pipeline::carry():194}:195}(Object(Illuminate\\Http\\Request))
#42 /Users/zawhtetnaung/Documents/Webprojects/ecommerce-api/vendor/laravel/framework/src/Illuminate/Pipeline/Pipeline.php(219): Illuminate\\Foundation\\Http\\Middleware\\InvokeDeferredCallbacks->handle(Object(Illuminate\\Http\\Request), Object(Closure))
#43 /Users/zawhtetnaung/Documents/Webprojects/ecommerce-api/vendor/laravel/framework/src/Illuminate/Http/Middleware/ValidatePathEncoding.php(26): Illuminate\\Pipeline\\Pipeline->{closure:{closure:Illuminate\\Pipeline\\Pipeline::carry():194}:195}(Object(Illuminate\\Http\\Request))
#44 /Users/zawhtetnaung/Documents/Webprojects/ecommerce-api/vendor/laravel/framework/src/Illuminate/Pipeline/Pipeline.php(219): Illuminate\\Http\\Middleware\\ValidatePathEncoding->handle(Object(Illuminate\\Http\\Request), Object(Closure))
#45 /Users/zawhtetnaung/Documents/Webprojects/ecommerce-api/vendor/laravel/framework/src/Illuminate/Pipeline/Pipeline.php(137): Illuminate\\Pipeline\\Pipeline->{closure:{closure:Illuminate\\Pipeline\\Pipeline::carry():194}:195}(Object(Illuminate\\Http\\Request))
#46 /Users/zawhtetnaung/Documents/Webprojects/ecommerce-api/vendor/laravel/framework/src/Illuminate/Foundation/Http/Kernel.php(175): Illuminate\\Pipeline\\Pipeline->then(Object(Closure))
#47 /Users/zawhtetnaung/Documents/Webprojects/ecommerce-api/vendor/laravel/framework/src/Illuminate/Foundation/Http/Kernel.php(144): Illuminate\\Foundation\\Http\\Kernel->sendRequestThroughRouter(Object(Illuminate\\Http\\Request))
#48 /Users/zawhtetnaung/Documents/Webprojects/ecommerce-api/vendor/laravel/framework/src/Illuminate/Foundation/Application.php(1220): Illuminate\\Foundation\\Http\\Kernel->handle(Object(Illuminate\\Http\\Request))
#49 /Users/zawhtetnaung/Documents/Webprojects/ecommerce-api/public/index.php(20): Illuminate\\Foundation\\Application->handleRequest(Object(Illuminate\\Http\\Request))
#50 /Users/zawhtetnaung/Documents/Webprojects/ecommerce-api/vendor/laravel/framework/src/Illuminate/Foundation/resources/server.php(23): require_once('/Users/zawhtetn...')
#51 {main}
"} 
[2026-02-04 14:57:07] local.ERROR: SQLSTATE[HY000]: General error: 1 no such table: measurements (Connection: sqlite, Database: /Users/zawhtetnaung/Documents/Webprojects/ecommerce-api/database/database.sqlite, SQL: select * from "measurements" order by "created_at" desc) {"userId":2,"exception":"[object] (Illuminate\\Database\\QueryException(code: HY000): SQLSTATE[HY000]: General error: 1 no such table: measurements (Connection: sqlite, Database: /Users/zawhtetnaung/Documents/Webprojects/ecommerce-api/database/database.sqlite, SQL: select * from \"measurements\" order by \"created_at\" desc) at /Users/zawhtetnaung/Documents/Webprojects/ecommerce-api/vendor/laravel/framework/src/Illuminate/Database/Connection.php:838)
[stacktrace]
#0 /Users/zawhtetnaung/Documents/Webprojects/ecommerce-api/vendor/laravel/framework/src/Illuminate/Database/Connection.php(794): Illuminate\\Database\\Connection->runQueryCallback('select * from \"...', Array, Object(Closure))
#1 /Users/zawhtetnaung/Documents/Webprojects/ecommerce-api/vendor/laravel/framework/src/Illuminate/Database/Connection.php(411): Illuminate\\Database\\Connection->run('select * from \"...', Array, Object(Closure))
#2 /Users/zawhtetnaung/Documents/Webprojects/ecommerce-api/vendor/laravel/framework/src/Illuminate/Database/Query/Builder.php(3389): Illuminate\\Database\\Connection->select('select * from \"...', Array, true)
#3 /Users/zawhtetnaung/Documents/Webprojects/ecommerce-api/vendor/laravel/framework/src/Illuminate/Database/Query/Builder.php(3374): Illuminate\\Database\\Query\\Builder->runSelect()
#4 /Users/zawhtetnaung/Documents/Webprojects/ecommerce-api/vendor/laravel/framework/src/Illuminate/Database/Query/Builder.php(3964): Illuminate\\Database\\Query\\Builder->{closure:Illuminate\\Database\\Query\\Builder::get():3373}()
#5 /Users/zawhtetnaung/Documents/Webprojects/ecommerce-api/vendor/laravel/framework/src/Illuminate/Database/Query/Builder.php(3373): Illuminate\\Database\\Query\\Builder->onceWithColumns(Array, Object(Closure))
#6 /Users/zawhtetnaung/Documents/Webprojects/ecommerce-api/vendor/laravel/framework/src/Illuminate/Database/Eloquent/Builder.php(902): Illuminate\\Database\\Query\\Builder->get(Array)
#7 /Users/zawhtetnaung/Documents/Webprojects/ecommerce-api/vendor/laravel/framework/src/Illuminate/Database/Eloquent/Builder.php(884): Illuminate\\Database\\Eloquent\\Builder->getModels(Array)
#8 /Users/zawhtetnaung/Documents/Webprojects/ecommerce-api/app/Http/Controllers/Api/MeasurementController.php(15): Illuminate\\Database\\Eloquent\\Builder->get()
#9 /Users/zawhtetnaung/Documents/Webprojects/ecommerce-api/vendor/laravel/framework/src/Illuminate/Routing/ControllerDispatcher.php(46): App\\Http\\Controllers\\Api\\MeasurementController->index()
#10 /Users/zawhtetnaung/Documents/Webprojects/ecommerce-api/vendor/laravel/framework/src/Illuminate/Routing/Route.php(265): Illuminate\\Routing\\ControllerDispatcher->dispatch(Object(Illuminate\\Routing\\Route), Object(App\\Http\\Controllers\\Api\\MeasurementController), 'index')
#11 /Users/zawhtetnaung/Documents/Webprojects/ecommerce-api/vendor/laravel/framework/src/Illuminate/Routing/Route.php(211): Illuminate\\Routing\\Route->runController()
#12 /Users/zawhtetnaung/Documents/Webprojects/ecommerce-api/vendor/laravel/framework/src/Illuminate/Routing/Router.php(822): Illuminate\\Routing\\Route->run()
#13 /Users/zawhtetnaung/Documents/Webprojects/ecommerce-api/vendor/laravel/framework/src/Illuminate/Pipeline/Pipeline.php(180): Illuminate\\Routing\\Router->{closure:Illuminate\\Routing\\Router::runRouteWithinStack():821}(Object(Illuminate\\Http\\Request))
#14 /Users/zawhtetnaung/Documents/Webprojects/ecommerce-api/vendor/laravel/framework/src/Illuminate/Routing/Middleware/SubstituteBindings.php(50): Illuminate\\Pipeline\\Pipeline->{closure:Illuminate\\Pipeline\\Pipeline::prepareDestination():178}(Object(Illuminate\\Http\\Request))
#15 /Users/zawhtetnaung/Documents/Webprojects/ecommerce-api/vendor/laravel/framework/src/Illuminate/Pipeline/Pipeline.php(219): Illuminate\\Routing\\Middleware\\SubstituteBindings->handle(Object(Illuminate\\Http\\Request), Object(Closure))
#16 /Users/zawhtetnaung/Documents/Webprojects/ecommerce-api/vendor/laravel/framework/src/Illuminate/Auth/Middleware/Authenticate.php(63): Illuminate\\Pipeline\\Pipeline->{closure:{closure:Illuminate\\Pipeline\\Pipeline::carry():194}:195}(Object(Illuminate\\Http\\Request))
#17 /Users/zawhtetnaung/Documents/Webprojects/ecommerce-api/vendor/laravel/framework/src/Illuminate/Pipeline/Pipeline.php(219): Illuminate\\Auth\\Middleware\\Authenticate->handle(Object(Illuminate\\Http\\Request), Object(Closure), 'sanctum')
#18 /Users/zawhtetnaung/Documents/Webprojects/ecommerce-api/vendor/laravel/framework/src/Illuminate/Pipeline/Pipeline.php(137): Illuminate\\Pipeline\\Pipeline->{closure:{closure:Illuminate\\Pipeline\\Pipeline::carry():194}:195}(Object(Illuminate\\Http\\Request))
#19 /Users/zawhtetnaung/Documents/Webprojects/ecommerce-api/vendor/laravel/framework/src/Illuminate/Routing/Router.php(821): Illuminate\\Pipeline\\Pipeline->then(Object(Closure))
#20 /Users/zawhtetnaung/Documents/Webprojects/ecommerce-api/vendor/laravel/framework/src/Illuminate/Routing/Router.php(800): Illuminate\\Routing\\Router->runRouteWithinStack(Object(Illuminate\\Routing\\Route), Object(Illuminate\\Http\\Request))
#21 /Users/zawhtetnaung/Documents/Webprojects/ecommerce-api/vendor/laravel/framework/src/Illuminate/Routing/Router.php(764): Illuminate\\Routing\\Router->runRoute(Object(Illuminate\\Http\\Request), Object(Illuminate\\Routing\\Route))
#22 /Users/zawhtetnaung/Documents/Webprojects/ecommerce-api/vendor/laravel/framework/src/Illuminate/Routing/Router.php(753): Illuminate\\Routing\\Router->dispatchToRoute(Object(Illuminate\\Http\\Request))
#23 /Users/zawhtetnaung/Documents/Webprojects/ecommerce-api/vendor/laravel/framework/src/Illuminate/Foundation/Http/Kernel.php(200): Illuminate\\Routing\\Router->dispatch(Object(Illuminate\\Http\\Request))
#24 /Users/zawhtetnaung/Documents/Webprojects/ecommerce-api/vendor/laravel/framework/src/Illuminate/Pipeline/Pipeline.php(180): Illuminate\\Foundation\\Http\\Kernel->{closure:Illuminate\\Foundation\\Http\\Kernel::dispatchToRouter():197}(Object(Illuminate\\Http\\Request))
#25 /Users/zawhtetnaung/Documents/Webprojects/ecommerce-api/vendor/laravel/framework/src/Illuminate/Foundation/Http/Middleware/TransformsRequest.php(21): Illuminate\\Pipeline\\Pipeline->{closure:Illuminate\\Pipeline\\Pipeline::prepareDestination():178}(Object(Illuminate\\Http\\Request))
#26 /Users/zawhtetnaung/Documents/Webprojects/ecommerce-api/vendor/laravel/framework/src/Illuminate/Foundation/Http/Middleware/ConvertEmptyStringsToNull.php(31): Illuminate\\Foundation\\Http\\Middleware\\TransformsRequest->handle(Object(Illuminate\\Http\\Request), Object(Closure))
#27 /Users/zawhtetnaung/Documents/Webprojects/ecommerce-api/vendor/laravel/framework/src/Illuminate/Pipeline/Pipeline.php(219): Illuminate\\Foundation\\Http\\Middleware\\ConvertEmptyStringsToNull->handle(Object(Illuminate\\Http\\Request), Object(Closure))
#28 /Users/zawhtetnaung/Documents/Webprojects/ecommerce-api/vendor/laravel/framework/src/Illuminate/Foundation/Http/Middleware/TransformsRequest.php(21): Illuminate\\Pipeline\\Pipeline->{closure:{closure:Illuminate\\Pipeline\\Pipeline::carry():194}:195}(Object(Illuminate\\Http\\Request))
#29 /Users/zawhtetnaung/Documents/Webprojects/ecommerce-api/vendor/laravel/framework/src/Illuminate/Foundation/Http/Middleware/TrimStrings.php(51): Illuminate\\Foundation\\Http\\Middleware\\TransformsRequest->handle(Object(Illuminate\\Http\\Request), Object(Closure))
#30 /Users/zawhtetnaung/Documents/Webprojects/ecommerce-api/vendor/laravel/framework/src/Illuminate/Pipeline/Pipeline.php(219): Illuminate\\Foundation\\Http\\Middleware\\TrimStrings->handle(Object(Illuminate\\Http\\Request), Object(Closure))
#31 /Users/zawhtetnaung/Documents/Webprojects/ecommerce-api/vendor/laravel/framework/src/Illuminate/Http/Middleware/ValidatePostSize.php(27): Illuminate\\Pipeline\\Pipeline->{closure:{closure:Illuminate\\Pipeline\\Pipeline::carry():194}:195}(Object(Illuminate\\Http\\Request))
#32 /Users/zawhtetnaung/Documents/Webprojects/ecommerce-api/vendor/laravel/framework/src/Illuminate/Pipeline/Pipeline.php(219): Illuminate\\Http\\Middleware\\ValidatePostSize->handle(Object(Illuminate\\Http\\Request), Object(Closure))
#33 /Users/zawhtetnaung/Documents/Webprojects/ecommerce-api/vendor/laravel/framework/src/Illuminate/Foundation/Http/Middleware/PreventRequestsDuringMaintenance.php(109): Illuminate\\Pipeline\\Pipeline->{closure:{closure:Illuminate\\Pipeline\\Pipeline::carry():194}:195}(Object(Illuminate\\Http\\Request))
#34 /Users/zawhtetnaung/Documents/Webprojects/ecommerce-api/vendor/laravel/framework/src/Illuminate/Pipeline/Pipeline.php(219): Illuminate\\Foundation\\Http\\Middleware\\PreventRequestsDuringMaintenance->handle(Object(Illuminate\\Http\\Request), Object(Closure))
#35 /Users/zawhtetnaung/Documents/Webprojects/ecommerce-api/vendor/laravel/framework/src/Illuminate/Http/Middleware/HandleCors.php(74): Illuminate\\Pipeline\\Pipeline->{closure:{closure:Illuminate\\Pipeline\\Pipeline::carry():194}:195}(Object(Illuminate\\Http\\Request))
#36 /Users/zawhtetnaung/Documents/Webprojects/ecommerce-api/vendor/laravel/framework/src/Illuminate/Pipeline/Pipeline.php(219): Illuminate\\Http\\Middleware\\HandleCors->handle(Object(Illuminate\\Http\\Request), Object(Closure))
#37 /Users/zawhtetnaung/Documents/Webprojects/ecommerce-api/vendor/laravel/framework/src/Illuminate/Http/Middleware/TrustProxies.php(58): Illuminate\\Pipeline\\Pipeline->{closure:{closure:Illuminate\\Pipeline\\Pipeline::carry():194}:195}(Object(Illuminate\\Http\\Request))
#38 /Users/zawhtetnaung/Documents/Webprojects/ecommerce-api/vendor/laravel/framework/src/Illuminate/Pipeline/Pipeline.php(219): Illuminate\\Http\\Middleware\\TrustProxies->handle(Object(Illuminate\\Http\\Request), Object(Closure))
#39 /Users/zawhtetnaung/Documents/Webprojects/ecommerce-api/vendor/laravel/framework/src/Illuminate/Foundation/Http/Middleware/InvokeDeferredCallbacks.php(22): Illuminate\\Pipeline\\Pipeline->{closure:{closure:Illuminate\\Pipeline\\Pipeline::carry():194}:195}(Object(Illuminate\\Http\\Request))
#40 /Users/zawhtetnaung/Documents/Webprojects/ecommerce-api/vendor/laravel/framework/src/Illuminate/Pipeline/Pipeline.php(219): Illuminate\\Foundation\\Http\\Middleware\\InvokeDeferredCallbacks->handle(Object(Illuminate\\Http\\Request), Object(Closure))
#41 /Users/zawhtetnaung/Documents/Webprojects/ecommerce-api/vendor/laravel/framework/src/Illuminate/Http/Middleware/ValidatePathEncoding.php(26): Illuminate\\Pipeline\\Pipeline->{closure:{closure:Illuminate\\Pipeline\\Pipeline::carry():194}:195}(Object(Illuminate\\Http\\Request))
#42 /Users/zawhtetnaung/Documents/Webprojects/ecommerce-api/vendor/laravel/framework/src/Illuminate/Pipeline/Pipeline.php(219): Illuminate\\Http\\Middleware\\ValidatePathEncoding->handle(Object(Illuminate\\Http\\Request), Object(Closure))
#43 /Users/zawhtetnaung/Documents/Webprojects/ecommerce-api/vendor/laravel/framework/src/Illuminate/Pipeline/Pipeline.php(137): Illuminate\\Pipeline\\Pipeline->{closure:{closure:Illuminate\\Pipeline\\Pipeline::carry():194}:195}(Object(Illuminate\\Http\\Request))
#44 /Users/zawhtetnaung/Documents/Webprojects/ecommerce-api/vendor/laravel/framework/src/Illuminate/Foundation/Http/Kernel.php(175): Illuminate\\Pipeline\\Pipeline->then(Object(Closure))
#45 /Users/zawhtetnaung/Documents/Webprojects/ecommerce-api/vendor/laravel/framework/src/Illuminate/Foundation/Http/Kernel.php(144): Illuminate\\Foundation\\Http\\Kernel->sendRequestThroughRouter(Object(Illuminate\\Http\\Request))
#46 /Users/zawhtetnaung/Documents/Webprojects/ecommerce-api/vendor/laravel/framework/src/Illuminate/Foundation/Application.php(1220): Illuminate\\Foundation\\Http\\Kernel->handle(Object(Illuminate\\Http\\Request))
#47 /Users/zawhtetnaung/Documents/Webprojects/ecommerce-api/public/index.php(20): Illuminate\\Foundation\\Application->handleRequest(Object(Illuminate\\Http\\Request))
#48 /Users/zawhtetnaung/Documents/Webprojects/ecommerce-api/vendor/laravel/framework/src/Illuminate/Foundation/resources/server.php(23): require_once('/Users/zawhtetn...')
#49 {main}

[previous exception] [object] (PDOException(code: HY000): SQLSTATE[HY000]: General error: 1 no such table: measurements at /Users/zawhtetnaung/Documents/Webprojects/ecommerce-api/vendor/laravel/framework/src/Illuminate/Database/Connection.php:420)
[stacktrace]
#0 /Users/zawhtetnaung/Documents/Webprojects/ecommerce-api/vendor/laravel/framework/src/Illuminate/Database/Connection.php(420): PDO->prepare('select * from \"...')
#1 /Users/zawhtetnaung/Documents/Webprojects/ecommerce-api/vendor/laravel/framework/src/Illuminate/Database/Connection.php(827): Illuminate\\Database\\Connection->{closure:Illuminate\\Database\\Connection::select():411}('select * from \"...', Array)
#2 /Users/zawhtetnaung/Documents/Webprojects/ecommerce-api/vendor/laravel/framework/src/Illuminate/Database/Connection.php(794): Illuminate\\Database\\Connection->runQueryCallback('select * from \"...', Array, Object(Closure))
#3 /Users/zawhtetnaung/Documents/Webprojects/ecommerce-api/vendor/laravel/framework/src/Illuminate/Database/Connection.php(411): Illuminate\\Database\\Connection->run('select * from \"...', Array, Object(Closure))
#4 /Users/zawhtetnaung/Documents/Webprojects/ecommerce-api/vendor/laravel/framework/src/Illuminate/Database/Query/Builder.php(3389): Illuminate\\Database\\Connection->select('select * from \"...', Array, true)
#5 /Users/zawhtetnaung/Documents/Webprojects/ecommerce-api/vendor/laravel/framework/src/Illuminate/Database/Query/Builder.php(3374): Illuminate\\Database\\Query\\Builder->runSelect()
#6 /Users/zawhtetnaung/Documents/Webprojects/ecommerce-api/vendor/laravel/framework/src/Illuminate/Database/Query/Builder.php(3964): Illuminate\\Database\\Query\\Builder->{closure:Illuminate\\Database\\Query\\Builder::get():3373}()
#7 /Users/zawhtetnaung/Documents/Webprojects/ecommerce-api/vendor/laravel/framework/src/Illuminate/Database/Query/Builder.php(3373): Illuminate\\Database\\Query\\Builder->onceWithColumns(Array, Object(Closure))
#8 /Users/zawhtetnaung/Documents/Webprojects/ecommerce-api/vendor/laravel/framework/src/Illuminate/Database/Eloquent/Builder.php(902): Illuminate\\Database\\Query\\Builder->get(Array)
#9 /Users/zawhtetnaung/Documents/Webprojects/ecommerce-api/vendor/laravel/framework/src/Illuminate/Database/Eloquent/Builder.php(884): Illuminate\\Database\\Eloquent\\Builder->getModels(Array)
#10 /Users/zawhtetnaung/Documents/Webprojects/ecommerce-api/app/Http/Controllers/Api/MeasurementController.php(15): Illuminate\\Database\\Eloquent\\Builder->get()
#11 /Users/zawhtetnaung/Documents/Webprojects/ecommerce-api/vendor/laravel/framework/src/Illuminate/Routing/ControllerDispatcher.php(46): App\\Http\\Controllers\\Api\\MeasurementController->index()
#12 /Users/zawhtetnaung/Documents/Webprojects/ecommerce-api/vendor/laravel/framework/src/Illuminate/Routing/Route.php(265): Illuminate\\Routing\\ControllerDispatcher->dispatch(Object(Illuminate\\Routing\\Route), Object(App\\Http\\Controllers\\Api\\MeasurementController), 'index')
#13 /Users/zawhtetnaung/Documents/Webprojects/ecommerce-api/vendor/laravel/framework/src/Illuminate/Routing/Route.php(211): Illuminate\\Routing\\Route->runController()
#14 /Users/zawhtetnaung/Documents/Webprojects/ecommerce-api/vendor/laravel/framework/src/Illuminate/Routing/Router.php(822): Illuminate\\Routing\\Route->run()
#15 /Users/zawhtetnaung/Documents/Webprojects/ecommerce-api/vendor/laravel/framework/src/Illuminate/Pipeline/Pipeline.php(180): Illuminate\\Routing\\Router->{closure:Illuminate\\Routing\\Router::runRouteWithinStack():821}(Object(Illuminate\\Http\\Request))
#16 /Users/zawhtetnaung/Documents/Webprojects/ecommerce-api/vendor/laravel/framework/src/Illuminate/Routing/Middleware/SubstituteBindings.php(50): Illuminate\\Pipeline\\Pipeline->{closure:Illuminate\\Pipeline\\Pipeline::prepareDestination():178}(Object(Illuminate\\Http\\Request))
#17 /Users/zawhtetnaung/Documents/Webprojects/ecommerce-api/vendor/laravel/framework/src/Illuminate/Pipeline/Pipeline.php(219): Illuminate\\Routing\\Middleware\\SubstituteBindings->handle(Object(Illuminate\\Http\\Request), Object(Closure))
#18 /Users/zawhtetnaung/Documents/Webprojects/ecommerce-api/vendor/laravel/framework/src/Illuminate/Auth/Middleware/Authenticate.php(63): Illuminate\\Pipeline\\Pipeline->{closure:{closure:Illuminate\\Pipeline\\Pipeline::carry():194}:195}(Object(Illuminate\\Http\\Request))
#19 /Users/zawhtetnaung/Documents/Webprojects/ecommerce-api/vendor/laravel/framework/src/Illuminate/Pipeline/Pipeline.php(219): Illuminate\\Auth\\Middleware\\Authenticate->handle(Object(Illuminate\\Http\\Request), Object(Closure), 'sanctum')
#20 /Users/zawhtetnaung/Documents/Webprojects/ecommerce-api/vendor/laravel/framework/src/Illuminate/Pipeline/Pipeline.php(137): Illuminate\\Pipeline\\Pipeline->{closure:{closure:Illuminate\\Pipeline\\Pipeline::carry():194}:195}(Object(Illuminate\\Http\\Request))
#21 /Users/zawhtetnaung/Documents/Webprojects/ecommerce-api/vendor/laravel/framework/src/Illuminate/Routing/Router.php(821): Illuminate\\Pipeline\\Pipeline->then(Object(Closure))
#22 /Users/zawhtetnaung/Documents/Webprojects/ecommerce-api/vendor/laravel/framework/src/Illuminate/Routing/Router.php(800): Illuminate\\Routing\\Router->runRouteWithinStack(Object(Illuminate\\Routing\\Route), Object(Illuminate\\Http\\Request))
#23 /Users/zawhtetnaung/Documents/Webprojects/ecommerce-api/vendor/laravel/framework/src/Illuminate/Routing/Router.php(764): Illuminate\\Routing\\Router->runRoute(Object(Illuminate\\Http\\Request), Object(Illuminate\\Routing\\Route))
#24 /Users/zawhtetnaung/Documents/Webprojects/ecommerce-api/vendor/laravel/framework/src/Illuminate/Routing/Router.php(753): Illuminate\\Routing\\Router->dispatchToRoute(Object(Illuminate\\Http\\Request))
#25 /Users/zawhtetnaung/Documents/Webprojects/ecommerce-api/vendor/laravel/framework/src/Illuminate/Foundation/Http/Kernel.php(200): Illuminate\\Routing\\Router->dispatch(Object(Illuminate\\Http\\Request))
#26 /Users/zawhtetnaung/Documents/Webprojects/ecommerce-api/vendor/laravel/framework/src/Illuminate/Pipeline/Pipeline.php(180): Illuminate\\Foundation\\Http\\Kernel->{closure:Illuminate\\Foundation\\Http\\Kernel::dispatchToRouter():197}(Object(Illuminate\\Http\\Request))
#27 /Users/zawhtetnaung/Documents/Webprojects/ecommerce-api/vendor/laravel/framework/src/Illuminate/Foundation/Http/Middleware/TransformsRequest.php(21): Illuminate\\Pipeline\\Pipeline->{closure:Illuminate\\Pipeline\\Pipeline::prepareDestination():178}(Object(Illuminate\\Http\\Request))
#28 /Users/zawhtetnaung/Documents/Webprojects/ecommerce-api/vendor/laravel/framework/src/Illuminate/Foundation/Http/Middleware/ConvertEmptyStringsToNull.php(31): Illuminate\\Foundation\\Http\\Middleware\\TransformsRequest->handle(Object(Illuminate\\Http\\Request), Object(Closure))
#29 /Users/zawhtetnaung/Documents/Webprojects/ecommerce-api/vendor/laravel/framework/src/Illuminate/Pipeline/Pipeline.php(219): Illuminate\\Foundation\\Http\\Middleware\\ConvertEmptyStringsToNull->handle(Object(Illuminate\\Http\\Request), Object(Closure))
#30 /Users/zawhtetnaung/Documents/Webprojects/ecommerce-api/vendor/laravel/framework/src/Illuminate/Foundation/Http/Middleware/TransformsRequest.php(21): Illuminate\\Pipeline\\Pipeline->{closure:{closure:Illuminate\\Pipeline\\Pipeline::carry():194}:195}(Object(Illuminate\\Http\\Request))
#31 /Users/zawhtetnaung/Documents/Webprojects/ecommerce-api/vendor/laravel/framework/src/Illuminate/Foundation/Http/Middleware/TrimStrings.php(51): Illuminate\\Foundation\\Http\\Middleware\\TransformsRequest->handle(Object(Illuminate\\Http\\Request), Object(Closure))
#32 /Users/zawhtetnaung/Documents/Webprojects/ecommerce-api/vendor/laravel/framework/src/Illuminate/Pipeline/Pipeline.php(219): Illuminate\\Foundation\\Http\\Middleware\\TrimStrings->handle(Object(Illuminate\\Http\\Request), Object(Closure))
#33 /Users/zawhtetnaung/Documents/Webprojects/ecommerce-api/vendor/laravel/framework/src/Illuminate/Http/Middleware/ValidatePostSize.php(27): Illuminate\\Pipeline\\Pipeline->{closure:{closure:Illuminate\\Pipeline\\Pipeline::carry():194}:195}(Object(Illuminate\\Http\\Request))
#34 /Users/zawhtetnaung/Documents/Webprojects/ecommerce-api/vendor/laravel/framework/src/Illuminate/Pipeline/Pipeline.php(219): Illuminate\\Http\\Middleware\\ValidatePostSize->handle(Object(Illuminate\\Http\\Request), Object(Closure))
#35 /Users/zawhtetnaung/Documents/Webprojects/ecommerce-api/vendor/laravel/framework/src/Illuminate/Foundation/Http/Middleware/PreventRequestsDuringMaintenance.php(109): Illuminate\\Pipeline\\Pipeline->{closure:{closure:Illuminate\\Pipeline\\Pipeline::carry():194}:195}(Object(Illuminate\\Http\\Request))
#36 /Users/zawhtetnaung/Documents/Webprojects/ecommerce-api/vendor/laravel/framework/src/Illuminate/Pipeline/Pipeline.php(219): Illuminate\\Foundation\\Http\\Middleware\\PreventRequestsDuringMaintenance->handle(Object(Illuminate\\Http\\Request), Object(Closure))
#37 /Users/zawhtetnaung/Documents/Webprojects/ecommerce-api/vendor/laravel/framework/src/Illuminate/Http/Middleware/HandleCors.php(74): Illuminate\\Pipeline\\Pipeline->{closure:{closure:Illuminate\\Pipeline\\Pipeline::carry():194}:195}(Object(Illuminate\\Http\\Request))
#38 /Users/zawhtetnaung/Documents/Webprojects/ecommerce-api/vendor/laravel/framework/src/Illuminate/Pipeline/Pipeline.php(219): Illuminate\\Http\\Middleware\\HandleCors->handle(Object(Illuminate\\Http\\Request), Object(Closure))
#39 /Users/zawhtetnaung/Documents/Webprojects/ecommerce-api/vendor/laravel/framework/src/Illuminate/Http/Middleware/TrustProxies.php(58): Illuminate\\Pipeline\\Pipeline->{closure:{closure:Illuminate\\Pipeline\\Pipeline::carry():194}:195}(Object(Illuminate\\Http\\Request))
#40 /Users/zawhtetnaung/Documents/Webprojects/ecommerce-api/vendor/laravel/framework/src/Illuminate/Pipeline/Pipeline.php(219): Illuminate\\Http\\Middleware\\TrustProxies->handle(Object(Illuminate\\Http\\Request), Object(Closure))
#41 /Users/zawhtetnaung/Documents/Webprojects/ecommerce-api/vendor/laravel/framework/src/Illuminate/Foundation/Http/Middleware/InvokeDeferredCallbacks.php(22): Illuminate\\Pipeline\\Pipeline->{closure:{closure:Illuminate\\Pipeline\\Pipeline::carry():194}:195}(Object(Illuminate\\Http\\Request))
#42 /Users/zawhtetnaung/Documents/Webprojects/ecommerce-api/vendor/laravel/framework/src/Illuminate/Pipeline/Pipeline.php(219): Illuminate\\Foundation\\Http\\Middleware\\InvokeDeferredCallbacks->handle(Object(Illuminate\\Http\\Request), Object(Closure))
#43 /Users/zawhtetnaung/Documents/Webprojects/ecommerce-api/vendor/laravel/framework/src/Illuminate/Http/Middleware/ValidatePathEncoding.php(26): Illuminate\\Pipeline\\Pipeline->{closure:{closure:Illuminate\\Pipeline\\Pipeline::carry():194}:195}(Object(Illuminate\\Http\\Request))
#44 /Users/zawhtetnaung/Documents/Webprojects/ecommerce-api/vendor/laravel/framework/src/Illuminate/Pipeline/Pipeline.php(219): Illuminate\\Http\\Middleware\\ValidatePathEncoding->handle(Object(Illuminate\\Http\\Request), Object(Closure))
#45 /Users/zawhtetnaung/Documents/Webprojects/ecommerce-api/vendor/laravel/framework/src/Illuminate/Pipeline/Pipeline.php(137): Illuminate\\Pipeline\\Pipeline->{closure:{closure:Illuminate\\Pipeline\\Pipeline::carry():194}:195}(Object(Illuminate\\Http\\Request))
#46 /Users/zawhtetnaung/Documents/Webprojects/ecommerce-api/vendor/laravel/framework/src/Illuminate/Foundation/Http/Kernel.php(175): Illuminate\\Pipeline\\Pipeline->then(Object(Closure))
#47 /Users/zawhtetnaung/Documents/Webprojects/ecommerce-api/vendor/laravel/framework/src/Illuminate/Foundation/Http/Kernel.php(144): Illuminate\\Foundation\\Http\\Kernel->sendRequestThroughRouter(Object(Illuminate\\Http\\Request))
#48 /Users/zawhtetnaung/Documents/Webprojects/ecommerce-api/vendor/laravel/framework/src/Illuminate/Foundation/Application.php(1220): Illuminate\\Foundation\\Http\\Kernel->handle(Object(Illuminate\\Http\\Request))
#49 /Users/zawhtetnaung/Documents/Webprojects/ecommerce-api/public/index.php(20): Illuminate\\Foundation\\Application->handleRequest(Object(Illuminate\\Http\\Request))
#50 /Users/zawhtetnaung/Documents/Webprojects/ecommerce-api/vendor/laravel/framework/src/Illuminate/Foundation/resources/server.php(23): require_once('/Users/zawhtetn...')
#51 {main}
"} 
[2026-02-04 14:57:07] local.ERROR: SQLSTATE[HY000]: General error: 1 no such table: colors (Connection: sqlite, Database: /Users/zawhtetnaung/Documents/Webprojects/ecommerce-api/database/database.sqlite, SQL: select "colors"."id", "colors"."name", "colors"."hex_code", "colors"."is_active", "color_product"."product_id" as "pivot_product_id", "color_product"."color_id" as "pivot_color_id" from "colors" inner join "color_product" on "colors"."id" = "color_product"."color_id" where "color_product"."product_id" in (1, 2)) {"userId":2,"exception":"[object] (Illuminate\\Database\\QueryException(code: HY000): SQLSTATE[HY000]: General error: 1 no such table: colors (Connection: sqlite, Database: /Users/zawhtetnaung/Documents/Webprojects/ecommerce-api/database/database.sqlite, SQL: select \"colors\".\"id\", \"colors\".\"name\", \"colors\".\"hex_code\", \"colors\".\"is_active\", \"color_product\".\"product_id\" as \"pivot_product_id\", \"color_product\".\"color_id\" as \"pivot_color_id\" from \"colors\" inner join \"color_product\" on \"colors\".\"id\" = \"color_product\".\"color_id\" where \"color_product\".\"product_id\" in (1, 2)) at /Users/zawhtetnaung/Documents/Webprojects/ecommerce-api/vendor/laravel/framework/src/Illuminate/Database/Connection.php:838)
[stacktrace]
#0 /Users/zawhtetnaung/Documents/Webprojects/ecommerce-api/vendor/laravel/framework/src/Illuminate/Database/Connection.php(794): Illuminate\\Database\\Connection->runQueryCallback('select \"colors\"...', Array, Object(Closure))
#1 /Users/zawhtetnaung/Documents/Webprojects/ecommerce-api/vendor/laravel/framework/src/Illuminate/Database/Connection.php(411): Illuminate\\Database\\Connection->run('select \"colors\"...', Array, Object(Closure))
#2 /Users/zawhtetnaung/Documents/Webprojects/ecommerce-api/vendor/laravel/framework/src/Illuminate/Database/Query/Builder.php(3389): Illuminate\\Database\\Connection->select('select \"colors\"...', Array, true)
#3 /Users/zawhtetnaung/Documents/Webprojects/ecommerce-api/vendor/laravel/framework/src/Illuminate/Database/Query/Builder.php(3374): Illuminate\\Database\\Query\\Builder->runSelect()
#4 /Users/zawhtetnaung/Documents/Webprojects/ecommerce-api/vendor/laravel/framework/src/Illuminate/Database/Query/Builder.php(3964): Illuminate\\Database\\Query\\Builder->{closure:Illuminate\\Database\\Query\\Builder::get():3373}()
#5 /Users/zawhtetnaung/Documents/Webprojects/ecommerce-api/vendor/laravel/framework/src/Illuminate/Database/Query/Builder.php(3373): Illuminate\\Database\\Query\\Builder->onceWithColumns(Array, Object(Closure))
#6 /Users/zawhtetnaung/Documents/Webprojects/ecommerce-api/vendor/laravel/framework/src/Illuminate/Database/Eloquent/Builder.php(902): Illuminate\\Database\\Query\\Builder->get(Array)
#7 /Users/zawhtetnaung/Documents/Webprojects/ecommerce-api/vendor/laravel/framework/src/Illuminate/Database/Eloquent/Relations/BelongsToMany.php(910): Illuminate\\Database\\Eloquent\\Builder->getModels()
#8 /Users/zawhtetnaung/Documents/Webprojects/ecommerce-api/vendor/laravel/framework/src/Illuminate/Database/Eloquent/Relations/Relation.php(175): Illuminate\\Database\\Eloquent\\Relations\\BelongsToMany->get()
#9 /Users/zawhtetnaung/Documents/Webprojects/ecommerce-api/vendor/laravel/framework/src/Illuminate/Database/Eloquent/Builder.php(950): Illuminate\\Database\\Eloquent\\Relations\\Relation->getEager()
#10 /Users/zawhtetnaung/Documents/Webprojects/ecommerce-api/vendor/laravel/framework/src/Illuminate/Database/Eloquent/Builder.php(919): Illuminate\\Database\\Eloquent\\Builder->eagerLoadRelation(Array, 'colors', Object(Closure))
#11 /Users/zawhtetnaung/Documents/Webprojects/ecommerce-api/vendor/laravel/framework/src/Illuminate/Database/Eloquent/Builder.php(885): Illuminate\\Database\\Eloquent\\Builder->eagerLoadRelations(Array)
#12 /Users/zawhtetnaung/Documents/Webprojects/ecommerce-api/app/Http/Controllers/Api/ProductController.php(28): Illuminate\\Database\\Eloquent\\Builder->get()
#13 /Users/zawhtetnaung/Documents/Webprojects/ecommerce-api/vendor/laravel/framework/src/Illuminate/Routing/ControllerDispatcher.php(46): App\\Http\\Controllers\\Api\\ProductController->index()
#14 /Users/zawhtetnaung/Documents/Webprojects/ecommerce-api/vendor/laravel/framework/src/Illuminate/Routing/Route.php(265): Illuminate\\Routing\\ControllerDispatcher->dispatch(Object(Illuminate\\Routing\\Route), Object(App\\Http\\Controllers\\Api\\ProductController), 'index')
#15 /Users/zawhtetnaung/Documents/Webprojects/ecommerce-api/vendor/laravel/framework/src/Illuminate/Routing/Route.php(211): Illuminate\\Routing\\Route->runController()
#16 /Users/zawhtetnaung/Documents/Webprojects/ecommerce-api/vendor/laravel/framework/src/Illuminate/Routing/Router.php(822): Illuminate\\Routing\\Route->run()
#17 /Users/zawhtetnaung/Documents/Webprojects/ecommerce-api/vendor/laravel/framework/src/Illuminate/Pipeline/Pipeline.php(180): Illuminate\\Routing\\Router->{closure:Illuminate\\Routing\\Router::runRouteWithinStack():821}(Object(Illuminate\\Http\\Request))
#18 /Users/zawhtetnaung/Documents/Webprojects/ecommerce-api/vendor/laravel/framework/src/Illuminate/Routing/Middleware/SubstituteBindings.php(50): Illuminate\\Pipeline\\Pipeline->{closure:Illuminate\\Pipeline\\Pipeline::prepareDestination():178}(Object(Illuminate\\Http\\Request))
#19 /Users/zawhtetnaung/Documents/Webprojects/ecommerce-api/vendor/laravel/framework/src/Illuminate/Pipeline/Pipeline.php(219): Illuminate\\Routing\\Middleware\\SubstituteBindings->handle(Object(Illuminate\\Http\\Request), Object(Closure))
#20 /Users/zawhtetnaung/Documents/Webprojects/ecommerce-api/vendor/laravel/framework/src/Illuminate/Auth/Middleware/Authenticate.php(63): Illuminate\\Pipeline\\Pipeline->{closure:{closure:Illuminate\\Pipeline\\Pipeline::carry():194}:195}(Object(Illuminate\\Http\\Request))
#21 /Users/zawhtetnaung/Documents/Webprojects/ecommerce-api/vendor/laravel/framework/src/Illuminate/Pipeline/Pipeline.php(219): Illuminate\\Auth\\Middleware\\Authenticate->handle(Object(Illuminate\\Http\\Request), Object(Closure), 'sanctum')
#22 /Users/zawhtetnaung/Documents/Webprojects/ecommerce-api/vendor/laravel/framework/src/Illuminate/Pipeline/Pipeline.php(137): Illuminate\\Pipeline\\Pipeline->{closure:{closure:Illuminate\\Pipeline\\Pipeline::carry():194}:195}(Object(Illuminate\\Http\\Request))
#23 /Users/zawhtetnaung/Documents/Webprojects/ecommerce-api/vendor/laravel/framework/src/Illuminate/Routing/Router.php(821): Illuminate\\Pipeline\\Pipeline->then(Object(Closure))
#24 /Users/zawhtetnaung/Documents/Webprojects/ecommerce-api/vendor/laravel/framework/src/Illuminate/Routing/Router.php(800): Illuminate\\Routing\\Router->runRouteWithinStack(Object(Illuminate\\Routing\\Route), Object(Illuminate\\Http\\Request))
#25 /Users/zawhtetnaung/Documents/Webprojects/ecommerce-api/vendor/laravel/framework/src/Illuminate/Routing/Router.php(764): Illuminate\\Routing\\Router->runRoute(Object(Illuminate\\Http\\Request), Object(Illuminate\\Routing\\Route))
#26 /Users/zawhtetnaung/Documents/Webprojects/ecommerce-api/vendor/laravel/framework/src/Illuminate/Routing/Router.php(753): Illuminate\\Routing\\Router->dispatchToRoute(Object(Illuminate\\Http\\Request))
#27 /Users/zawhtetnaung/Documents/Webprojects/ecommerce-api/vendor/laravel/framework/src/Illuminate/Foundation/Http/Kernel.php(200): Illuminate\\Routing\\Router->dispatch(Object(Illuminate\\Http\\Request))
#28 /Users/zawhtetnaung/Documents/Webprojects/ecommerce-api/vendor/laravel/framework/src/Illuminate/Pipeline/Pipeline.php(180): Illuminate\\Foundation\\Http\\Kernel->{closure:Illuminate\\Foundation\\Http\\Kernel::dispatchToRouter():197}(Object(Illuminate\\Http\\Request))
#29 /Users/zawhtetnaung/Documents/Webprojects/ecommerce-api/vendor/laravel/framework/src/Illuminate/Foundation/Http/Middleware/TransformsRequest.php(21): Illuminate\\Pipeline\\Pipeline->{closure:Illuminate\\Pipeline\\Pipeline::prepareDestination():178}(Object(Illuminate\\Http\\Request))
#30 /Users/zawhtetnaung/Documents/Webprojects/ecommerce-api/vendor/laravel/framework/src/Illuminate/Foundation/Http/Middleware/ConvertEmptyStringsToNull.php(31): Illuminate\\Foundation\\Http\\Middleware\\TransformsRequest->handle(Object(Illuminate\\Http\\Request), Object(Closure))
#31 /Users/zawhtetnaung/Documents/Webprojects/ecommerce-api/vendor/laravel/framework/src/Illuminate/Pipeline/Pipeline.php(219): Illuminate\\Foundation\\Http\\Middleware\\ConvertEmptyStringsToNull->handle(Object(Illuminate\\Http\\Request), Object(Closure))
#32 /Users/zawhtetnaung/Documents/Webprojects/ecommerce-api/vendor/laravel/framework/src/Illuminate/Foundation/Http/Middleware/TransformsRequest.php(21): Illuminate\\Pipeline\\Pipeline->{closure:{closure:Illuminate\\Pipeline\\Pipeline::carry():194}:195}(Object(Illuminate\\Http\\Request))
#33 /Users/zawhtetnaung/Documents/Webprojects/ecommerce-api/vendor/laravel/framework/src/Illuminate/Foundation/Http/Middleware/TrimStrings.php(51): Illuminate\\Foundation\\Http\\Middleware\\TransformsRequest->handle(Object(Illuminate\\Http\\Request), Object(Closure))
#34 /Users/zawhtetnaung/Documents/Webprojects/ecommerce-api/vendor/laravel/framework/src/Illuminate/Pipeline/Pipeline.php(219): Illuminate\\Foundation\\Http\\Middleware\\TrimStrings->handle(Object(Illuminate\\Http\\Request), Object(Closure))
#35 /Users/zawhtetnaung/Documents/Webprojects/ecommerce-api/vendor/laravel/framework/src/Illuminate/Http/Middleware/ValidatePostSize.php(27): Illuminate\\Pipeline\\Pipeline->{closure:{closure:Illuminate\\Pipeline\\Pipeline::carry():194}:195}(Object(Illuminate\\Http\\Request))
#36 /Users/zawhtetnaung/Documents/Webprojects/ecommerce-api/vendor/laravel/framework/src/Illuminate/Pipeline/Pipeline.php(219): Illuminate\\Http\\Middleware\\ValidatePostSize->handle(Object(Illuminate\\Http\\Request), Object(Closure))
#37 /Users/zawhtetnaung/Documents/Webprojects/ecommerce-api/vendor/laravel/framework/src/Illuminate/Foundation/Http/Middleware/PreventRequestsDuringMaintenance.php(109): Illuminate\\Pipeline\\Pipeline->{closure:{closure:Illuminate\\Pipeline\\Pipeline::carry():194}:195}(Object(Illuminate\\Http\\Request))
#38 /Users/zawhtetnaung/Documents/Webprojects/ecommerce-api/vendor/laravel/framework/src/Illuminate/Pipeline/Pipeline.php(219): Illuminate\\Foundation\\Http\\Middleware\\PreventRequestsDuringMaintenance->handle(Object(Illuminate\\Http\\Request), Object(Closure))
#39 /Users/zawhtetnaung/Documents/Webprojects/ecommerce-api/vendor/laravel/framework/src/Illuminate/Http/Middleware/HandleCors.php(74): Illuminate\\Pipeline\\Pipeline->{closure:{closure:Illuminate\\Pipeline\\Pipeline::carry():194}:195}(Object(Illuminate\\Http\\Request))
#40 /Users/zawhtetnaung/Documents/Webprojects/ecommerce-api/vendor/laravel/framework/src/Illuminate/Pipeline/Pipeline.php(219): Illuminate\\Http\\Middleware\\HandleCors->handle(Object(Illuminate\\Http\\Request), Object(Closure))
#41 /Users/zawhtetnaung/Documents/Webprojects/ecommerce-api/vendor/laravel/framework/src/Illuminate/Http/Middleware/TrustProxies.php(58): Illuminate\\Pipeline\\Pipeline->{closure:{closure:Illuminate\\Pipeline\\Pipeline::carry():194}:195}(Object(Illuminate\\Http\\Request))
#42 /Users/zawhtetnaung/Documents/Webprojects/ecommerce-api/vendor/laravel/framework/src/Illuminate/Pipeline/Pipeline.php(219): Illuminate\\Http\\Middleware\\TrustProxies->handle(Object(Illuminate\\Http\\Request), Object(Closure))
#43 /Users/zawhtetnaung/Documents/Webprojects/ecommerce-api/vendor/laravel/framework/src/Illuminate/Foundation/Http/Middleware/InvokeDeferredCallbacks.php(22): Illuminate\\Pipeline\\Pipeline->{closure:{closure:Illuminate\\Pipeline\\Pipeline::carry():194}:195}(Object(Illuminate\\Http\\Request))
#44 /Users/zawhtetnaung/Documents/Webprojects/ecommerce-api/vendor/laravel/framework/src/Illuminate/Pipeline/Pipeline.php(219): Illuminate\\Foundation\\Http\\Middleware\\InvokeDeferredCallbacks->handle(Object(Illuminate\\Http\\Request), Object(Closure))
#45 /Users/zawhtetnaung/Documents/Webprojects/ecommerce-api/vendor/laravel/framework/src/Illuminate/Http/Middleware/ValidatePathEncoding.php(26): Illuminate\\Pipeline\\Pipeline->{closure:{closure:Illuminate\\Pipeline\\Pipeline::carry():194}:195}(Object(Illuminate\\Http\\Request))
#46 /Users/zawhtetnaung/Documents/Webprojects/ecommerce-api/vendor/laravel/framework/src/Illuminate/Pipeline/Pipeline.php(219): Illuminate\\Http\\Middleware\\ValidatePathEncoding->handle(Object(Illuminate\\Http\\Request), Object(Closure))
#47 /Users/zawhtetnaung/Documents/Webprojects/ecommerce-api/vendor/laravel/framework/src/Illuminate/Pipeline/Pipeline.php(137): Illuminate\\Pipeline\\Pipeline->{closure:{closure:Illuminate\\Pipeline\\Pipeline::carry():194}:195}(Object(Illuminate\\Http\\Request))
#48 /Users/zawhtetnaung/Documents/Webprojects/ecommerce-api/vendor/laravel/framework/src/Illuminate/Foundation/Http/Kernel.php(175): Illuminate\\Pipeline\\Pipeline->then(Object(Closure))
#49 /Users/zawhtetnaung/Documents/Webprojects/ecommerce-api/vendor/laravel/framework/src/Illuminate/Foundation/Http/Kernel.php(144): Illuminate\\Foundation\\Http\\Kernel->sendRequestThroughRouter(Object(Illuminate\\Http\\Request))
#50 /Users/zawhtetnaung/Documents/Webprojects/ecommerce-api/vendor/laravel/framework/src/Illuminate/Foundation/Application.php(1220): Illuminate\\Foundation\\Http\\Kernel->handle(Object(Illuminate\\Http\\Request))
#51 /Users/zawhtetnaung/Documents/Webprojects/ecommerce-api/public/index.php(20): Illuminate\\Foundation\\Application->handleRequest(Object(Illuminate\\Http\\Request))
#52 /Users/zawhtetnaung/Documents/Webprojects/ecommerce-api/vendor/laravel/framework/src/Illuminate/Foundation/resources/server.php(23): require_once('/Users/zawhtetn...')
#53 {main}

[previous exception] [object] (PDOException(code: HY000): SQLSTATE[HY000]: General error: 1 no such table: colors at /Users/zawhtetnaung/Documents/Webprojects/ecommerce-api/vendor/laravel/framework/src/Illuminate/Database/Connection.php:420)
[stacktrace]
#0 /Users/zawhtetnaung/Documents/Webprojects/ecommerce-api/vendor/laravel/framework/src/Illuminate/Database/Connection.php(420): PDO->prepare('select \"colors\"...')
#1 /Users/zawhtetnaung/Documents/Webprojects/ecommerce-api/vendor/laravel/framework/src/Illuminate/Database/Connection.php(827): Illuminate\\Database\\Connection->{closure:Illuminate\\Database\\Connection::select():411}('select \"colors\"...', Array)
#2 /Users/zawhtetnaung/Documents/Webprojects/ecommerce-api/vendor/laravel/framework/src/Illuminate/Database/Connection.php(794): Illuminate\\Database\\Connection->runQueryCallback('select \"colors\"...', Array, Object(Closure))
#3 /Users/zawhtetnaung/Documents/Webprojects/ecommerce-api/vendor/laravel/framework/src/Illuminate/Database/Connection.php(411): Illuminate\\Database\\Connection->run('select \"colors\"...', Array, Object(Closure))
#4 /Users/zawhtetnaung/Documents/Webprojects/ecommerce-api/vendor/laravel/framework/src/Illuminate/Database/Query/Builder.php(3389): Illuminate\\Database\\Connection->select('select \"colors\"...', Array, true)
#5 /Users/zawhtetnaung/Documents/Webprojects/ecommerce-api/vendor/laravel/framework/src/Illuminate/Database/Query/Builder.php(3374): Illuminate\\Database\\Query\\Builder->runSelect()
#6 /Users/zawhtetnaung/Documents/Webprojects/ecommerce-api/vendor/laravel/framework/src/Illuminate/Database/Query/Builder.php(3964): Illuminate\\Database\\Query\\Builder->{closure:Illuminate\\Database\\Query\\Builder::get():3373}()
#7 /Users/zawhtetnaung/Documents/Webprojects/ecommerce-api/vendor/laravel/framework/src/Illuminate/Database/Query/Builder.php(3373): Illuminate\\Database\\Query\\Builder->onceWithColumns(Array, Object(Closure))
#8 /Users/zawhtetnaung/Documents/Webprojects/ecommerce-api/vendor/laravel/framework/src/Illuminate/Database/Eloquent/Builder.php(902): Illuminate\\Database\\Query\\Builder->get(Array)
#9 /Users/zawhtetnaung/Documents/Webprojects/ecommerce-api/vendor/laravel/framework/src/Illuminate/Database/Eloquent/Relations/BelongsToMany.php(910): Illuminate\\Database\\Eloquent\\Builder->getModels()
#10 /Users/zawhtetnaung/Documents/Webprojects/ecommerce-api/vendor/laravel/framework/src/Illuminate/Database/Eloquent/Relations/Relation.php(175): Illuminate\\Database\\Eloquent\\Relations\\BelongsToMany->get()
#11 /Users/zawhtetnaung/Documents/Webprojects/ecommerce-api/vendor/laravel/framework/src/Illuminate/Database/Eloquent/Builder.php(950): Illuminate\\Database\\Eloquent\\Relations\\Relation->getEager()
#12 /Users/zawhtetnaung/Documents/Webprojects/ecommerce-api/vendor/laravel/framework/src/Illuminate/Database/Eloquent/Builder.php(919): Illuminate\\Database\\Eloquent\\Builder->eagerLoadRelation(Array, 'colors', Object(Closure))
#13 /Users/zawhtetnaung/Documents/Webprojects/ecommerce-api/vendor/laravel/framework/src/Illuminate/Database/Eloquent/Builder.php(885): Illuminate\\Database\\Eloquent\\Builder->eagerLoadRelations(Array)
#14 /Users/zawhtetnaung/Documents/Webprojects/ecommerce-api/app/Http/Controllers/Api/ProductController.php(28): Illuminate\\Database\\Eloquent\\Builder->get()
#15 /Users/zawhtetnaung/Documents/Webprojects/ecommerce-api/vendor/laravel/framework/src/Illuminate/Routing/ControllerDispatcher.php(46): App\\Http\\Controllers\\Api\\ProductController->index()
#16 /Users/zawhtetnaung/Documents/Webprojects/ecommerce-api/vendor/laravel/framework/src/Illuminate/Routing/Route.php(265): Illuminate\\Routing\\ControllerDispatcher->dispatch(Object(Illuminate\\Routing\\Route), Object(App\\Http\\Controllers\\Api\\ProductController), 'index')
#17 /Users/zawhtetnaung/Documents/Webprojects/ecommerce-api/vendor/laravel/framework/src/Illuminate/Routing/Route.php(211): Illuminate\\Routing\\Route->runController()
#18 /Users/zawhtetnaung/Documents/Webprojects/ecommerce-api/vendor/laravel/framework/src/Illuminate/Routing/Router.php(822): Illuminate\\Routing\\Route->run()
#19 /Users/zawhtetnaung/Documents/Webprojects/ecommerce-api/vendor/laravel/framework/src/Illuminate/Pipeline/Pipeline.php(180): Illuminate\\Routing\\Router->{closure:Illuminate\\Routing\\Router::runRouteWithinStack():821}(Object(Illuminate\\Http\\Request))
#20 /Users/zawhtetnaung/Documents/Webprojects/ecommerce-api/vendor/laravel/framework/src/Illuminate/Routing/Middleware/SubstituteBindings.php(50): Illuminate\\Pipeline\\Pipeline->{closure:Illuminate\\Pipeline\\Pipeline::prepareDestination():178}(Object(Illuminate\\Http\\Request))
#21 /Users/zawhtetnaung/Documents/Webprojects/ecommerce-api/vendor/laravel/framework/src/Illuminate/Pipeline/Pipeline.php(219): Illuminate\\Routing\\Middleware\\SubstituteBindings->handle(Object(Illuminate\\Http\\Request), Object(Closure))
#22 /Users/zawhtetnaung/Documents/Webprojects/ecommerce-api/vendor/laravel/framework/src/Illuminate/Auth/Middleware/Authenticate.php(63): Illuminate\\Pipeline\\Pipeline->{closure:{closure:Illuminate\\Pipeline\\Pipeline::carry():194}:195}(Object(Illuminate\\Http\\Request))
#23 /Users/zawhtetnaung/Documents/Webprojects/ecommerce-api/vendor/laravel/framework/src/Illuminate/Pipeline/Pipeline.php(219): Illuminate\\Auth\\Middleware\\Authenticate->handle(Object(Illuminate\\Http\\Request), Object(Closure), 'sanctum')
#24 /Users/zawhtetnaung/Documents/Webprojects/ecommerce-api/vendor/laravel/framework/src/Illuminate/Pipeline/Pipeline.php(137): Illuminate\\Pipeline\\Pipeline->{closure:{closure:Illuminate\\Pipeline\\Pipeline::carry():194}:195}(Object(Illuminate\\Http\\Request))
#25 /Users/zawhtetnaung/Documents/Webprojects/ecommerce-api/vendor/laravel/framework/src/Illuminate/Routing/Router.php(821): Illuminate\\Pipeline\\Pipeline->then(Object(Closure))
#26 /Users/zawhtetnaung/Documents/Webprojects/ecommerce-api/vendor/laravel/framework/src/Illuminate/Routing/Router.php(800): Illuminate\\Routing\\Router->runRouteWithinStack(Object(Illuminate\\Routing\\Route), Object(Illuminate\\Http\\Request))
#27 /Users/zawhtetnaung/Documents/Webprojects/ecommerce-api/vendor/laravel/framework/src/Illuminate/Routing/Router.php(764): Illuminate\\Routing\\Router->runRoute(Object(Illuminate\\Http\\Request), Object(Illuminate\\Routing\\Route))
#28 /Users/zawhtetnaung/Documents/Webprojects/ecommerce-api/vendor/laravel/framework/src/Illuminate/Routing/Router.php(753): Illuminate\\Routing\\Router->dispatchToRoute(Object(Illuminate\\Http\\Request))
#29 /Users/zawhtetnaung/Documents/Webprojects/ecommerce-api/vendor/laravel/framework/src/Illuminate/Foundation/Http/Kernel.php(200): Illuminate\\Routing\\Router->dispatch(Object(Illuminate\\Http\\Request))
#30 /Users/zawhtetnaung/Documents/Webprojects/ecommerce-api/vendor/laravel/framework/src/Illuminate/Pipeline/Pipeline.php(180): Illuminate\\Foundation\\Http\\Kernel->{closure:Illuminate\\Foundation\\Http\\Kernel::dispatchToRouter():197}(Object(Illuminate\\Http\\Request))
#31 /Users/zawhtetnaung/Documents/Webprojects/ecommerce-api/vendor/laravel/framework/src/Illuminate/Foundation/Http/Middleware/TransformsRequest.php(21): Illuminate\\Pipeline\\Pipeline->{closure:Illuminate\\Pipeline\\Pipeline::prepareDestination():178}(Object(Illuminate\\Http\\Request))
#32 /Users/zawhtetnaung/Documents/Webprojects/ecommerce-api/vendor/laravel/framework/src/Illuminate/Foundation/Http/Middleware/ConvertEmptyStringsToNull.php(31): Illuminate\\Foundation\\Http\\Middleware\\TransformsRequest->handle(Object(Illuminate\\Http\\Request), Object(Closure))
#33 /Users/zawhtetnaung/Documents/Webprojects/ecommerce-api/vendor/laravel/framework/src/Illuminate/Pipeline/Pipeline.php(219): Illuminate\\Foundation\\Http\\Middleware\\ConvertEmptyStringsToNull->handle(Object(Illuminate\\Http\\Request), Object(Closure))
#34 /Users/zawhtetnaung/Documents/Webprojects/ecommerce-api/vendor/laravel/framework/src/Illuminate/Foundation/Http/Middleware/TransformsRequest.php(21): Illuminate\\Pipeline\\Pipeline->{closure:{closure:Illuminate\\Pipeline\\Pipeline::carry():194}:195}(Object(Illuminate\\Http\\Request))
#35 /Users/zawhtetnaung/Documents/Webprojects/ecommerce-api/vendor/laravel/framework/src/Illuminate/Foundation/Http/Middleware/TrimStrings.php(51): Illuminate\\Foundation\\Http\\Middleware\\TransformsRequest->handle(Object(Illuminate\\Http\\Request), Object(Closure))
#36 /Users/zawhtetnaung/Documents/Webprojects/ecommerce-api/vendor/laravel/framework/src/Illuminate/Pipeline/Pipeline.php(219): Illuminate\\Foundation\\Http\\Middleware\\TrimStrings->handle(Object(Illuminate\\Http\\Request), Object(Closure))
#37 /Users/zawhtetnaung/Documents/Webprojects/ecommerce-api/vendor/laravel/framework/src/Illuminate/Http/Middleware/ValidatePostSize.php(27): Illuminate\\Pipeline\\Pipeline->{closure:{closure:Illuminate\\Pipeline\\Pipeline::carry():194}:195}(Object(Illuminate\\Http\\Request))
#38 /Users/zawhtetnaung/Documents/Webprojects/ecommerce-api/vendor/laravel/framework/src/Illuminate/Pipeline/Pipeline.php(219): Illuminate\\Http\\Middleware\\ValidatePostSize->handle(Object(Illuminate\\Http\\Request), Object(Closure))
#39 /Users/zawhtetnaung/Documents/Webprojects/ecommerce-api/vendor/laravel/framework/src/Illuminate/Foundation/Http/Middleware/PreventRequestsDuringMaintenance.php(109): Illuminate\\Pipeline\\Pipeline->{closure:{closure:Illuminate\\Pipeline\\Pipeline::carry():194}:195}(Object(Illuminate\\Http\\Request))
#40 /Users/zawhtetnaung/Documents/Webprojects/ecommerce-api/vendor/laravel/framework/src/Illuminate/Pipeline/Pipeline.php(219): Illuminate\\Foundation\\Http\\Middleware\\PreventRequestsDuringMaintenance->handle(Object(Illuminate\\Http\\Request), Object(Closure))
#41 /Users/zawhtetnaung/Documents/Webprojects/ecommerce-api/vendor/laravel/framework/src/Illuminate/Http/Middleware/HandleCors.php(74): Illuminate\\Pipeline\\Pipeline->{closure:{closure:Illuminate\\Pipeline\\Pipeline::carry():194}:195}(Object(Illuminate\\Http\\Request))
#42 /Users/zawhtetnaung/Documents/Webprojects/ecommerce-api/vendor/laravel/framework/src/Illuminate/Pipeline/Pipeline.php(219): Illuminate\\Http\\Middleware\\HandleCors->handle(Object(Illuminate\\Http\\Request), Object(Closure))
#43 /Users/zawhtetnaung/Documents/Webprojects/ecommerce-api/vendor/laravel/framework/src/Illuminate/Http/Middleware/TrustProxies.php(58): Illuminate\\Pipeline\\Pipeline->{closure:{closure:Illuminate\\Pipeline\\Pipeline::carry():194}:195}(Object(Illuminate\\Http\\Request))
#44 /Users/zawhtetnaung/Documents/Webprojects/ecommerce-api/vendor/laravel/framework/src/Illuminate/Pipeline/Pipeline.php(219): Illuminate\\Http\\Middleware\\TrustProxies->handle(Object(Illuminate\\Http\\Request), Object(Closure))
#45 /Users/zawhtetnaung/Documents/Webprojects/ecommerce-api/vendor/laravel/framework/src/Illuminate/Foundation/Http/Middleware/InvokeDeferredCallbacks.php(22): Illuminate\\Pipeline\\Pipeline->{closure:{closure:Illuminate\\Pipeline\\Pipeline::carry():194}:195}(Object(Illuminate\\Http\\Request))
#46 /Users/zawhtetnaung/Documents/Webprojects/ecommerce-api/vendor/laravel/framework/src/Illuminate/Pipeline/Pipeline.php(219): Illuminate\\Foundation\\Http\\Middleware\\InvokeDeferredCallbacks->handle(Object(Illuminate\\Http\\Request), Object(Closure))
#47 /Users/zawhtetnaung/Documents/Webprojects/ecommerce-api/vendor/laravel/framework/src/Illuminate/Http/Middleware/ValidatePathEncoding.php(26): Illuminate\\Pipeline\\Pipeline->{closure:{closure:Illuminate\\Pipeline\\Pipeline::carry():194}:195}(Object(Illuminate\\Http\\Request))
#48 /Users/zawhtetnaung/Documents/Webprojects/ecommerce-api/vendor/laravel/framework/src/Illuminate/Pipeline/Pipeline.php(219): Illuminate\\Http\\Middleware\\ValidatePathEncoding->handle(Object(Illuminate\\Http\\Request), Object(Closure))
#49 /Users/zawhtetnaung/Documents/Webprojects/ecommerce-api/vendor/laravel/framework/src/Illuminate/Pipeline/Pipeline.php(137): Illuminate\\Pipeline\\Pipeline->{closure:{closure:Illuminate\\Pipeline\\Pipeline::carry():194}:195}(Object(Illuminate\\Http\\Request))
#50 /Users/zawhtetnaung/Documents/Webprojects/ecommerce-api/vendor/laravel/framework/src/Illuminate/Foundation/Http/Kernel.php(175): Illuminate\\Pipeline\\Pipeline->then(Object(Closure))
#51 /Users/zawhtetnaung/Documents/Webprojects/ecommerce-api/vendor/laravel/framework/src/Illuminate/Foundation/Http/Kernel.php(144): Illuminate\\Foundation\\Http\\Kernel->sendRequestThroughRouter(Object(Illuminate\\Http\\Request))
#52 /Users/zawhtetnaung/Documents/Webprojects/ecommerce-api/vendor/laravel/framework/src/Illuminate/Foundation/Application.php(1220): Illuminate\\Foundation\\Http\\Kernel->handle(Object(Illuminate\\Http\\Request))
#53 /Users/zawhtetnaung/Documents/Webprojects/ecommerce-api/public/index.php(20): Illuminate\\Foundation\\Application->handleRequest(Object(Illuminate\\Http\\Request))
#54 /Users/zawhtetnaung/Documents/Webprojects/ecommerce-api/vendor/laravel/framework/src/Illuminate/Foundation/resources/server.php(23): require_once('/Users/zawhtetn...')
#55 {main}
"} 
[2026-02-04 14:57:07] local.ERROR: SQLSTATE[HY000]: General error: 1 no such table: colors (Connection: sqlite, Database: /Users/zawhtetnaung/Documents/Webprojects/ecommerce-api/database/database.sqlite, SQL: select * from "colors" order by "created_at" desc) {"userId":2,"exception":"[object] (Illuminate\\Database\\QueryException(code: HY000): SQLSTATE[HY000]: General error: 1 no such table: colors (Connection: sqlite, Database: /Users/zawhtetnaung/Documents/Webprojects/ecommerce-api/database/database.sqlite, SQL: select * from \"colors\" order by \"created_at\" desc) at /Users/zawhtetnaung/Documents/Webprojects/ecommerce-api/vendor/laravel/framework/src/Illuminate/Database/Connection.php:838)
[stacktrace]
#0 /Users/zawhtetnaung/Documents/Webprojects/ecommerce-api/vendor/laravel/framework/src/Illuminate/Database/Connection.php(794): Illuminate\\Database\\Connection->runQueryCallback('select * from \"...', Array, Object(Closure))
#1 /Users/zawhtetnaung/Documents/Webprojects/ecommerce-api/vendor/laravel/framework/src/Illuminate/Database/Connection.php(411): Illuminate\\Database\\Connection->run('select * from \"...', Array, Object(Closure))
#2 /Users/zawhtetnaung/Documents/Webprojects/ecommerce-api/vendor/laravel/framework/src/Illuminate/Database/Query/Builder.php(3389): Illuminate\\Database\\Connection->select('select * from \"...', Array, true)
#3 /Users/zawhtetnaung/Documents/Webprojects/ecommerce-api/vendor/laravel/framework/src/Illuminate/Database/Query/Builder.php(3374): Illuminate\\Database\\Query\\Builder->runSelect()
#4 /Users/zawhtetnaung/Documents/Webprojects/ecommerce-api/vendor/laravel/framework/src/Illuminate/Database/Query/Builder.php(3964): Illuminate\\Database\\Query\\Builder->{closure:Illuminate\\Database\\Query\\Builder::get():3373}()
#5 /Users/zawhtetnaung/Documents/Webprojects/ecommerce-api/vendor/laravel/framework/src/Illuminate/Database/Query/Builder.php(3373): Illuminate\\Database\\Query\\Builder->onceWithColumns(Array, Object(Closure))
#6 /Users/zawhtetnaung/Documents/Webprojects/ecommerce-api/vendor/laravel/framework/src/Illuminate/Database/Eloquent/Builder.php(902): Illuminate\\Database\\Query\\Builder->get(Array)
#7 /Users/zawhtetnaung/Documents/Webprojects/ecommerce-api/vendor/laravel/framework/src/Illuminate/Database/Eloquent/Builder.php(884): Illuminate\\Database\\Eloquent\\Builder->getModels(Array)
#8 /Users/zawhtetnaung/Documents/Webprojects/ecommerce-api/app/Http/Controllers/Api/ColorController.php(15): Illuminate\\Database\\Eloquent\\Builder->get()
#9 /Users/zawhtetnaung/Documents/Webprojects/ecommerce-api/vendor/laravel/framework/src/Illuminate/Routing/ControllerDispatcher.php(46): App\\Http\\Controllers\\Api\\ColorController->index()
#10 /Users/zawhtetnaung/Documents/Webprojects/ecommerce-api/vendor/laravel/framework/src/Illuminate/Routing/Route.php(265): Illuminate\\Routing\\ControllerDispatcher->dispatch(Object(Illuminate\\Routing\\Route), Object(App\\Http\\Controllers\\Api\\ColorController), 'index')
#11 /Users/zawhtetnaung/Documents/Webprojects/ecommerce-api/vendor/laravel/framework/src/Illuminate/Routing/Route.php(211): Illuminate\\Routing\\Route->runController()
#12 /Users/zawhtetnaung/Documents/Webprojects/ecommerce-api/vendor/laravel/framework/src/Illuminate/Routing/Router.php(822): Illuminate\\Routing\\Route->run()
#13 /Users/zawhtetnaung/Documents/Webprojects/ecommerce-api/vendor/laravel/framework/src/Illuminate/Pipeline/Pipeline.php(180): Illuminate\\Routing\\Router->{closure:Illuminate\\Routing\\Router::runRouteWithinStack():821}(Object(Illuminate\\Http\\Request))
#14 /Users/zawhtetnaung/Documents/Webprojects/ecommerce-api/vendor/laravel/framework/src/Illuminate/Routing/Middleware/SubstituteBindings.php(50): Illuminate\\Pipeline\\Pipeline->{closure:Illuminate\\Pipeline\\Pipeline::prepareDestination():178}(Object(Illuminate\\Http\\Request))
#15 /Users/zawhtetnaung/Documents/Webprojects/ecommerce-api/vendor/laravel/framework/src/Illuminate/Pipeline/Pipeline.php(219): Illuminate\\Routing\\Middleware\\SubstituteBindings->handle(Object(Illuminate\\Http\\Request), Object(Closure))
#16 /Users/zawhtetnaung/Documents/Webprojects/ecommerce-api/vendor/laravel/framework/src/Illuminate/Auth/Middleware/Authenticate.php(63): Illuminate\\Pipeline\\Pipeline->{closure:{closure:Illuminate\\Pipeline\\Pipeline::carry():194}:195}(Object(Illuminate\\Http\\Request))
#17 /Users/zawhtetnaung/Documents/Webprojects/ecommerce-api/vendor/laravel/framework/src/Illuminate/Pipeline/Pipeline.php(219): Illuminate\\Auth\\Middleware\\Authenticate->handle(Object(Illuminate\\Http\\Request), Object(Closure), 'sanctum')
#18 /Users/zawhtetnaung/Documents/Webprojects/ecommerce-api/vendor/laravel/framework/src/Illuminate/Pipeline/Pipeline.php(137): Illuminate\\Pipeline\\Pipeline->{closure:{closure:Illuminate\\Pipeline\\Pipeline::carry():194}:195}(Object(Illuminate\\Http\\Request))
#19 /Users/zawhtetnaung/Documents/Webprojects/ecommerce-api/vendor/laravel/framework/src/Illuminate/Routing/Router.php(821): Illuminate\\Pipeline\\Pipeline->then(Object(Closure))
#20 /Users/zawhtetnaung/Documents/Webprojects/ecommerce-api/vendor/laravel/framework/src/Illuminate/Routing/Router.php(800): Illuminate\\Routing\\Router->runRouteWithinStack(Object(Illuminate\\Routing\\Route), Object(Illuminate\\Http\\Request))
#21 /Users/zawhtetnaung/Documents/Webprojects/ecommerce-api/vendor/laravel/framework/src/Illuminate/Routing/Router.php(764): Illuminate\\Routing\\Router->runRoute(Object(Illuminate\\Http\\Request), Object(Illuminate\\Routing\\Route))
#22 /Users/zawhtetnaung/Documents/Webprojects/ecommerce-api/vendor/laravel/framework/src/Illuminate/Routing/Router.php(753): Illuminate\\Routing\\Router->dispatchToRoute(Object(Illuminate\\Http\\Request))
#23 /Users/zawhtetnaung/Documents/Webprojects/ecommerce-api/vendor/laravel/framework/src/Illuminate/Foundation/Http/Kernel.php(200): Illuminate\\Routing\\Router->dispatch(Object(Illuminate\\Http\\Request))
#24 /Users/zawhtetnaung/Documents/Webprojects/ecommerce-api/vendor/laravel/framework/src/Illuminate/Pipeline/Pipeline.php(180): Illuminate\\Foundation\\Http\\Kernel->{closure:Illuminate\\Foundation\\Http\\Kernel::dispatchToRouter():197}(Object(Illuminate\\Http\\Request))
#25 /Users/zawhtetnaung/Documents/Webprojects/ecommerce-api/vendor/laravel/framework/src/Illuminate/Foundation/Http/Middleware/TransformsRequest.php(21): Illuminate\\Pipeline\\Pipeline->{closure:Illuminate\\Pipeline\\Pipeline::prepareDestination():178}(Object(Illuminate\\Http\\Request))
#26 /Users/zawhtetnaung/Documents/Webprojects/ecommerce-api/vendor/laravel/framework/src/Illuminate/Foundation/Http/Middleware/ConvertEmptyStringsToNull.php(31): Illuminate\\Foundation\\Http\\Middleware\\TransformsRequest->handle(Object(Illuminate\\Http\\Request), Object(Closure))
#27 /Users/zawhtetnaung/Documents/Webprojects/ecommerce-api/vendor/laravel/framework/src/Illuminate/Pipeline/Pipeline.php(219): Illuminate\\Foundation\\Http\\Middleware\\ConvertEmptyStringsToNull->handle(Object(Illuminate\\Http\\Request), Object(Closure))
#28 /Users/zawhtetnaung/Documents/Webprojects/ecommerce-api/vendor/laravel/framework/src/Illuminate/Foundation/Http/Middleware/TransformsRequest.php(21): Illuminate\\Pipeline\\Pipeline->{closure:{closure:Illuminate\\Pipeline\\Pipeline::carry():194}:195}(Object(Illuminate\\Http\\Request))
#29 /Users/zawhtetnaung/Documents/Webprojects/ecommerce-api/vendor/laravel/framework/src/Illuminate/Foundation/Http/Middleware/TrimStrings.php(51): Illuminate\\Foundation\\Http\\Middleware\\TransformsRequest->handle(Object(Illuminate\\Http\\Request), Object(Closure))
#30 /Users/zawhtetnaung/Documents/Webprojects/ecommerce-api/vendor/laravel/framework/src/Illuminate/Pipeline/Pipeline.php(219): Illuminate\\Foundation\\Http\\Middleware\\TrimStrings->handle(Object(Illuminate\\Http\\Request), Object(Closure))
#31 /Users/zawhtetnaung/Documents/Webprojects/ecommerce-api/vendor/laravel/framework/src/Illuminate/Http/Middleware/ValidatePostSize.php(27): Illuminate\\Pipeline\\Pipeline->{closure:{closure:Illuminate\\Pipeline\\Pipeline::carry():194}:195}(Object(Illuminate\\Http\\Request))
#32 /Users/zawhtetnaung/Documents/Webprojects/ecommerce-api/vendor/laravel/framework/src/Illuminate/Pipeline/Pipeline.php(219): Illuminate\\Http\\Middleware\\ValidatePostSize->handle(Object(Illuminate\\Http\\Request), Object(Closure))
#33 /Users/zawhtetnaung/Documents/Webprojects/ecommerce-api/vendor/laravel/framework/src/Illuminate/Foundation/Http/Middleware/PreventRequestsDuringMaintenance.php(109): Illuminate\\Pipeline\\Pipeline->{closure:{closure:Illuminate\\Pipeline\\Pipeline::carry():194}:195}(Object(Illuminate\\Http\\Request))
#34 /Users/zawhtetnaung/Documents/Webprojects/ecommerce-api/vendor/laravel/framework/src/Illuminate/Pipeline/Pipeline.php(219): Illuminate\\Foundation\\Http\\Middleware\\PreventRequestsDuringMaintenance->handle(Object(Illuminate\\Http\\Request), Object(Closure))
#35 /Users/zawhtetnaung/Documents/Webprojects/ecommerce-api/vendor/laravel/framework/src/Illuminate/Http/Middleware/HandleCors.php(74): Illuminate\\Pipeline\\Pipeline->{closure:{closure:Illuminate\\Pipeline\\Pipeline::carry():194}:195}(Object(Illuminate\\Http\\Request))
#36 /Users/zawhtetnaung/Documents/Webprojects/ecommerce-api/vendor/laravel/framework/src/Illuminate/Pipeline/Pipeline.php(219): Illuminate\\Http\\Middleware\\HandleCors->handle(Object(Illuminate\\Http\\Request), Object(Closure))
#37 /Users/zawhtetnaung/Documents/Webprojects/ecommerce-api/vendor/laravel/framework/src/Illuminate/Http/Middleware/TrustProxies.php(58): Illuminate\\Pipeline\\Pipeline->{closure:{closure:Illuminate\\Pipeline\\Pipeline::carry():194}:195}(Object(Illuminate\\Http\\Request))
#38 /Users/zawhtetnaung/Documents/Webprojects/ecommerce-api/vendor/laravel/framework/src/Illuminate/Pipeline/Pipeline.php(219): Illuminate\\Http\\Middleware\\TrustProxies->handle(Object(Illuminate\\Http\\Request), Object(Closure))
#39 /Users/zawhtetnaung/Documents/Webprojects/ecommerce-api/vendor/laravel/framework/src/Illuminate/Foundation/Http/Middleware/InvokeDeferredCallbacks.php(22): Illuminate\\Pipeline\\Pipeline->{closure:{closure:Illuminate\\Pipeline\\Pipeline::carry():194}:195}(Object(Illuminate\\Http\\Request))
#40 /Users/zawhtetnaung/Documents/Webprojects/ecommerce-api/vendor/laravel/framework/src/Illuminate/Pipeline/Pipeline.php(219): Illuminate\\Foundation\\Http\\Middleware\\InvokeDeferredCallbacks->handle(Object(Illuminate\\Http\\Request), Object(Closure))
#41 /Users/zawhtetnaung/Documents/Webprojects/ecommerce-api/vendor/laravel/framework/src/Illuminate/Http/Middleware/ValidatePathEncoding.php(26): Illuminate\\Pipeline\\Pipeline->{closure:{closure:Illuminate\\Pipeline\\Pipeline::carry():194}:195}(Object(Illuminate\\Http\\Request))
#42 /Users/zawhtetnaung/Documents/Webprojects/ecommerce-api/vendor/laravel/framework/src/Illuminate/Pipeline/Pipeline.php(219): Illuminate\\Http\\Middleware\\ValidatePathEncoding->handle(Object(Illuminate\\Http\\Request), Object(Closure))
#43 /Users/zawhtetnaung/Documents/Webprojects/ecommerce-api/vendor/laravel/framework/src/Illuminate/Pipeline/Pipeline.php(137): Illuminate\\Pipeline\\Pipeline->{closure:{closure:Illuminate\\Pipeline\\Pipeline::carry():194}:195}(Object(Illuminate\\Http\\Request))
#44 /Users/zawhtetnaung/Documents/Webprojects/ecommerce-api/vendor/laravel/framework/src/Illuminate/Foundation/Http/Kernel.php(175): Illuminate\\Pipeline\\Pipeline->then(Object(Closure))
#45 /Users/zawhtetnaung/Documents/Webprojects/ecommerce-api/vendor/laravel/framework/src/Illuminate/Foundation/Http/Kernel.php(144): Illuminate\\Foundation\\Http\\Kernel->sendRequestThroughRouter(Object(Illuminate\\Http\\Request))
#46 /Users/zawhtetnaung/Documents/Webprojects/ecommerce-api/vendor/laravel/framework/src/Illuminate/Foundation/Application.php(1220): Illuminate\\Foundation\\Http\\Kernel->handle(Object(Illuminate\\Http\\Request))
#47 /Users/zawhtetnaung/Documents/Webprojects/ecommerce-api/public/index.php(20): Illuminate\\Foundation\\Application->handleRequest(Object(Illuminate\\Http\\Request))
#48 /Users/zawhtetnaung/Documents/Webprojects/ecommerce-api/vendor/laravel/framework/src/Illuminate/Foundation/resources/server.php(23): require_once('/Users/zawhtetn...')
#49 {main}

[previous exception] [object] (PDOException(code: HY000): SQLSTATE[HY000]: General error: 1 no such table: colors at /Users/zawhtetnaung/Documents/Webprojects/ecommerce-api/vendor/laravel/framework/src/Illuminate/Database/Connection.php:420)
[stacktrace]
#0 /Users/zawhtetnaung/Documents/Webprojects/ecommerce-api/vendor/laravel/framework/src/Illuminate/Database/Connection.php(420): PDO->prepare('select * from \"...')
#1 /Users/zawhtetnaung/Documents/Webprojects/ecommerce-api/vendor/laravel/framework/src/Illuminate/Database/Connection.php(827): Illuminate\\Database\\Connection->{closure:Illuminate\\Database\\Connection::select():411}('select * from \"...', Array)
#2 /Users/zawhtetnaung/Documents/Webprojects/ecommerce-api/vendor/laravel/framework/src/Illuminate/Database/Connection.php(794): Illuminate\\Database\\Connection->runQueryCallback('select * from \"...', Array, Object(Closure))
#3 /Users/zawhtetnaung/Documents/Webprojects/ecommerce-api/vendor/laravel/framework/src/Illuminate/Database/Connection.php(411): Illuminate\\Database\\Connection->run('select * from \"...', Array, Object(Closure))
#4 /Users/zawhtetnaung/Documents/Webprojects/ecommerce-api/vendor/laravel/framework/src/Illuminate/Database/Query/Builder.php(3389): Illuminate\\Database\\Connection->select('select * from \"...', Array, true)
#5 /Users/zawhtetnaung/Documents/Webprojects/ecommerce-api/vendor/laravel/framework/src/Illuminate/Database/Query/Builder.php(3374): Illuminate\\Database\\Query\\Builder->runSelect()
#6 /Users/zawhtetnaung/Documents/Webprojects/ecommerce-api/vendor/laravel/framework/src/Illuminate/Database/Query/Builder.php(3964): Illuminate\\Database\\Query\\Builder->{closure:Illuminate\\Database\\Query\\Builder::get():3373}()
#7 /Users/zawhtetnaung/Documents/Webprojects/ecommerce-api/vendor/laravel/framework/src/Illuminate/Database/Query/Builder.php(3373): Illuminate\\Database\\Query\\Builder->onceWithColumns(Array, Object(Closure))
#8 /Users/zawhtetnaung/Documents/Webprojects/ecommerce-api/vendor/laravel/framework/src/Illuminate/Database/Eloquent/Builder.php(902): Illuminate\\Database\\Query\\Builder->get(Array)
#9 /Users/zawhtetnaung/Documents/Webprojects/ecommerce-api/vendor/laravel/framework/src/Illuminate/Database/Eloquent/Builder.php(884): Illuminate\\Database\\Eloquent\\Builder->getModels(Array)
#10 /Users/zawhtetnaung/Documents/Webprojects/ecommerce-api/app/Http/Controllers/Api/ColorController.php(15): Illuminate\\Database\\Eloquent\\Builder->get()
#11 /Users/zawhtetnaung/Documents/Webprojects/ecommerce-api/vendor/laravel/framework/src/Illuminate/Routing/ControllerDispatcher.php(46): App\\Http\\Controllers\\Api\\ColorController->index()
#12 /Users/zawhtetnaung/Documents/Webprojects/ecommerce-api/vendor/laravel/framework/src/Illuminate/Routing/Route.php(265): Illuminate\\Routing\\ControllerDispatcher->dispatch(Object(Illuminate\\Routing\\Route), Object(App\\Http\\Controllers\\Api\\ColorController), 'index')
#13 /Users/zawhtetnaung/Documents/Webprojects/ecommerce-api/vendor/laravel/framework/src/Illuminate/Routing/Route.php(211): Illuminate\\Routing\\Route->runController()
#14 /Users/zawhtetnaung/Documents/Webprojects/ecommerce-api/vendor/laravel/framework/src/Illuminate/Routing/Router.php(822): Illuminate\\Routing\\Route->run()
#15 /Users/zawhtetnaung/Documents/Webprojects/ecommerce-api/vendor/laravel/framework/src/Illuminate/Pipeline/Pipeline.php(180): Illuminate\\Routing\\Router->{closure:Illuminate\\Routing\\Router::runRouteWithinStack():821}(Object(Illuminate\\Http\\Request))
#16 /Users/zawhtetnaung/Documents/Webprojects/ecommerce-api/vendor/laravel/framework/src/Illuminate/Routing/Middleware/SubstituteBindings.php(50): Illuminate\\Pipeline\\Pipeline->{closure:Illuminate\\Pipeline\\Pipeline::prepareDestination():178}(Object(Illuminate\\Http\\Request))
#17 /Users/zawhtetnaung/Documents/Webprojects/ecommerce-api/vendor/laravel/framework/src/Illuminate/Pipeline/Pipeline.php(219): Illuminate\\Routing\\Middleware\\SubstituteBindings->handle(Object(Illuminate\\Http\\Request), Object(Closure))
#18 /Users/zawhtetnaung/Documents/Webprojects/ecommerce-api/vendor/laravel/framework/src/Illuminate/Auth/Middleware/Authenticate.php(63): Illuminate\\Pipeline\\Pipeline->{closure:{closure:Illuminate\\Pipeline\\Pipeline::carry():194}:195}(Object(Illuminate\\Http\\Request))
#19 /Users/zawhtetnaung/Documents/Webprojects/ecommerce-api/vendor/laravel/framework/src/Illuminate/Pipeline/Pipeline.php(219): Illuminate\\Auth\\Middleware\\Authenticate->handle(Object(Illuminate\\Http\\Request), Object(Closure), 'sanctum')
#20 /Users/zawhtetnaung/Documents/Webprojects/ecommerce-api/vendor/laravel/framework/src/Illuminate/Pipeline/Pipeline.php(137): Illuminate\\Pipeline\\Pipeline->{closure:{closure:Illuminate\\Pipeline\\Pipeline::carry():194}:195}(Object(Illuminate\\Http\\Request))
#21 /Users/zawhtetnaung/Documents/Webprojects/ecommerce-api/vendor/laravel/framework/src/Illuminate/Routing/Router.php(821): Illuminate\\Pipeline\\Pipeline->then(Object(Closure))
#22 /Users/zawhtetnaung/Documents/Webprojects/ecommerce-api/vendor/laravel/framework/src/Illuminate/Routing/Router.php(800): Illuminate\\Routing\\Router->runRouteWithinStack(Object(Illuminate\\Routing\\Route), Object(Illuminate\\Http\\Request))
#23 /Users/zawhtetnaung/Documents/Webprojects/ecommerce-api/vendor/laravel/framework/src/Illuminate/Routing/Router.php(764): Illuminate\\Routing\\Router->runRoute(Object(Illuminate\\Http\\Request), Object(Illuminate\\Routing\\Route))
#24 /Users/zawhtetnaung/Documents/Webprojects/ecommerce-api/vendor/laravel/framework/src/Illuminate/Routing/Router.php(753): Illuminate\\Routing\\Router->dispatchToRoute(Object(Illuminate\\Http\\Request))
#25 /Users/zawhtetnaung/Documents/Webprojects/ecommerce-api/vendor/laravel/framework/src/Illuminate/Foundation/Http/Kernel.php(200): Illuminate\\Routing\\Router->dispatch(Object(Illuminate\\Http\\Request))
#26 /Users/zawhtetnaung/Documents/Webprojects/ecommerce-api/vendor/laravel/framework/src/Illuminate/Pipeline/Pipeline.php(180): Illuminate\\Foundation\\Http\\Kernel->{closure:Illuminate\\Foundation\\Http\\Kernel::dispatchToRouter():197}(Object(Illuminate\\Http\\Request))
#27 /Users/zawhtetnaung/Documents/Webprojects/ecommerce-api/vendor/laravel/framework/src/Illuminate/Foundation/Http/Middleware/TransformsRequest.php(21): Illuminate\\Pipeline\\Pipeline->{closure:Illuminate\\Pipeline\\Pipeline::prepareDestination():178}(Object(Illuminate\\Http\\Request))
#28 /Users/zawhtetnaung/Documents/Webprojects/ecommerce-api/vendor/laravel/framework/src/Illuminate/Foundation/Http/Middleware/ConvertEmptyStringsToNull.php(31): Illuminate\\Foundation\\Http\\Middleware\\TransformsRequest->handle(Object(Illuminate\\Http\\Request), Object(Closure))
#29 /Users/zawhtetnaung/Documents/Webprojects/ecommerce-api/vendor/laravel/framework/src/Illuminate/Pipeline/Pipeline.php(219): Illuminate\\Foundation\\Http\\Middleware\\ConvertEmptyStringsToNull->handle(Object(Illuminate\\Http\\Request), Object(Closure))
#30 /Users/zawhtetnaung/Documents/Webprojects/ecommerce-api/vendor/laravel/framework/src/Illuminate/Foundation/Http/Middleware/TransformsRequest.php(21): Illuminate\\Pipeline\\Pipeline->{closure:{closure:Illuminate\\Pipeline\\Pipeline::carry():194}:195}(Object(Illuminate\\Http\\Request))
#31 /Users/zawhtetnaung/Documents/Webprojects/ecommerce-api/vendor/laravel/framework/src/Illuminate/Foundation/Http/Middleware/TrimStrings.php(51): Illuminate\\Foundation\\Http\\Middleware\\TransformsRequest->handle(Object(Illuminate\\Http\\Request), Object(Closure))
#32 /Users/zawhtetnaung/Documents/Webprojects/ecommerce-api/vendor/laravel/framework/src/Illuminate/Pipeline/Pipeline.php(219): Illuminate\\Foundation\\Http\\Middleware\\TrimStrings->handle(Object(Illuminate\\Http\\Request), Object(Closure))
#33 /Users/zawhtetnaung/Documents/Webprojects/ecommerce-api/vendor/laravel/framework/src/Illuminate/Http/Middleware/ValidatePostSize.php(27): Illuminate\\Pipeline\\Pipeline->{closure:{closure:Illuminate\\Pipeline\\Pipeline::carry():194}:195}(Object(Illuminate\\Http\\Request))
#34 /Users/zawhtetnaung/Documents/Webprojects/ecommerce-api/vendor/laravel/framework/src/Illuminate/Pipeline/Pipeline.php(219): Illuminate\\Http\\Middleware\\ValidatePostSize->handle(Object(Illuminate\\Http\\Request), Object(Closure))
#35 /Users/zawhtetnaung/Documents/Webprojects/ecommerce-api/vendor/laravel/framework/src/Illuminate/Foundation/Http/Middleware/PreventRequestsDuringMaintenance.php(109): Illuminate\\Pipeline\\Pipeline->{closure:{closure:Illuminate\\Pipeline\\Pipeline::carry():194}:195}(Object(Illuminate\\Http\\Request))
#36 /Users/zawhtetnaung/Documents/Webprojects/ecommerce-api/vendor/laravel/framework/src/Illuminate/Pipeline/Pipeline.php(219): Illuminate\\Foundation\\Http\\Middleware\\PreventRequestsDuringMaintenance->handle(Object(Illuminate\\Http\\Request), Object(Closure))
#37 /Users/zawhtetnaung/Documents/Webprojects/ecommerce-api/vendor/laravel/framework/src/Illuminate/Http/Middleware/HandleCors.php(74): Illuminate\\Pipeline\\Pipeline->{closure:{closure:Illuminate\\Pipeline\\Pipeline::carry():194}:195}(Object(Illuminate\\Http\\Request))
#38 /Users/zawhtetnaung/Documents/Webprojects/ecommerce-api/vendor/laravel/framework/src/Illuminate/Pipeline/Pipeline.php(219): Illuminate\\Http\\Middleware\\HandleCors->handle(Object(Illuminate\\Http\\Request), Object(Closure))
#39 /Users/zawhtetnaung/Documents/Webprojects/ecommerce-api/vendor/laravel/framework/src/Illuminate/Http/Middleware/TrustProxies.php(58): Illuminate\\Pipeline\\Pipeline->{closure:{closure:Illuminate\\Pipeline\\Pipeline::carry():194}:195}(Object(Illuminate\\Http\\Request))
#40 /Users/zawhtetnaung/Documents/Webprojects/ecommerce-api/vendor/laravel/framework/src/Illuminate/Pipeline/Pipeline.php(219): Illuminate\\Http\\Middleware\\TrustProxies->handle(Object(Illuminate\\Http\\Request), Object(Closure))
#41 /Users/zawhtetnaung/Documents/Webprojects/ecommerce-api/vendor/laravel/framework/src/Illuminate/Foundation/Http/Middleware/InvokeDeferredCallbacks.php(22): Illuminate\\Pipeline\\Pipeline->{closure:{closure:Illuminate\\Pipeline\\Pipeline::carry():194}:195}(Object(Illuminate\\Http\\Request))
#42 /Users/zawhtetnaung/Documents/Webprojects/ecommerce-api/vendor/laravel/framework/src/Illuminate/Pipeline/Pipeline.php(219): Illuminate\\Foundation\\Http\\Middleware\\InvokeDeferredCallbacks->handle(Object(Illuminate\\Http\\Request), Object(Closure))
#43 /Users/zawhtetnaung/Documents/Webprojects/ecommerce-api/vendor/laravel/framework/src/Illuminate/Http/Middleware/ValidatePathEncoding.php(26): Illuminate\\Pipeline\\Pipeline->{closure:{closure:Illuminate\\Pipeline\\Pipeline::carry():194}:195}(Object(Illuminate\\Http\\Request))
#44 /Users/zawhtetnaung/Documents/Webprojects/ecommerce-api/vendor/laravel/framework/src/Illuminate/Pipeline/Pipeline.php(219): Illuminate\\Http\\Middleware\\ValidatePathEncoding->handle(Object(Illuminate\\Http\\Request), Object(Closure))
#45 /Users/zawhtetnaung/Documents/Webprojects/ecommerce-api/vendor/laravel/framework/src/Illuminate/Pipeline/Pipeline.php(137): Illuminate\\Pipeline\\Pipeline->{closure:{closure:Illuminate\\Pipeline\\Pipeline::carry():194}:195}(Object(Illuminate\\Http\\Request))
#46 /Users/zawhtetnaung/Documents/Webprojects/ecommerce-api/vendor/laravel/framework/src/Illuminate/Foundation/Http/Kernel.php(175): Illuminate\\Pipeline\\Pipeline->then(Object(Closure))
#47 /Users/zawhtetnaung/Documents/Webprojects/ecommerce-api/vendor/laravel/framework/src/Illuminate/Foundation/Http/Kernel.php(144): Illuminate\\Foundation\\Http\\Kernel->sendRequestThroughRouter(Object(Illuminate\\Http\\Request))
#48 /Users/zawhtetnaung/Documents/Webprojects/ecommerce-api/vendor/laravel/framework/src/Illuminate/Foundation/Application.php(1220): Illuminate\\Foundation\\Http\\Kernel->handle(Object(Illuminate\\Http\\Request))
#49 /Users/zawhtetnaung/Documents/Webprojects/ecommerce-api/public/index.php(20): Illuminate\\Foundation\\Application->handleRequest(Object(Illuminate\\Http\\Request))
#50 /Users/zawhtetnaung/Documents/Webprojects/ecommerce-api/vendor/laravel/framework/src/Illuminate/Foundation/resources/server.php(23): require_once('/Users/zawhtetn...')
#51 {main}
"} 
[2026-02-04 14:57:07] local.ERROR: SQLSTATE[HY000]: General error: 1 no such table: measurements (Connection: sqlite, Database: /Users/zawhtetnaung/Documents/Webprojects/ecommerce-api/database/database.sqlite, SQL: select * from "measurements" order by "created_at" desc) {"userId":2,"exception":"[object] (Illuminate\\Database\\QueryException(code: HY000): SQLSTATE[HY000]: General error: 1 no such table: measurements (Connection: sqlite, Database: /Users/zawhtetnaung/Documents/Webprojects/ecommerce-api/database/database.sqlite, SQL: select * from \"measurements\" order by \"created_at\" desc) at /Users/zawhtetnaung/Documents/Webprojects/ecommerce-api/vendor/laravel/framework/src/Illuminate/Database/Connection.php:838)
[stacktrace]
#0 /Users/zawhtetnaung/Documents/Webprojects/ecommerce-api/vendor/laravel/framework/src/Illuminate/Database/Connection.php(794): Illuminate\\Database\\Connection->runQueryCallback('select * from \"...', Array, Object(Closure))
#1 /Users/zawhtetnaung/Documents/Webprojects/ecommerce-api/vendor/laravel/framework/src/Illuminate/Database/Connection.php(411): Illuminate\\Database\\Connection->run('select * from \"...', Array, Object(Closure))
#2 /Users/zawhtetnaung/Documents/Webprojects/ecommerce-api/vendor/laravel/framework/src/Illuminate/Database/Query/Builder.php(3389): Illuminate\\Database\\Connection->select('select * from \"...', Array, true)
#3 /Users/zawhtetnaung/Documents/Webprojects/ecommerce-api/vendor/laravel/framework/src/Illuminate/Database/Query/Builder.php(3374): Illuminate\\Database\\Query\\Builder->runSelect()
#4 /Users/zawhtetnaung/Documents/Webprojects/ecommerce-api/vendor/laravel/framework/src/Illuminate/Database/Query/Builder.php(3964): Illuminate\\Database\\Query\\Builder->{closure:Illuminate\\Database\\Query\\Builder::get():3373}()
#5 /Users/zawhtetnaung/Documents/Webprojects/ecommerce-api/vendor/laravel/framework/src/Illuminate/Database/Query/Builder.php(3373): Illuminate\\Database\\Query\\Builder->onceWithColumns(Array, Object(Closure))
#6 /Users/zawhtetnaung/Documents/Webprojects/ecommerce-api/vendor/laravel/framework/src/Illuminate/Database/Eloquent/Builder.php(902): Illuminate\\Database\\Query\\Builder->get(Array)
#7 /Users/zawhtetnaung/Documents/Webprojects/ecommerce-api/vendor/laravel/framework/src/Illuminate/Database/Eloquent/Builder.php(884): Illuminate\\Database\\Eloquent\\Builder->getModels(Array)
#8 /Users/zawhtetnaung/Documents/Webprojects/ecommerce-api/app/Http/Controllers/Api/MeasurementController.php(15): Illuminate\\Database\\Eloquent\\Builder->get()
#9 /Users/zawhtetnaung/Documents/Webprojects/ecommerce-api/vendor/laravel/framework/src/Illuminate/Routing/ControllerDispatcher.php(46): App\\Http\\Controllers\\Api\\MeasurementController->index()
#10 /Users/zawhtetnaung/Documents/Webprojects/ecommerce-api/vendor/laravel/framework/src/Illuminate/Routing/Route.php(265): Illuminate\\Routing\\ControllerDispatcher->dispatch(Object(Illuminate\\Routing\\Route), Object(App\\Http\\Controllers\\Api\\MeasurementController), 'index')
#11 /Users/zawhtetnaung/Documents/Webprojects/ecommerce-api/vendor/laravel/framework/src/Illuminate/Routing/Route.php(211): Illuminate\\Routing\\Route->runController()
#12 /Users/zawhtetnaung/Documents/Webprojects/ecommerce-api/vendor/laravel/framework/src/Illuminate/Routing/Router.php(822): Illuminate\\Routing\\Route->run()
#13 /Users/zawhtetnaung/Documents/Webprojects/ecommerce-api/vendor/laravel/framework/src/Illuminate/Pipeline/Pipeline.php(180): Illuminate\\Routing\\Router->{closure:Illuminate\\Routing\\Router::runRouteWithinStack():821}(Object(Illuminate\\Http\\Request))
#14 /Users/zawhtetnaung/Documents/Webprojects/ecommerce-api/vendor/laravel/framework/src/Illuminate/Routing/Middleware/SubstituteBindings.php(50): Illuminate\\Pipeline\\Pipeline->{closure:Illuminate\\Pipeline\\Pipeline::prepareDestination():178}(Object(Illuminate\\Http\\Request))
#15 /Users/zawhtetnaung/Documents/Webprojects/ecommerce-api/vendor/laravel/framework/src/Illuminate/Pipeline/Pipeline.php(219): Illuminate\\Routing\\Middleware\\SubstituteBindings->handle(Object(Illuminate\\Http\\Request), Object(Closure))
#16 /Users/zawhtetnaung/Documents/Webprojects/ecommerce-api/vendor/laravel/framework/src/Illuminate/Auth/Middleware/Authenticate.php(63): Illuminate\\Pipeline\\Pipeline->{closure:{closure:Illuminate\\Pipeline\\Pipeline::carry():194}:195}(Object(Illuminate\\Http\\Request))
#17 /Users/zawhtetnaung/Documents/Webprojects/ecommerce-api/vendor/laravel/framework/src/Illuminate/Pipeline/Pipeline.php(219): Illuminate\\Auth\\Middleware\\Authenticate->handle(Object(Illuminate\\Http\\Request), Object(Closure), 'sanctum')
#18 /Users/zawhtetnaung/Documents/Webprojects/ecommerce-api/vendor/laravel/framework/src/Illuminate/Pipeline/Pipeline.php(137): Illuminate\\Pipeline\\Pipeline->{closure:{closure:Illuminate\\Pipeline\\Pipeline::carry():194}:195}(Object(Illuminate\\Http\\Request))
#19 /Users/zawhtetnaung/Documents/Webprojects/ecommerce-api/vendor/laravel/framework/src/Illuminate/Routing/Router.php(821): Illuminate\\Pipeline\\Pipeline->then(Object(Closure))
#20 /Users/zawhtetnaung/Documents/Webprojects/ecommerce-api/vendor/laravel/framework/src/Illuminate/Routing/Router.php(800): Illuminate\\Routing\\Router->runRouteWithinStack(Object(Illuminate\\Routing\\Route), Object(Illuminate\\Http\\Request))
#21 /Users/zawhtetnaung/Documents/Webprojects/ecommerce-api/vendor/laravel/framework/src/Illuminate/Routing/Router.php(764): Illuminate\\Routing\\Router->runRoute(Object(Illuminate\\Http\\Request), Object(Illuminate\\Routing\\Route))
#22 /Users/zawhtetnaung/Documents/Webprojects/ecommerce-api/vendor/laravel/framework/src/Illuminate/Routing/Router.php(753): Illuminate\\Routing\\Router->dispatchToRoute(Object(Illuminate\\Http\\Request))
#23 /Users/zawhtetnaung/Documents/Webprojects/ecommerce-api/vendor/laravel/framework/src/Illuminate/Foundation/Http/Kernel.php(200): Illuminate\\Routing\\Router->dispatch(Object(Illuminate\\Http\\Request))
#24 /Users/zawhtetnaung/Documents/Webprojects/ecommerce-api/vendor/laravel/framework/src/Illuminate/Pipeline/Pipeline.php(180): Illuminate\\Foundation\\Http\\Kernel->{closure:Illuminate\\Foundation\\Http\\Kernel::dispatchToRouter():197}(Object(Illuminate\\Http\\Request))
#25 /Users/zawhtetnaung/Documents/Webprojects/ecommerce-api/vendor/laravel/framework/src/Illuminate/Foundation/Http/Middleware/TransformsRequest.php(21): Illuminate\\Pipeline\\Pipeline->{closure:Illuminate\\Pipeline\\Pipeline::prepareDestination():178}(Object(Illuminate\\Http\\Request))
#26 /Users/zawhtetnaung/Documents/Webprojects/ecommerce-api/vendor/laravel/framework/src/Illuminate/Foundation/Http/Middleware/ConvertEmptyStringsToNull.php(31): Illuminate\\Foundation\\Http\\Middleware\\TransformsRequest->handle(Object(Illuminate\\Http\\Request), Object(Closure))
#27 /Users/zawhtetnaung/Documents/Webprojects/ecommerce-api/vendor/laravel/framework/src/Illuminate/Pipeline/Pipeline.php(219): Illuminate\\Foundation\\Http\\Middleware\\ConvertEmptyStringsToNull->handle(Object(Illuminate\\Http\\Request), Object(Closure))
#28 /Users/zawhtetnaung/Documents/Webprojects/ecommerce-api/vendor/laravel/framework/src/Illuminate/Foundation/Http/Middleware/TransformsRequest.php(21): Illuminate\\Pipeline\\Pipeline->{closure:{closure:Illuminate\\Pipeline\\Pipeline::carry():194}:195}(Object(Illuminate\\Http\\Request))
#29 /Users/zawhtetnaung/Documents/Webprojects/ecommerce-api/vendor/laravel/framework/src/Illuminate/Foundation/Http/Middleware/TrimStrings.php(51): Illuminate\\Foundation\\Http\\Middleware\\TransformsRequest->handle(Object(Illuminate\\Http\\Request), Object(Closure))
#30 /Users/zawhtetnaung/Documents/Webprojects/ecommerce-api/vendor/laravel/framework/src/Illuminate/Pipeline/Pipeline.php(219): Illuminate\\Foundation\\Http\\Middleware\\TrimStrings->handle(Object(Illuminate\\Http\\Request), Object(Closure))
#31 /Users/zawhtetnaung/Documents/Webprojects/ecommerce-api/vendor/laravel/framework/src/Illuminate/Http/Middleware/ValidatePostSize.php(27): Illuminate\\Pipeline\\Pipeline->{closure:{closure:Illuminate\\Pipeline\\Pipeline::carry():194}:195}(Object(Illuminate\\Http\\Request))
#32 /Users/zawhtetnaung/Documents/Webprojects/ecommerce-api/vendor/laravel/framework/src/Illuminate/Pipeline/Pipeline.php(219): Illuminate\\Http\\Middleware\\ValidatePostSize->handle(Object(Illuminate\\Http\\Request), Object(Closure))
#33 /Users/zawhtetnaung/Documents/Webprojects/ecommerce-api/vendor/laravel/framework/src/Illuminate/Foundation/Http/Middleware/PreventRequestsDuringMaintenance.php(109): Illuminate\\Pipeline\\Pipeline->{closure:{closure:Illuminate\\Pipeline\\Pipeline::carry():194}:195}(Object(Illuminate\\Http\\Request))
#34 /Users/zawhtetnaung/Documents/Webprojects/ecommerce-api/vendor/laravel/framework/src/Illuminate/Pipeline/Pipeline.php(219): Illuminate\\Foundation\\Http\\Middleware\\PreventRequestsDuringMaintenance->handle(Object(Illuminate\\Http\\Request), Object(Closure))
#35 /Users/zawhtetnaung/Documents/Webprojects/ecommerce-api/vendor/laravel/framework/src/Illuminate/Http/Middleware/HandleCors.php(74): Illuminate\\Pipeline\\Pipeline->{closure:{closure:Illuminate\\Pipeline\\Pipeline::carry():194}:195}(Object(Illuminate\\Http\\Request))
#36 /Users/zawhtetnaung/Documents/Webprojects/ecommerce-api/vendor/laravel/framework/src/Illuminate/Pipeline/Pipeline.php(219): Illuminate\\Http\\Middleware\\HandleCors->handle(Object(Illuminate\\Http\\Request), Object(Closure))
#37 /Users/zawhtetnaung/Documents/Webprojects/ecommerce-api/vendor/laravel/framework/src/Illuminate/Http/Middleware/TrustProxies.php(58): Illuminate\\Pipeline\\Pipeline->{closure:{closure:Illuminate\\Pipeline\\Pipeline::carry():194}:195}(Object(Illuminate\\Http\\Request))
#38 /Users/zawhtetnaung/Documents/Webprojects/ecommerce-api/vendor/laravel/framework/src/Illuminate/Pipeline/Pipeline.php(219): Illuminate\\Http\\Middleware\\TrustProxies->handle(Object(Illuminate\\Http\\Request), Object(Closure))
#39 /Users/zawhtetnaung/Documents/Webprojects/ecommerce-api/vendor/laravel/framework/src/Illuminate/Foundation/Http/Middleware/InvokeDeferredCallbacks.php(22): Illuminate\\Pipeline\\Pipeline->{closure:{closure:Illuminate\\Pipeline\\Pipeline::carry():194}:195}(Object(Illuminate\\Http\\Request))
#40 /Users/zawhtetnaung/Documents/Webprojects/ecommerce-api/vendor/laravel/framework/src/Illuminate/Pipeline/Pipeline.php(219): Illuminate\\Foundation\\Http\\Middleware\\InvokeDeferredCallbacks->handle(Object(Illuminate\\Http\\Request), Object(Closure))
#41 /Users/zawhtetnaung/Documents/Webprojects/ecommerce-api/vendor/laravel/framework/src/Illuminate/Http/Middleware/ValidatePathEncoding.php(26): Illuminate\\Pipeline\\Pipeline->{closure:{closure:Illuminate\\Pipeline\\Pipeline::carry():194}:195}(Object(Illuminate\\Http\\Request))
#42 /Users/zawhtetnaung/Documents/Webprojects/ecommerce-api/vendor/laravel/framework/src/Illuminate/Pipeline/Pipeline.php(219): Illuminate\\Http\\Middleware\\ValidatePathEncoding->handle(Object(Illuminate\\Http\\Request), Object(Closure))
#43 /Users/zawhtetnaung/Documents/Webprojects/ecommerce-api/vendor/laravel/framework/src/Illuminate/Pipeline/Pipeline.php(137): Illuminate\\Pipeline\\Pipeline->{closure:{closure:Illuminate\\Pipeline\\Pipeline::carry():194}:195}(Object(Illuminate\\Http\\Request))
#44 /Users/zawhtetnaung/Documents/Webprojects/ecommerce-api/vendor/laravel/framework/src/Illuminate/Foundation/Http/Kernel.php(175): Illuminate\\Pipeline\\Pipeline->then(Object(Closure))
#45 /Users/zawhtetnaung/Documents/Webprojects/ecommerce-api/vendor/laravel/framework/src/Illuminate/Foundation/Http/Kernel.php(144): Illuminate\\Foundation\\Http\\Kernel->sendRequestThroughRouter(Object(Illuminate\\Http\\Request))
#46 /Users/zawhtetnaung/Documents/Webprojects/ecommerce-api/vendor/laravel/framework/src/Illuminate/Foundation/Application.php(1220): Illuminate\\Foundation\\Http\\Kernel->handle(Object(Illuminate\\Http\\Request))
#47 /Users/zawhtetnaung/Documents/Webprojects/ecommerce-api/public/index.php(20): Illuminate\\Foundation\\Application->handleRequest(Object(Illuminate\\Http\\Request))
#48 /Users/zawhtetnaung/Documents/Webprojects/ecommerce-api/vendor/laravel/framework/src/Illuminate/Foundation/resources/server.php(23): require_once('/Users/zawhtetn...')
#49 {main}

[previous exception] [object] (PDOException(code: HY000): SQLSTATE[HY000]: General error: 1 no such table: measurements at /Users/zawhtetnaung/Documents/Webprojects/ecommerce-api/vendor/laravel/framework/src/Illuminate/Database/Connection.php:420)
[stacktrace]
#0 /Users/zawhtetnaung/Documents/Webprojects/ecommerce-api/vendor/laravel/framework/src/Illuminate/Database/Connection.php(420): PDO->prepare('select * from \"...')
#1 /Users/zawhtetnaung/Documents/Webprojects/ecommerce-api/vendor/laravel/framework/src/Illuminate/Database/Connection.php(827): Illuminate\\Database\\Connection->{closure:Illuminate\\Database\\Connection::select():411}('select * from \"...', Array)
#2 /Users/zawhtetnaung/Documents/Webprojects/ecommerce-api/vendor/laravel/framework/src/Illuminate/Database/Connection.php(794): Illuminate\\Database\\Connection->runQueryCallback('select * from \"...', Array, Object(Closure))
#3 /Users/zawhtetnaung/Documents/Webprojects/ecommerce-api/vendor/laravel/framework/src/Illuminate/Database/Connection.php(411): Illuminate\\Database\\Connection->run('select * from \"...', Array, Object(Closure))
#4 /Users/zawhtetnaung/Documents/Webprojects/ecommerce-api/vendor/laravel/framework/src/Illuminate/Database/Query/Builder.php(3389): Illuminate\\Database\\Connection->select('select * from \"...', Array, true)
#5 /Users/zawhtetnaung/Documents/Webprojects/ecommerce-api/vendor/laravel/framework/src/Illuminate/Database/Query/Builder.php(3374): Illuminate\\Database\\Query\\Builder->runSelect()
#6 /Users/zawhtetnaung/Documents/Webprojects/ecommerce-api/vendor/laravel/framework/src/Illuminate/Database/Query/Builder.php(3964): Illuminate\\Database\\Query\\Builder->{closure:Illuminate\\Database\\Query\\Builder::get():3373}()
#7 /Users/zawhtetnaung/Documents/Webprojects/ecommerce-api/vendor/laravel/framework/src/Illuminate/Database/Query/Builder.php(3373): Illuminate\\Database\\Query\\Builder->onceWithColumns(Array, Object(Closure))
#8 /Users/zawhtetnaung/Documents/Webprojects/ecommerce-api/vendor/laravel/framework/src/Illuminate/Database/Eloquent/Builder.php(902): Illuminate\\Database\\Query\\Builder->get(Array)
#9 /Users/zawhtetnaung/Documents/Webprojects/ecommerce-api/vendor/laravel/framework/src/Illuminate/Database/Eloquent/Builder.php(884): Illuminate\\Database\\Eloquent\\Builder->getModels(Array)
#10 /Users/zawhtetnaung/Documents/Webprojects/ecommerce-api/app/Http/Controllers/Api/MeasurementController.php(15): Illuminate\\Database\\Eloquent\\Builder->get()
#11 /Users/zawhtetnaung/Documents/Webprojects/ecommerce-api/vendor/laravel/framework/src/Illuminate/Routing/ControllerDispatcher.php(46): App\\Http\\Controllers\\Api\\MeasurementController->index()
#12 /Users/zawhtetnaung/Documents/Webprojects/ecommerce-api/vendor/laravel/framework/src/Illuminate/Routing/Route.php(265): Illuminate\\Routing\\ControllerDispatcher->dispatch(Object(Illuminate\\Routing\\Route), Object(App\\Http\\Controllers\\Api\\MeasurementController), 'index')
#13 /Users/zawhtetnaung/Documents/Webprojects/ecommerce-api/vendor/laravel/framework/src/Illuminate/Routing/Route.php(211): Illuminate\\Routing\\Route->runController()
#14 /Users/zawhtetnaung/Documents/Webprojects/ecommerce-api/vendor/laravel/framework/src/Illuminate/Routing/Router.php(822): Illuminate\\Routing\\Route->run()
#15 /Users/zawhtetnaung/Documents/Webprojects/ecommerce-api/vendor/laravel/framework/src/Illuminate/Pipeline/Pipeline.php(180): Illuminate\\Routing\\Router->{closure:Illuminate\\Routing\\Router::runRouteWithinStack():821}(Object(Illuminate\\Http\\Request))
#16 /Users/zawhtetnaung/Documents/Webprojects/ecommerce-api/vendor/laravel/framework/src/Illuminate/Routing/Middleware/SubstituteBindings.php(50): Illuminate\\Pipeline\\Pipeline->{closure:Illuminate\\Pipeline\\Pipeline::prepareDestination():178}(Object(Illuminate\\Http\\Request))
#17 /Users/zawhtetnaung/Documents/Webprojects/ecommerce-api/vendor/laravel/framework/src/Illuminate/Pipeline/Pipeline.php(219): Illuminate\\Routing\\Middleware\\SubstituteBindings->handle(Object(Illuminate\\Http\\Request), Object(Closure))
#18 /Users/zawhtetnaung/Documents/Webprojects/ecommerce-api/vendor/laravel/framework/src/Illuminate/Auth/Middleware/Authenticate.php(63): Illuminate\\Pipeline\\Pipeline->{closure:{closure:Illuminate\\Pipeline\\Pipeline::carry():194}:195}(Object(Illuminate\\Http\\Request))
#19 /Users/zawhtetnaung/Documents/Webprojects/ecommerce-api/vendor/laravel/framework/src/Illuminate/Pipeline/Pipeline.php(219): Illuminate\\Auth\\Middleware\\Authenticate->handle(Object(Illuminate\\Http\\Request), Object(Closure), 'sanctum')
#20 /Users/zawhtetnaung/Documents/Webprojects/ecommerce-api/vendor/laravel/framework/src/Illuminate/Pipeline/Pipeline.php(137): Illuminate\\Pipeline\\Pipeline->{closure:{closure:Illuminate\\Pipeline\\Pipeline::carry():194}:195}(Object(Illuminate\\Http\\Request))
#21 /Users/zawhtetnaung/Documents/Webprojects/ecommerce-api/vendor/laravel/framework/src/Illuminate/Routing/Router.php(821): Illuminate\\Pipeline\\Pipeline->then(Object(Closure))
#22 /Users/zawhtetnaung/Documents/Webprojects/ecommerce-api/vendor/laravel/framework/src/Illuminate/Routing/Router.php(800): Illuminate\\Routing\\Router->runRouteWithinStack(Object(Illuminate\\Routing\\Route), Object(Illuminate\\Http\\Request))
#23 /Users/zawhtetnaung/Documents/Webprojects/ecommerce-api/vendor/laravel/framework/src/Illuminate/Routing/Router.php(764): Illuminate\\Routing\\Router->runRoute(Object(Illuminate\\Http\\Request), Object(Illuminate\\Routing\\Route))
#24 /Users/zawhtetnaung/Documents/Webprojects/ecommerce-api/vendor/laravel/framework/src/Illuminate/Routing/Router.php(753): Illuminate\\Routing\\Router->dispatchToRoute(Object(Illuminate\\Http\\Request))
#25 /Users/zawhtetnaung/Documents/Webprojects/ecommerce-api/vendor/laravel/framework/src/Illuminate/Foundation/Http/Kernel.php(200): Illuminate\\Routing\\Router->dispatch(Object(Illuminate\\Http\\Request))
#26 /Users/zawhtetnaung/Documents/Webprojects/ecommerce-api/vendor/laravel/framework/src/Illuminate/Pipeline/Pipeline.php(180): Illuminate\\Foundation\\Http\\Kernel->{closure:Illuminate\\Foundation\\Http\\Kernel::dispatchToRouter():197}(Object(Illuminate\\Http\\Request))
#27 /Users/zawhtetnaung/Documents/Webprojects/ecommerce-api/vendor/laravel/framework/src/Illuminate/Foundation/Http/Middleware/TransformsRequest.php(21): Illuminate\\Pipeline\\Pipeline->{closure:Illuminate\\Pipeline\\Pipeline::prepareDestination():178}(Object(Illuminate\\Http\\Request))
#28 /Users/zawhtetnaung/Documents/Webprojects/ecommerce-api/vendor/laravel/framework/src/Illuminate/Foundation/Http/Middleware/ConvertEmptyStringsToNull.php(31): Illuminate\\Foundation\\Http\\Middleware\\TransformsRequest->handle(Object(Illuminate\\Http\\Request), Object(Closure))
#29 /Users/zawhtetnaung/Documents/Webprojects/ecommerce-api/vendor/laravel/framework/src/Illuminate/Pipeline/Pipeline.php(219): Illuminate\\Foundation\\Http\\Middleware\\ConvertEmptyStringsToNull->handle(Object(Illuminate\\Http\\Request), Object(Closure))
#30 /Users/zawhtetnaung/Documents/Webprojects/ecommerce-api/vendor/laravel/framework/src/Illuminate/Foundation/Http/Middleware/TransformsRequest.php(21): Illuminate\\Pipeline\\Pipeline->{closure:{closure:Illuminate\\Pipeline\\Pipeline::carry():194}:195}(Object(Illuminate\\Http\\Request))
#31 /Users/zawhtetnaung/Documents/Webprojects/ecommerce-api/vendor/laravel/framework/src/Illuminate/Foundation/Http/Middleware/TrimStrings.php(51): Illuminate\\Foundation\\Http\\Middleware\\TransformsRequest->handle(Object(Illuminate\\Http\\Request), Object(Closure))
#32 /Users/zawhtetnaung/Documents/Webprojects/ecommerce-api/vendor/laravel/framework/src/Illuminate/Pipeline/Pipeline.php(219): Illuminate\\Foundation\\Http\\Middleware\\TrimStrings->handle(Object(Illuminate\\Http\\Request), Object(Closure))
#33 /Users/zawhtetnaung/Documents/Webprojects/ecommerce-api/vendor/laravel/framework/src/Illuminate/Http/Middleware/ValidatePostSize.php(27): Illuminate\\Pipeline\\Pipeline->{closure:{closure:Illuminate\\Pipeline\\Pipeline::carry():194}:195}(Object(Illuminate\\Http\\Request))
#34 /Users/zawhtetnaung/Documents/Webprojects/ecommerce-api/vendor/laravel/framework/src/Illuminate/Pipeline/Pipeline.php(219): Illuminate\\Http\\Middleware\\ValidatePostSize->handle(Object(Illuminate\\Http\\Request), Object(Closure))
#35 /Users/zawhtetnaung/Documents/Webprojects/ecommerce-api/vendor/laravel/framework/src/Illuminate/Foundation/Http/Middleware/PreventRequestsDuringMaintenance.php(109): Illuminate\\Pipeline\\Pipeline->{closure:{closure:Illuminate\\Pipeline\\Pipeline::carry():194}:195}(Object(Illuminate\\Http\\Request))
#36 /Users/zawhtetnaung/Documents/Webprojects/ecommerce-api/vendor/laravel/framework/src/Illuminate/Pipeline/Pipeline.php(219): Illuminate\\Foundation\\Http\\Middleware\\PreventRequestsDuringMaintenance->handle(Object(Illuminate\\Http\\Request), Object(Closure))
#37 /Users/zawhtetnaung/Documents/Webprojects/ecommerce-api/vendor/laravel/framework/src/Illuminate/Http/Middleware/HandleCors.php(74): Illuminate\\Pipeline\\Pipeline->{closure:{closure:Illuminate\\Pipeline\\Pipeline::carry():194}:195}(Object(Illuminate\\Http\\Request))
#38 /Users/zawhtetnaung/Documents/Webprojects/ecommerce-api/vendor/laravel/framework/src/Illuminate/Pipeline/Pipeline.php(219): Illuminate\\Http\\Middleware\\HandleCors->handle(Object(Illuminate\\Http\\Request), Object(Closure))
#39 /Users/zawhtetnaung/Documents/Webprojects/ecommerce-api/vendor/laravel/framework/src/Illuminate/Http/Middleware/TrustProxies.php(58): Illuminate\\Pipeline\\Pipeline->{closure:{closure:Illuminate\\Pipeline\\Pipeline::carry():194}:195}(Object(Illuminate\\Http\\Request))
#40 /Users/zawhtetnaung/Documents/Webprojects/ecommerce-api/vendor/laravel/framework/src/Illuminate/Pipeline/Pipeline.php(219): Illuminate\\Http\\Middleware\\TrustProxies->handle(Object(Illuminate\\Http\\Request), Object(Closure))
#41 /Users/zawhtetnaung/Documents/Webprojects/ecommerce-api/vendor/laravel/framework/src/Illuminate/Foundation/Http/Middleware/InvokeDeferredCallbacks.php(22): Illuminate\\Pipeline\\Pipeline->{closure:{closure:Illuminate\\Pipeline\\Pipeline::carry():194}:195}(Object(Illuminate\\Http\\Request))
#42 /Users/zawhtetnaung/Documents/Webprojects/ecommerce-api/vendor/laravel/framework/src/Illuminate/Pipeline/Pipeline.php(219): Illuminate\\Foundation\\Http\\Middleware\\InvokeDeferredCallbacks->handle(Object(Illuminate\\Http\\Request), Object(Closure))
#43 /Users/zawhtetnaung/Documents/Webprojects/ecommerce-api/vendor/laravel/framework/src/Illuminate/Http/Middleware/ValidatePathEncoding.php(26): Illuminate\\Pipeline\\Pipeline->{closure:{closure:Illuminate\\Pipeline\\Pipeline::carry():194}:195}(Object(Illuminate\\Http\\Request))
#44 /Users/zawhtetnaung/Documents/Webprojects/ecommerce-api/vendor/laravel/framework/src/Illuminate/Pipeline/Pipeline.php(219): Illuminate\\Http\\Middleware\\ValidatePathEncoding->handle(Object(Illuminate\\Http\\Request), Object(Closure))
#45 /Users/zawhtetnaung/Documents/Webprojects/ecommerce-api/vendor/laravel/framework/src/Illuminate/Pipeline/Pipeline.php(137): Illuminate\\Pipeline\\Pipeline->{closure:{closure:Illuminate\\Pipeline\\Pipeline::carry():194}:195}(Object(Illuminate\\Http\\Request))
#46 /Users/zawhtetnaung/Documents/Webprojects/ecommerce-api/vendor/laravel/framework/src/Illuminate/Foundation/Http/Kernel.php(175): Illuminate\\Pipeline\\Pipeline->then(Object(Closure))
#47 /Users/zawhtetnaung/Documents/Webprojects/ecommerce-api/vendor/laravel/framework/src/Illuminate/Foundation/Http/Kernel.php(144): Illuminate\\Foundation\\Http\\Kernel->sendRequestThroughRouter(Object(Illuminate\\Http\\Request))
#48 /Users/zawhtetnaung/Documents/Webprojects/ecommerce-api/vendor/laravel/framework/src/Illuminate/Foundation/Application.php(1220): Illuminate\\Foundation\\Http\\Kernel->handle(Object(Illuminate\\Http\\Request))
#49 /Users/zawhtetnaung/Documents/Webprojects/ecommerce-api/public/index.php(20): Illuminate\\Foundation\\Application->handleRequest(Object(Illuminate\\Http\\Request))
#50 /Users/zawhtetnaung/Documents/Webprojects/ecommerce-api/vendor/laravel/framework/src/Illuminate/Foundation/resources/server.php(23): require_once('/Users/zawhtetn...')
#51 {main}
"} 
[2026-02-04 14:57:07] local.ERROR: SQLSTATE[HY000]: General error: 1 no such table: colors (Connection: sqlite, Database: /Users/zawhtetnaung/Documents/Webprojects/ecommerce-api/database/database.sqlite, SQL: select "colors"."id", "colors"."name", "colors"."hex_code", "colors"."is_active", "color_product"."product_id" as "pivot_product_id", "color_product"."color_id" as "pivot_color_id" from "colors" inner join "color_product" on "colors"."id" = "color_product"."color_id" where "color_product"."product_id" in (1, 2)) {"userId":2,"exception":"[object] (Illuminate\\Database\\QueryException(code: HY000): SQLSTATE[HY000]: General error: 1 no such table: colors (Connection: sqlite, Database: /Users/zawhtetnaung/Documents/Webprojects/ecommerce-api/database/database.sqlite, SQL: select \"colors\".\"id\", \"colors\".\"name\", \"colors\".\"hex_code\", \"colors\".\"is_active\", \"color_product\".\"product_id\" as \"pivot_product_id\", \"color_product\".\"color_id\" as \"pivot_color_id\" from \"colors\" inner join \"color_product\" on \"colors\".\"id\" = \"color_product\".\"color_id\" where \"color_product\".\"product_id\" in (1, 2)) at /Users/zawhtetnaung/Documents/Webprojects/ecommerce-api/vendor/laravel/framework/src/Illuminate/Database/Connection.php:838)
[stacktrace]
#0 /Users/zawhtetnaung/Documents/Webprojects/ecommerce-api/vendor/laravel/framework/src/Illuminate/Database/Connection.php(794): Illuminate\\Database\\Connection->runQueryCallback('select \"colors\"...', Array, Object(Closure))
#1 /Users/zawhtetnaung/Documents/Webprojects/ecommerce-api/vendor/laravel/framework/src/Illuminate/Database/Connection.php(411): Illuminate\\Database\\Connection->run('select \"colors\"...', Array, Object(Closure))
#2 /Users/zawhtetnaung/Documents/Webprojects/ecommerce-api/vendor/laravel/framework/src/Illuminate/Database/Query/Builder.php(3389): Illuminate\\Database\\Connection->select('select \"colors\"...', Array, true)
#3 /Users/zawhtetnaung/Documents/Webprojects/ecommerce-api/vendor/laravel/framework/src/Illuminate/Database/Query/Builder.php(3374): Illuminate\\Database\\Query\\Builder->runSelect()
#4 /Users/zawhtetnaung/Documents/Webprojects/ecommerce-api/vendor/laravel/framework/src/Illuminate/Database/Query/Builder.php(3964): Illuminate\\Database\\Query\\Builder->{closure:Illuminate\\Database\\Query\\Builder::get():3373}()
#5 /Users/zawhtetnaung/Documents/Webprojects/ecommerce-api/vendor/laravel/framework/src/Illuminate/Database/Query/Builder.php(3373): Illuminate\\Database\\Query\\Builder->onceWithColumns(Array, Object(Closure))
#6 /Users/zawhtetnaung/Documents/Webprojects/ecommerce-api/vendor/laravel/framework/src/Illuminate/Database/Eloquent/Builder.php(902): Illuminate\\Database\\Query\\Builder->get(Array)
#7 /Users/zawhtetnaung/Documents/Webprojects/ecommerce-api/vendor/laravel/framework/src/Illuminate/Database/Eloquent/Relations/BelongsToMany.php(910): Illuminate\\Database\\Eloquent\\Builder->getModels()
#8 /Users/zawhtetnaung/Documents/Webprojects/ecommerce-api/vendor/laravel/framework/src/Illuminate/Database/Eloquent/Relations/Relation.php(175): Illuminate\\Database\\Eloquent\\Relations\\BelongsToMany->get()
#9 /Users/zawhtetnaung/Documents/Webprojects/ecommerce-api/vendor/laravel/framework/src/Illuminate/Database/Eloquent/Builder.php(950): Illuminate\\Database\\Eloquent\\Relations\\Relation->getEager()
#10 /Users/zawhtetnaung/Documents/Webprojects/ecommerce-api/vendor/laravel/framework/src/Illuminate/Database/Eloquent/Builder.php(919): Illuminate\\Database\\Eloquent\\Builder->eagerLoadRelation(Array, 'colors', Object(Closure))
#11 /Users/zawhtetnaung/Documents/Webprojects/ecommerce-api/vendor/laravel/framework/src/Illuminate/Database/Eloquent/Builder.php(885): Illuminate\\Database\\Eloquent\\Builder->eagerLoadRelations(Array)
#12 /Users/zawhtetnaung/Documents/Webprojects/ecommerce-api/app/Http/Controllers/Api/ProductController.php(28): Illuminate\\Database\\Eloquent\\Builder->get()
#13 /Users/zawhtetnaung/Documents/Webprojects/ecommerce-api/vendor/laravel/framework/src/Illuminate/Routing/ControllerDispatcher.php(46): App\\Http\\Controllers\\Api\\ProductController->index()
#14 /Users/zawhtetnaung/Documents/Webprojects/ecommerce-api/vendor/laravel/framework/src/Illuminate/Routing/Route.php(265): Illuminate\\Routing\\ControllerDispatcher->dispatch(Object(Illuminate\\Routing\\Route), Object(App\\Http\\Controllers\\Api\\ProductController), 'index')
#15 /Users/zawhtetnaung/Documents/Webprojects/ecommerce-api/vendor/laravel/framework/src/Illuminate/Routing/Route.php(211): Illuminate\\Routing\\Route->runController()
#16 /Users/zawhtetnaung/Documents/Webprojects/ecommerce-api/vendor/laravel/framework/src/Illuminate/Routing/Router.php(822): Illuminate\\Routing\\Route->run()
#17 /Users/zawhtetnaung/Documents/Webprojects/ecommerce-api/vendor/laravel/framework/src/Illuminate/Pipeline/Pipeline.php(180): Illuminate\\Routing\\Router->{closure:Illuminate\\Routing\\Router::runRouteWithinStack():821}(Object(Illuminate\\Http\\Request))
#18 /Users/zawhtetnaung/Documents/Webprojects/ecommerce-api/vendor/laravel/framework/src/Illuminate/Routing/Middleware/SubstituteBindings.php(50): Illuminate\\Pipeline\\Pipeline->{closure:Illuminate\\Pipeline\\Pipeline::prepareDestination():178}(Object(Illuminate\\Http\\Request))
#19 /Users/zawhtetnaung/Documents/Webprojects/ecommerce-api/vendor/laravel/framework/src/Illuminate/Pipeline/Pipeline.php(219): Illuminate\\Routing\\Middleware\\SubstituteBindings->handle(Object(Illuminate\\Http\\Request), Object(Closure))
#20 /Users/zawhtetnaung/Documents/Webprojects/ecommerce-api/vendor/laravel/framework/src/Illuminate/Auth/Middleware/Authenticate.php(63): Illuminate\\Pipeline\\Pipeline->{closure:{closure:Illuminate\\Pipeline\\Pipeline::carry():194}:195}(Object(Illuminate\\Http\\Request))
#21 /Users/zawhtetnaung/Documents/Webprojects/ecommerce-api/vendor/laravel/framework/src/Illuminate/Pipeline/Pipeline.php(219): Illuminate\\Auth\\Middleware\\Authenticate->handle(Object(Illuminate\\Http\\Request), Object(Closure), 'sanctum')
#22 /Users/zawhtetnaung/Documents/Webprojects/ecommerce-api/vendor/laravel/framework/src/Illuminate/Pipeline/Pipeline.php(137): Illuminate\\Pipeline\\Pipeline->{closure:{closure:Illuminate\\Pipeline\\Pipeline::carry():194}:195}(Object(Illuminate\\Http\\Request))
#23 /Users/zawhtetnaung/Documents/Webprojects/ecommerce-api/vendor/laravel/framework/src/Illuminate/Routing/Router.php(821): Illuminate\\Pipeline\\Pipeline->then(Object(Closure))
#24 /Users/zawhtetnaung/Documents/Webprojects/ecommerce-api/vendor/laravel/framework/src/Illuminate/Routing/Router.php(800): Illuminate\\Routing\\Router->runRouteWithinStack(Object(Illuminate\\Routing\\Route), Object(Illuminate\\Http\\Request))
#25 /Users/zawhtetnaung/Documents/Webprojects/ecommerce-api/vendor/laravel/framework/src/Illuminate/Routing/Router.php(764): Illuminate\\Routing\\Router->runRoute(Object(Illuminate\\Http\\Request), Object(Illuminate\\Routing\\Route))
#26 /Users/zawhtetnaung/Documents/Webprojects/ecommerce-api/vendor/laravel/framework/src/Illuminate/Routing/Router.php(753): Illuminate\\Routing\\Router->dispatchToRoute(Object(Illuminate\\Http\\Request))
#27 /Users/zawhtetnaung/Documents/Webprojects/ecommerce-api/vendor/laravel/framework/src/Illuminate/Foundation/Http/Kernel.php(200): Illuminate\\Routing\\Router->dispatch(Object(Illuminate\\Http\\Request))
#28 /Users/zawhtetnaung/Documents/Webprojects/ecommerce-api/vendor/laravel/framework/src/Illuminate/Pipeline/Pipeline.php(180): Illuminate\\Foundation\\Http\\Kernel->{closure:Illuminate\\Foundation\\Http\\Kernel::dispatchToRouter():197}(Object(Illuminate\\Http\\Request))
#29 /Users/zawhtetnaung/Documents/Webprojects/ecommerce-api/vendor/laravel/framework/src/Illuminate/Foundation/Http/Middleware/TransformsRequest.php(21): Illuminate\\Pipeline\\Pipeline->{closure:Illuminate\\Pipeline\\Pipeline::prepareDestination():178}(Object(Illuminate\\Http\\Request))
#30 /Users/zawhtetnaung/Documents/Webprojects/ecommerce-api/vendor/laravel/framework/src/Illuminate/Foundation/Http/Middleware/ConvertEmptyStringsToNull.php(31): Illuminate\\Foundation\\Http\\Middleware\\TransformsRequest->handle(Object(Illuminate\\Http\\Request), Object(Closure))
#31 /Users/zawhtetnaung/Documents/Webprojects/ecommerce-api/vendor/laravel/framework/src/Illuminate/Pipeline/Pipeline.php(219): Illuminate\\Foundation\\Http\\Middleware\\ConvertEmptyStringsToNull->handle(Object(Illuminate\\Http\\Request), Object(Closure))
#32 /Users/zawhtetnaung/Documents/Webprojects/ecommerce-api/vendor/laravel/framework/src/Illuminate/Foundation/Http/Middleware/TransformsRequest.php(21): Illuminate\\Pipeline\\Pipeline->{closure:{closure:Illuminate\\Pipeline\\Pipeline::carry():194}:195}(Object(Illuminate\\Http\\Request))
#33 /Users/zawhtetnaung/Documents/Webprojects/ecommerce-api/vendor/laravel/framework/src/Illuminate/Foundation/Http/Middleware/TrimStrings.php(51): Illuminate\\Foundation\\Http\\Middleware\\TransformsRequest->handle(Object(Illuminate\\Http\\Request), Object(Closure))
#34 /Users/zawhtetnaung/Documents/Webprojects/ecommerce-api/vendor/laravel/framework/src/Illuminate/Pipeline/Pipeline.php(219): Illuminate\\Foundation\\Http\\Middleware\\TrimStrings->handle(Object(Illuminate\\Http\\Request), Object(Closure))
#35 /Users/zawhtetnaung/Documents/Webprojects/ecommerce-api/vendor/laravel/framework/src/Illuminate/Http/Middleware/ValidatePostSize.php(27): Illuminate\\Pipeline\\Pipeline->{closure:{closure:Illuminate\\Pipeline\\Pipeline::carry():194}:195}(Object(Illuminate\\Http\\Request))
#36 /Users/zawhtetnaung/Documents/Webprojects/ecommerce-api/vendor/laravel/framework/src/Illuminate/Pipeline/Pipeline.php(219): Illuminate\\Http\\Middleware\\ValidatePostSize->handle(Object(Illuminate\\Http\\Request), Object(Closure))
#37 /Users/zawhtetnaung/Documents/Webprojects/ecommerce-api/vendor/laravel/framework/src/Illuminate/Foundation/Http/Middleware/PreventRequestsDuringMaintenance.php(109): Illuminate\\Pipeline\\Pipeline->{closure:{closure:Illuminate\\Pipeline\\Pipeline::carry():194}:195}(Object(Illuminate\\Http\\Request))
#38 /Users/zawhtetnaung/Documents/Webprojects/ecommerce-api/vendor/laravel/framework/src/Illuminate/Pipeline/Pipeline.php(219): Illuminate\\Foundation\\Http\\Middleware\\PreventRequestsDuringMaintenance->handle(Object(Illuminate\\Http\\Request), Object(Closure))
#39 /Users/zawhtetnaung/Documents/Webprojects/ecommerce-api/vendor/laravel/framework/src/Illuminate/Http/Middleware/HandleCors.php(74): Illuminate\\Pipeline\\Pipeline->{closure:{closure:Illuminate\\Pipeline\\Pipeline::carry():194}:195}(Object(Illuminate\\Http\\Request))
#40 /Users/zawhtetnaung/Documents/Webprojects/ecommerce-api/vendor/laravel/framework/src/Illuminate/Pipeline/Pipeline.php(219): Illuminate\\Http\\Middleware\\HandleCors->handle(Object(Illuminate\\Http\\Request), Object(Closure))
#41 /Users/zawhtetnaung/Documents/Webprojects/ecommerce-api/vendor/laravel/framework/src/Illuminate/Http/Middleware/TrustProxies.php(58): Illuminate\\Pipeline\\Pipeline->{closure:{closure:Illuminate\\Pipeline\\Pipeline::carry():194}:195}(Object(Illuminate\\Http\\Request))
#42 /Users/zawhtetnaung/Documents/Webprojects/ecommerce-api/vendor/laravel/framework/src/Illuminate/Pipeline/Pipeline.php(219): Illuminate\\Http\\Middleware\\TrustProxies->handle(Object(Illuminate\\Http\\Request), Object(Closure))
#43 /Users/zawhtetnaung/Documents/Webprojects/ecommerce-api/vendor/laravel/framework/src/Illuminate/Foundation/Http/Middleware/InvokeDeferredCallbacks.php(22): Illuminate\\Pipeline\\Pipeline->{closure:{closure:Illuminate\\Pipeline\\Pipeline::carry():194}:195}(Object(Illuminate\\Http\\Request))
#44 /Users/zawhtetnaung/Documents/Webprojects/ecommerce-api/vendor/laravel/framework/src/Illuminate/Pipeline/Pipeline.php(219): Illuminate\\Foundation\\Http\\Middleware\\InvokeDeferredCallbacks->handle(Object(Illuminate\\Http\\Request), Object(Closure))
#45 /Users/zawhtetnaung/Documents/Webprojects/ecommerce-api/vendor/laravel/framework/src/Illuminate/Http/Middleware/ValidatePathEncoding.php(26): Illuminate\\Pipeline\\Pipeline->{closure:{closure:Illuminate\\Pipeline\\Pipeline::carry():194}:195}(Object(Illuminate\\Http\\Request))
#46 /Users/zawhtetnaung/Documents/Webprojects/ecommerce-api/vendor/laravel/framework/src/Illuminate/Pipeline/Pipeline.php(219): Illuminate\\Http\\Middleware\\ValidatePathEncoding->handle(Object(Illuminate\\Http\\Request), Object(Closure))
#47 /Users/zawhtetnaung/Documents/Webprojects/ecommerce-api/vendor/laravel/framework/src/Illuminate/Pipeline/Pipeline.php(137): Illuminate\\Pipeline\\Pipeline->{closure:{closure:Illuminate\\Pipeline\\Pipeline::carry():194}:195}(Object(Illuminate\\Http\\Request))
#48 /Users/zawhtetnaung/Documents/Webprojects/ecommerce-api/vendor/laravel/framework/src/Illuminate/Foundation/Http/Kernel.php(175): Illuminate\\Pipeline\\Pipeline->then(Object(Closure))
#49 /Users/zawhtetnaung/Documents/Webprojects/ecommerce-api/vendor/laravel/framework/src/Illuminate/Foundation/Http/Kernel.php(144): Illuminate\\Foundation\\Http\\Kernel->sendRequestThroughRouter(Object(Illuminate\\Http\\Request))
#50 /Users/zawhtetnaung/Documents/Webprojects/ecommerce-api/vendor/laravel/framework/src/Illuminate/Foundation/Application.php(1220): Illuminate\\Foundation\\Http\\Kernel->handle(Object(Illuminate\\Http\\Request))
#51 /Users/zawhtetnaung/Documents/Webprojects/ecommerce-api/public/index.php(20): Illuminate\\Foundation\\Application->handleRequest(Object(Illuminate\\Http\\Request))
#52 /Users/zawhtetnaung/Documents/Webprojects/ecommerce-api/vendor/laravel/framework/src/Illuminate/Foundation/resources/server.php(23): require_once('/Users/zawhtetn...')
#53 {main}

[previous exception] [object] (PDOException(code: HY000): SQLSTATE[HY000]: General error: 1 no such table: colors at /Users/zawhtetnaung/Documents/Webprojects/ecommerce-api/vendor/laravel/framework/src/Illuminate/Database/Connection.php:420)
[stacktrace]
#0 /Users/zawhtetnaung/Documents/Webprojects/ecommerce-api/vendor/laravel/framework/src/Illuminate/Database/Connection.php(420): PDO->prepare('select \"colors\"...')
#1 /Users/zawhtetnaung/Documents/Webprojects/ecommerce-api/vendor/laravel/framework/src/Illuminate/Database/Connection.php(827): Illuminate\\Database\\Connection->{closure:Illuminate\\Database\\Connection::select():411}('select \"colors\"...', Array)
#2 /Users/zawhtetnaung/Documents/Webprojects/ecommerce-api/vendor/laravel/framework/src/Illuminate/Database/Connection.php(794): Illuminate\\Database\\Connection->runQueryCallback('select \"colors\"...', Array, Object(Closure))
#3 /Users/zawhtetnaung/Documents/Webprojects/ecommerce-api/vendor/laravel/framework/src/Illuminate/Database/Connection.php(411): Illuminate\\Database\\Connection->run('select \"colors\"...', Array, Object(Closure))
#4 /Users/zawhtetnaung/Documents/Webprojects/ecommerce-api/vendor/laravel/framework/src/Illuminate/Database/Query/Builder.php(3389): Illuminate\\Database\\Connection->select('select \"colors\"...', Array, true)
#5 /Users/zawhtetnaung/Documents/Webprojects/ecommerce-api/vendor/laravel/framework/src/Illuminate/Database/Query/Builder.php(3374): Illuminate\\Database\\Query\\Builder->runSelect()
#6 /Users/zawhtetnaung/Documents/Webprojects/ecommerce-api/vendor/laravel/framework/src/Illuminate/Database/Query/Builder.php(3964): Illuminate\\Database\\Query\\Builder->{closure:Illuminate\\Database\\Query\\Builder::get():3373}()
#7 /Users/zawhtetnaung/Documents/Webprojects/ecommerce-api/vendor/laravel/framework/src/Illuminate/Database/Query/Builder.php(3373): Illuminate\\Database\\Query\\Builder->onceWithColumns(Array, Object(Closure))
#8 /Users/zawhtetnaung/Documents/Webprojects/ecommerce-api/vendor/laravel/framework/src/Illuminate/Database/Eloquent/Builder.php(902): Illuminate\\Database\\Query\\Builder->get(Array)
#9 /Users/zawhtetnaung/Documents/Webprojects/ecommerce-api/vendor/laravel/framework/src/Illuminate/Database/Eloquent/Relations/BelongsToMany.php(910): Illuminate\\Database\\Eloquent\\Builder->getModels()
#10 /Users/zawhtetnaung/Documents/Webprojects/ecommerce-api/vendor/laravel/framework/src/Illuminate/Database/Eloquent/Relations/Relation.php(175): Illuminate\\Database\\Eloquent\\Relations\\BelongsToMany->get()
#11 /Users/zawhtetnaung/Documents/Webprojects/ecommerce-api/vendor/laravel/framework/src/Illuminate/Database/Eloquent/Builder.php(950): Illuminate\\Database\\Eloquent\\Relations\\Relation->getEager()
#12 /Users/zawhtetnaung/Documents/Webprojects/ecommerce-api/vendor/laravel/framework/src/Illuminate/Database/Eloquent/Builder.php(919): Illuminate\\Database\\Eloquent\\Builder->eagerLoadRelation(Array, 'colors', Object(Closure))
#13 /Users/zawhtetnaung/Documents/Webprojects/ecommerce-api/vendor/laravel/framework/src/Illuminate/Database/Eloquent/Builder.php(885): Illuminate\\Database\\Eloquent\\Builder->eagerLoadRelations(Array)
#14 /Users/zawhtetnaung/Documents/Webprojects/ecommerce-api/app/Http/Controllers/Api/ProductController.php(28): Illuminate\\Database\\Eloquent\\Builder->get()
#15 /Users/zawhtetnaung/Documents/Webprojects/ecommerce-api/vendor/laravel/framework/src/Illuminate/Routing/ControllerDispatcher.php(46): App\\Http\\Controllers\\Api\\ProductController->index()
#16 /Users/zawhtetnaung/Documents/Webprojects/ecommerce-api/vendor/laravel/framework/src/Illuminate/Routing/Route.php(265): Illuminate\\Routing\\ControllerDispatcher->dispatch(Object(Illuminate\\Routing\\Route), Object(App\\Http\\Controllers\\Api\\ProductController), 'index')
#17 /Users/zawhtetnaung/Documents/Webprojects/ecommerce-api/vendor/laravel/framework/src/Illuminate/Routing/Route.php(211): Illuminate\\Routing\\Route->runController()
#18 /Users/zawhtetnaung/Documents/Webprojects/ecommerce-api/vendor/laravel/framework/src/Illuminate/Routing/Router.php(822): Illuminate\\Routing\\Route->run()
#19 /Users/zawhtetnaung/Documents/Webprojects/ecommerce-api/vendor/laravel/framework/src/Illuminate/Pipeline/Pipeline.php(180): Illuminate\\Routing\\Router->{closure:Illuminate\\Routing\\Router::runRouteWithinStack():821}(Object(Illuminate\\Http\\Request))
#20 /Users/zawhtetnaung/Documents/Webprojects/ecommerce-api/vendor/laravel/framework/src/Illuminate/Routing/Middleware/SubstituteBindings.php(50): Illuminate\\Pipeline\\Pipeline->{closure:Illuminate\\Pipeline\\Pipeline::prepareDestination():178}(Object(Illuminate\\Http\\Request))
#21 /Users/zawhtetnaung/Documents/Webprojects/ecommerce-api/vendor/laravel/framework/src/Illuminate/Pipeline/Pipeline.php(219): Illuminate\\Routing\\Middleware\\SubstituteBindings->handle(Object(Illuminate\\Http\\Request), Object(Closure))
#22 /Users/zawhtetnaung/Documents/Webprojects/ecommerce-api/vendor/laravel/framework/src/Illuminate/Auth/Middleware/Authenticate.php(63): Illuminate\\Pipeline\\Pipeline->{closure:{closure:Illuminate\\Pipeline\\Pipeline::carry():194}:195}(Object(Illuminate\\Http\\Request))
#23 /Users/zawhtetnaung/Documents/Webprojects/ecommerce-api/vendor/laravel/framework/src/Illuminate/Pipeline/Pipeline.php(219): Illuminate\\Auth\\Middleware\\Authenticate->handle(Object(Illuminate\\Http\\Request), Object(Closure), 'sanctum')
#24 /Users/zawhtetnaung/Documents/Webprojects/ecommerce-api/vendor/laravel/framework/src/Illuminate/Pipeline/Pipeline.php(137): Illuminate\\Pipeline\\Pipeline->{closure:{closure:Illuminate\\Pipeline\\Pipeline::carry():194}:195}(Object(Illuminate\\Http\\Request))
#25 /Users/zawhtetnaung/Documents/Webprojects/ecommerce-api/vendor/laravel/framework/src/Illuminate/Routing/Router.php(821): Illuminate\\Pipeline\\Pipeline->then(Object(Closure))
#26 /Users/zawhtetnaung/Documents/Webprojects/ecommerce-api/vendor/laravel/framework/src/Illuminate/Routing/Router.php(800): Illuminate\\Routing\\Router->runRouteWithinStack(Object(Illuminate\\Routing\\Route), Object(Illuminate\\Http\\Request))
#27 /Users/zawhtetnaung/Documents/Webprojects/ecommerce-api/vendor/laravel/framework/src/Illuminate/Routing/Router.php(764): Illuminate\\Routing\\Router->runRoute(Object(Illuminate\\Http\\Request), Object(Illuminate\\Routing\\Route))
#28 /Users/zawhtetnaung/Documents/Webprojects/ecommerce-api/vendor/laravel/framework/src/Illuminate/Routing/Router.php(753): Illuminate\\Routing\\Router->dispatchToRoute(Object(Illuminate\\Http\\Request))
#29 /Users/zawhtetnaung/Documents/Webprojects/ecommerce-api/vendor/laravel/framework/src/Illuminate/Foundation/Http/Kernel.php(200): Illuminate\\Routing\\Router->dispatch(Object(Illuminate\\Http\\Request))
#30 /Users/zawhtetnaung/Documents/Webprojects/ecommerce-api/vendor/laravel/framework/src/Illuminate/Pipeline/Pipeline.php(180): Illuminate\\Foundation\\Http\\Kernel->{closure:Illuminate\\Foundation\\Http\\Kernel::dispatchToRouter():197}(Object(Illuminate\\Http\\Request))
#31 /Users/zawhtetnaung/Documents/Webprojects/ecommerce-api/vendor/laravel/framework/src/Illuminate/Foundation/Http/Middleware/TransformsRequest.php(21): Illuminate\\Pipeline\\Pipeline->{closure:Illuminate\\Pipeline\\Pipeline::prepareDestination():178}(Object(Illuminate\\Http\\Request))
#32 /Users/zawhtetnaung/Documents/Webprojects/ecommerce-api/vendor/laravel/framework/src/Illuminate/Foundation/Http/Middleware/ConvertEmptyStringsToNull.php(31): Illuminate\\Foundation\\Http\\Middleware\\TransformsRequest->handle(Object(Illuminate\\Http\\Request), Object(Closure))
#33 /Users/zawhtetnaung/Documents/Webprojects/ecommerce-api/vendor/laravel/framework/src/Illuminate/Pipeline/Pipeline.php(219): Illuminate\\Foundation\\Http\\Middleware\\ConvertEmptyStringsToNull->handle(Object(Illuminate\\Http\\Request), Object(Closure))
#34 /Users/zawhtetnaung/Documents/Webprojects/ecommerce-api/vendor/laravel/framework/src/Illuminate/Foundation/Http/Middleware/TransformsRequest.php(21): Illuminate\\Pipeline\\Pipeline->{closure:{closure:Illuminate\\Pipeline\\Pipeline::carry():194}:195}(Object(Illuminate\\Http\\Request))
#35 /Users/zawhtetnaung/Documents/Webprojects/ecommerce-api/vendor/laravel/framework/src/Illuminate/Foundation/Http/Middleware/TrimStrings.php(51): Illuminate\\Foundation\\Http\\Middleware\\TransformsRequest->handle(Object(Illuminate\\Http\\Request), Object(Closure))
#36 /Users/zawhtetnaung/Documents/Webprojects/ecommerce-api/vendor/laravel/framework/src/Illuminate/Pipeline/Pipeline.php(219): Illuminate\\Foundation\\Http\\Middleware\\TrimStrings->handle(Object(Illuminate\\Http\\Request), Object(Closure))
#37 /Users/zawhtetnaung/Documents/Webprojects/ecommerce-api/vendor/laravel/framework/src/Illuminate/Http/Middleware/ValidatePostSize.php(27): Illuminate\\Pipeline\\Pipeline->{closure:{closure:Illuminate\\Pipeline\\Pipeline::carry():194}:195}(Object(Illuminate\\Http\\Request))
#38 /Users/zawhtetnaung/Documents/Webprojects/ecommerce-api/vendor/laravel/framework/src/Illuminate/Pipeline/Pipeline.php(219): Illuminate\\Http\\Middleware\\ValidatePostSize->handle(Object(Illuminate\\Http\\Request), Object(Closure))
#39 /Users/zawhtetnaung/Documents/Webprojects/ecommerce-api/vendor/laravel/framework/src/Illuminate/Foundation/Http/Middleware/PreventRequestsDuringMaintenance.php(109): Illuminate\\Pipeline\\Pipeline->{closure:{closure:Illuminate\\Pipeline\\Pipeline::carry():194}:195}(Object(Illuminate\\Http\\Request))
#40 /Users/zawhtetnaung/Documents/Webprojects/ecommerce-api/vendor/laravel/framework/src/Illuminate/Pipeline/Pipeline.php(219): Illuminate\\Foundation\\Http\\Middleware\\PreventRequestsDuringMaintenance->handle(Object(Illuminate\\Http\\Request), Object(Closure))
#41 /Users/zawhtetnaung/Documents/Webprojects/ecommerce-api/vendor/laravel/framework/src/Illuminate/Http/Middleware/HandleCors.php(74): Illuminate\\Pipeline\\Pipeline->{closure:{closure:Illuminate\\Pipeline\\Pipeline::carry():194}:195}(Object(Illuminate\\Http\\Request))
#42 /Users/zawhtetnaung/Documents/Webprojects/ecommerce-api/vendor/laravel/framework/src/Illuminate/Pipeline/Pipeline.php(219): Illuminate\\Http\\Middleware\\HandleCors->handle(Object(Illuminate\\Http\\Request), Object(Closure))
#43 /Users/zawhtetnaung/Documents/Webprojects/ecommerce-api/vendor/laravel/framework/src/Illuminate/Http/Middleware/TrustProxies.php(58): Illuminate\\Pipeline\\Pipeline->{closure:{closure:Illuminate\\Pipeline\\Pipeline::carry():194}:195}(Object(Illuminate\\Http\\Request))
#44 /Users/zawhtetnaung/Documents/Webprojects/ecommerce-api/vendor/laravel/framework/src/Illuminate/Pipeline/Pipeline.php(219): Illuminate\\Http\\Middleware\\TrustProxies->handle(Object(Illuminate\\Http\\Request), Object(Closure))
#45 /Users/zawhtetnaung/Documents/Webprojects/ecommerce-api/vendor/laravel/framework/src/Illuminate/Foundation/Http/Middleware/InvokeDeferredCallbacks.php(22): Illuminate\\Pipeline\\Pipeline->{closure:{closure:Illuminate\\Pipeline\\Pipeline::carry():194}:195}(Object(Illuminate\\Http\\Request))
#46 /Users/zawhtetnaung/Documents/Webprojects/ecommerce-api/vendor/laravel/framework/src/Illuminate/Pipeline/Pipeline.php(219): Illuminate\\Foundation\\Http\\Middleware\\InvokeDeferredCallbacks->handle(Object(Illuminate\\Http\\Request), Object(Closure))
#47 /Users/zawhtetnaung/Documents/Webprojects/ecommerce-api/vendor/laravel/framework/src/Illuminate/Http/Middleware/ValidatePathEncoding.php(26): Illuminate\\Pipeline\\Pipeline->{closure:{closure:Illuminate\\Pipeline\\Pipeline::carry():194}:195}(Object(Illuminate\\Http\\Request))
#48 /Users/zawhtetnaung/Documents/Webprojects/ecommerce-api/vendor/laravel/framework/src/Illuminate/Pipeline/Pipeline.php(219): Illuminate\\Http\\Middleware\\ValidatePathEncoding->handle(Object(Illuminate\\Http\\Request), Object(Closure))
#49 /Users/zawhtetnaung/Documents/Webprojects/ecommerce-api/vendor/laravel/framework/src/Illuminate/Pipeline/Pipeline.php(137): Illuminate\\Pipeline\\Pipeline->{closure:{closure:Illuminate\\Pipeline\\Pipeline::carry():194}:195}(Object(Illuminate\\Http\\Request))
#50 /Users/zawhtetnaung/Documents/Webprojects/ecommerce-api/vendor/laravel/framework/src/Illuminate/Foundation/Http/Kernel.php(175): Illuminate\\Pipeline\\Pipeline->then(Object(Closure))
#51 /Users/zawhtetnaung/Documents/Webprojects/ecommerce-api/vendor/laravel/framework/src/Illuminate/Foundation/Http/Kernel.php(144): Illuminate\\Foundation\\Http\\Kernel->sendRequestThroughRouter(Object(Illuminate\\Http\\Request))
#52 /Users/zawhtetnaung/Documents/Webprojects/ecommerce-api/vendor/laravel/framework/src/Illuminate/Foundation/Application.php(1220): Illuminate\\Foundation\\Http\\Kernel->handle(Object(Illuminate\\Http\\Request))
#53 /Users/zawhtetnaung/Documents/Webprojects/ecommerce-api/public/index.php(20): Illuminate\\Foundation\\Application->handleRequest(Object(Illuminate\\Http\\Request))
#54 /Users/zawhtetnaung/Documents/Webprojects/ecommerce-api/vendor/laravel/framework/src/Illuminate/Foundation/resources/server.php(23): require_once('/Users/zawhtetn...')
#55 {main}
"} 
[2026-02-04 15:13:25] local.ERROR: SQLSTATE[HY000]: General error: 1 no such column: colors.image_path (Connection: sqlite, Database: /Users/zawhtetnaung/Documents/Webprojects/ecommerce-api/database/database.sqlite, SQL: select "colors"."id", "colors"."name", "colors"."image_path", "colors"."is_active", "color_product"."product_id" as "pivot_product_id", "color_product"."color_id" as "pivot_color_id" from "colors" inner join "color_product" on "colors"."id" = "color_product"."color_id" where "color_product"."product_id" in (1, 2)) {"userId":2,"exception":"[object] (Illuminate\\Database\\QueryException(code: HY000): SQLSTATE[HY000]: General error: 1 no such column: colors.image_path (Connection: sqlite, Database: /Users/zawhtetnaung/Documents/Webprojects/ecommerce-api/database/database.sqlite, SQL: select \"colors\".\"id\", \"colors\".\"name\", \"colors\".\"image_path\", \"colors\".\"is_active\", \"color_product\".\"product_id\" as \"pivot_product_id\", \"color_product\".\"color_id\" as \"pivot_color_id\" from \"colors\" inner join \"color_product\" on \"colors\".\"id\" = \"color_product\".\"color_id\" where \"color_product\".\"product_id\" in (1, 2)) at /Users/zawhtetnaung/Documents/Webprojects/ecommerce-api/vendor/laravel/framework/src/Illuminate/Database/Connection.php:838)
[stacktrace]
#0 /Users/zawhtetnaung/Documents/Webprojects/ecommerce-api/vendor/laravel/framework/src/Illuminate/Database/Connection.php(794): Illuminate\\Database\\Connection->runQueryCallback('select \"colors\"...', Array, Object(Closure))
#1 /Users/zawhtetnaung/Documents/Webprojects/ecommerce-api/vendor/laravel/framework/src/Illuminate/Database/Connection.php(411): Illuminate\\Database\\Connection->run('select \"colors\"...', Array, Object(Closure))
#2 /Users/zawhtetnaung/Documents/Webprojects/ecommerce-api/vendor/laravel/framework/src/Illuminate/Database/Query/Builder.php(3389): Illuminate\\Database\\Connection->select('select \"colors\"...', Array, true)
#3 /Users/zawhtetnaung/Documents/Webprojects/ecommerce-api/vendor/laravel/framework/src/Illuminate/Database/Query/Builder.php(3374): Illuminate\\Database\\Query\\Builder->runSelect()
#4 /Users/zawhtetnaung/Documents/Webprojects/ecommerce-api/vendor/laravel/framework/src/Illuminate/Database/Query/Builder.php(3964): Illuminate\\Database\\Query\\Builder->{closure:Illuminate\\Database\\Query\\Builder::get():3373}()
#5 /Users/zawhtetnaung/Documents/Webprojects/ecommerce-api/vendor/laravel/framework/src/Illuminate/Database/Query/Builder.php(3373): Illuminate\\Database\\Query\\Builder->onceWithColumns(Array, Object(Closure))
#6 /Users/zawhtetnaung/Documents/Webprojects/ecommerce-api/vendor/laravel/framework/src/Illuminate/Database/Eloquent/Builder.php(902): Illuminate\\Database\\Query\\Builder->get(Array)
#7 /Users/zawhtetnaung/Documents/Webprojects/ecommerce-api/vendor/laravel/framework/src/Illuminate/Database/Eloquent/Relations/BelongsToMany.php(910): Illuminate\\Database\\Eloquent\\Builder->getModels()
#8 /Users/zawhtetnaung/Documents/Webprojects/ecommerce-api/vendor/laravel/framework/src/Illuminate/Database/Eloquent/Relations/Relation.php(175): Illuminate\\Database\\Eloquent\\Relations\\BelongsToMany->get()
#9 /Users/zawhtetnaung/Documents/Webprojects/ecommerce-api/vendor/laravel/framework/src/Illuminate/Database/Eloquent/Builder.php(950): Illuminate\\Database\\Eloquent\\Relations\\Relation->getEager()
#10 /Users/zawhtetnaung/Documents/Webprojects/ecommerce-api/vendor/laravel/framework/src/Illuminate/Database/Eloquent/Builder.php(919): Illuminate\\Database\\Eloquent\\Builder->eagerLoadRelation(Array, 'colors', Object(Closure))
#11 /Users/zawhtetnaung/Documents/Webprojects/ecommerce-api/vendor/laravel/framework/src/Illuminate/Database/Eloquent/Builder.php(885): Illuminate\\Database\\Eloquent\\Builder->eagerLoadRelations(Array)
#12 /Users/zawhtetnaung/Documents/Webprojects/ecommerce-api/app/Http/Controllers/Api/ProductController.php(28): Illuminate\\Database\\Eloquent\\Builder->get()
#13 /Users/zawhtetnaung/Documents/Webprojects/ecommerce-api/vendor/laravel/framework/src/Illuminate/Routing/ControllerDispatcher.php(46): App\\Http\\Controllers\\Api\\ProductController->index()
#14 /Users/zawhtetnaung/Documents/Webprojects/ecommerce-api/vendor/laravel/framework/src/Illuminate/Routing/Route.php(265): Illuminate\\Routing\\ControllerDispatcher->dispatch(Object(Illuminate\\Routing\\Route), Object(App\\Http\\Controllers\\Api\\ProductController), 'index')
#15 /Users/zawhtetnaung/Documents/Webprojects/ecommerce-api/vendor/laravel/framework/src/Illuminate/Routing/Route.php(211): Illuminate\\Routing\\Route->runController()
#16 /Users/zawhtetnaung/Documents/Webprojects/ecommerce-api/vendor/laravel/framework/src/Illuminate/Routing/Router.php(822): Illuminate\\Routing\\Route->run()
#17 /Users/zawhtetnaung/Documents/Webprojects/ecommerce-api/vendor/laravel/framework/src/Illuminate/Pipeline/Pipeline.php(180): Illuminate\\Routing\\Router->{closure:Illuminate\\Routing\\Router::runRouteWithinStack():821}(Object(Illuminate\\Http\\Request))
#18 /Users/zawhtetnaung/Documents/Webprojects/ecommerce-api/vendor/laravel/framework/src/Illuminate/Routing/Middleware/SubstituteBindings.php(50): Illuminate\\Pipeline\\Pipeline->{closure:Illuminate\\Pipeline\\Pipeline::prepareDestination():178}(Object(Illuminate\\Http\\Request))
#19 /Users/zawhtetnaung/Documents/Webprojects/ecommerce-api/vendor/laravel/framework/src/Illuminate/Pipeline/Pipeline.php(219): Illuminate\\Routing\\Middleware\\SubstituteBindings->handle(Object(Illuminate\\Http\\Request), Object(Closure))
#20 /Users/zawhtetnaung/Documents/Webprojects/ecommerce-api/vendor/laravel/framework/src/Illuminate/Auth/Middleware/Authenticate.php(63): Illuminate\\Pipeline\\Pipeline->{closure:{closure:Illuminate\\Pipeline\\Pipeline::carry():194}:195}(Object(Illuminate\\Http\\Request))
#21 /Users/zawhtetnaung/Documents/Webprojects/ecommerce-api/vendor/laravel/framework/src/Illuminate/Pipeline/Pipeline.php(219): Illuminate\\Auth\\Middleware\\Authenticate->handle(Object(Illuminate\\Http\\Request), Object(Closure), 'sanctum')
#22 /Users/zawhtetnaung/Documents/Webprojects/ecommerce-api/vendor/laravel/framework/src/Illuminate/Pipeline/Pipeline.php(137): Illuminate\\Pipeline\\Pipeline->{closure:{closure:Illuminate\\Pipeline\\Pipeline::carry():194}:195}(Object(Illuminate\\Http\\Request))
#23 /Users/zawhtetnaung/Documents/Webprojects/ecommerce-api/vendor/laravel/framework/src/Illuminate/Routing/Router.php(821): Illuminate\\Pipeline\\Pipeline->then(Object(Closure))
#24 /Users/zawhtetnaung/Documents/Webprojects/ecommerce-api/vendor/laravel/framework/src/Illuminate/Routing/Router.php(800): Illuminate\\Routing\\Router->runRouteWithinStack(Object(Illuminate\\Routing\\Route), Object(Illuminate\\Http\\Request))
#25 /Users/zawhtetnaung/Documents/Webprojects/ecommerce-api/vendor/laravel/framework/src/Illuminate/Routing/Router.php(764): Illuminate\\Routing\\Router->runRoute(Object(Illuminate\\Http\\Request), Object(Illuminate\\Routing\\Route))
#26 /Users/zawhtetnaung/Documents/Webprojects/ecommerce-api/vendor/laravel/framework/src/Illuminate/Routing/Router.php(753): Illuminate\\Routing\\Router->dispatchToRoute(Object(Illuminate\\Http\\Request))
#27 /Users/zawhtetnaung/Documents/Webprojects/ecommerce-api/vendor/laravel/framework/src/Illuminate/Foundation/Http/Kernel.php(200): Illuminate\\Routing\\Router->dispatch(Object(Illuminate\\Http\\Request))
#28 /Users/zawhtetnaung/Documents/Webprojects/ecommerce-api/vendor/laravel/framework/src/Illuminate/Pipeline/Pipeline.php(180): Illuminate\\Foundation\\Http\\Kernel->{closure:Illuminate\\Foundation\\Http\\Kernel::dispatchToRouter():197}(Object(Illuminate\\Http\\Request))
#29 /Users/zawhtetnaung/Documents/Webprojects/ecommerce-api/vendor/laravel/framework/src/Illuminate/Foundation/Http/Middleware/TransformsRequest.php(21): Illuminate\\Pipeline\\Pipeline->{closure:Illuminate\\Pipeline\\Pipeline::prepareDestination():178}(Object(Illuminate\\Http\\Request))
#30 /Users/zawhtetnaung/Documents/Webprojects/ecommerce-api/vendor/laravel/framework/src/Illuminate/Foundation/Http/Middleware/ConvertEmptyStringsToNull.php(31): Illuminate\\Foundation\\Http\\Middleware\\TransformsRequest->handle(Object(Illuminate\\Http\\Request), Object(Closure))
#31 /Users/zawhtetnaung/Documents/Webprojects/ecommerce-api/vendor/laravel/framework/src/Illuminate/Pipeline/Pipeline.php(219): Illuminate\\Foundation\\Http\\Middleware\\ConvertEmptyStringsToNull->handle(Object(Illuminate\\Http\\Request), Object(Closure))
#32 /Users/zawhtetnaung/Documents/Webprojects/ecommerce-api/vendor/laravel/framework/src/Illuminate/Foundation/Http/Middleware/TransformsRequest.php(21): Illuminate\\Pipeline\\Pipeline->{closure:{closure:Illuminate\\Pipeline\\Pipeline::carry():194}:195}(Object(Illuminate\\Http\\Request))
#33 /Users/zawhtetnaung/Documents/Webprojects/ecommerce-api/vendor/laravel/framework/src/Illuminate/Foundation/Http/Middleware/TrimStrings.php(51): Illuminate\\Foundation\\Http\\Middleware\\TransformsRequest->handle(Object(Illuminate\\Http\\Request), Object(Closure))
#34 /Users/zawhtetnaung/Documents/Webprojects/ecommerce-api/vendor/laravel/framework/src/Illuminate/Pipeline/Pipeline.php(219): Illuminate\\Foundation\\Http\\Middleware\\TrimStrings->handle(Object(Illuminate\\Http\\Request), Object(Closure))
#35 /Users/zawhtetnaung/Documents/Webprojects/ecommerce-api/vendor/laravel/framework/src/Illuminate/Http/Middleware/ValidatePostSize.php(27): Illuminate\\Pipeline\\Pipeline->{closure:{closure:Illuminate\\Pipeline\\Pipeline::carry():194}:195}(Object(Illuminate\\Http\\Request))
#36 /Users/zawhtetnaung/Documents/Webprojects/ecommerce-api/vendor/laravel/framework/src/Illuminate/Pipeline/Pipeline.php(219): Illuminate\\Http\\Middleware\\ValidatePostSize->handle(Object(Illuminate\\Http\\Request), Object(Closure))
#37 /Users/zawhtetnaung/Documents/Webprojects/ecommerce-api/vendor/laravel/framework/src/Illuminate/Foundation/Http/Middleware/PreventRequestsDuringMaintenance.php(109): Illuminate\\Pipeline\\Pipeline->{closure:{closure:Illuminate\\Pipeline\\Pipeline::carry():194}:195}(Object(Illuminate\\Http\\Request))
#38 /Users/zawhtetnaung/Documents/Webprojects/ecommerce-api/vendor/laravel/framework/src/Illuminate/Pipeline/Pipeline.php(219): Illuminate\\Foundation\\Http\\Middleware\\PreventRequestsDuringMaintenance->handle(Object(Illuminate\\Http\\Request), Object(Closure))
#39 /Users/zawhtetnaung/Documents/Webprojects/ecommerce-api/vendor/laravel/framework/src/Illuminate/Http/Middleware/HandleCors.php(74): Illuminate\\Pipeline\\Pipeline->{closure:{closure:Illuminate\\Pipeline\\Pipeline::carry():194}:195}(Object(Illuminate\\Http\\Request))
#40 /Users/zawhtetnaung/Documents/Webprojects/ecommerce-api/vendor/laravel/framework/src/Illuminate/Pipeline/Pipeline.php(219): Illuminate\\Http\\Middleware\\HandleCors->handle(Object(Illuminate\\Http\\Request), Object(Closure))
#41 /Users/zawhtetnaung/Documents/Webprojects/ecommerce-api/vendor/laravel/framework/src/Illuminate/Http/Middleware/TrustProxies.php(58): Illuminate\\Pipeline\\Pipeline->{closure:{closure:Illuminate\\Pipeline\\Pipeline::carry():194}:195}(Object(Illuminate\\Http\\Request))
#42 /Users/zawhtetnaung/Documents/Webprojects/ecommerce-api/vendor/laravel/framework/src/Illuminate/Pipeline/Pipeline.php(219): Illuminate\\Http\\Middleware\\TrustProxies->handle(Object(Illuminate\\Http\\Request), Object(Closure))
#43 /Users/zawhtetnaung/Documents/Webprojects/ecommerce-api/vendor/laravel/framework/src/Illuminate/Foundation/Http/Middleware/InvokeDeferredCallbacks.php(22): Illuminate\\Pipeline\\Pipeline->{closure:{closure:Illuminate\\Pipeline\\Pipeline::carry():194}:195}(Object(Illuminate\\Http\\Request))
#44 /Users/zawhtetnaung/Documents/Webprojects/ecommerce-api/vendor/laravel/framework/src/Illuminate/Pipeline/Pipeline.php(219): Illuminate\\Foundation\\Http\\Middleware\\InvokeDeferredCallbacks->handle(Object(Illuminate\\Http\\Request), Object(Closure))
#45 /Users/zawhtetnaung/Documents/Webprojects/ecommerce-api/vendor/laravel/framework/src/Illuminate/Http/Middleware/ValidatePathEncoding.php(26): Illuminate\\Pipeline\\Pipeline->{closure:{closure:Illuminate\\Pipeline\\Pipeline::carry():194}:195}(Object(Illuminate\\Http\\Request))
#46 /Users/zawhtetnaung/Documents/Webprojects/ecommerce-api/vendor/laravel/framework/src/Illuminate/Pipeline/Pipeline.php(219): Illuminate\\Http\\Middleware\\ValidatePathEncoding->handle(Object(Illuminate\\Http\\Request), Object(Closure))
#47 /Users/zawhtetnaung/Documents/Webprojects/ecommerce-api/vendor/laravel/framework/src/Illuminate/Pipeline/Pipeline.php(137): Illuminate\\Pipeline\\Pipeline->{closure:{closure:Illuminate\\Pipeline\\Pipeline::carry():194}:195}(Object(Illuminate\\Http\\Request))
#48 /Users/zawhtetnaung/Documents/Webprojects/ecommerce-api/vendor/laravel/framework/src/Illuminate/Foundation/Http/Kernel.php(175): Illuminate\\Pipeline\\Pipeline->then(Object(Closure))
#49 /Users/zawhtetnaung/Documents/Webprojects/ecommerce-api/vendor/laravel/framework/src/Illuminate/Foundation/Http/Kernel.php(144): Illuminate\\Foundation\\Http\\Kernel->sendRequestThroughRouter(Object(Illuminate\\Http\\Request))
#50 /Users/zawhtetnaung/Documents/Webprojects/ecommerce-api/vendor/laravel/framework/src/Illuminate/Foundation/Application.php(1220): Illuminate\\Foundation\\Http\\Kernel->handle(Object(Illuminate\\Http\\Request))
#51 /Users/zawhtetnaung/Documents/Webprojects/ecommerce-api/public/index.php(20): Illuminate\\Foundation\\Application->handleRequest(Object(Illuminate\\Http\\Request))
#52 /Users/zawhtetnaung/Documents/Webprojects/ecommerce-api/vendor/laravel/framework/src/Illuminate/Foundation/resources/server.php(23): require_once('/Users/zawhtetn...')
#53 {main}

[previous exception] [object] (PDOException(code: HY000): SQLSTATE[HY000]: General error: 1 no such column: colors.image_path at /Users/zawhtetnaung/Documents/Webprojects/ecommerce-api/vendor/laravel/framework/src/Illuminate/Database/Connection.php:420)
[stacktrace]
#0 /Users/zawhtetnaung/Documents/Webprojects/ecommerce-api/vendor/laravel/framework/src/Illuminate/Database/Connection.php(420): PDO->prepare('select \"colors\"...')
#1 /Users/zawhtetnaung/Documents/Webprojects/ecommerce-api/vendor/laravel/framework/src/Illuminate/Database/Connection.php(827): Illuminate\\Database\\Connection->{closure:Illuminate\\Database\\Connection::select():411}('select \"colors\"...', Array)
#2 /Users/zawhtetnaung/Documents/Webprojects/ecommerce-api/vendor/laravel/framework/src/Illuminate/Database/Connection.php(794): Illuminate\\Database\\Connection->runQueryCallback('select \"colors\"...', Array, Object(Closure))
#3 /Users/zawhtetnaung/Documents/Webprojects/ecommerce-api/vendor/laravel/framework/src/Illuminate/Database/Connection.php(411): Illuminate\\Database\\Connection->run('select \"colors\"...', Array, Object(Closure))
#4 /Users/zawhtetnaung/Documents/Webprojects/ecommerce-api/vendor/laravel/framework/src/Illuminate/Database/Query/Builder.php(3389): Illuminate\\Database\\Connection->select('select \"colors\"...', Array, true)
#5 /Users/zawhtetnaung/Documents/Webprojects/ecommerce-api/vendor/laravel/framework/src/Illuminate/Database/Query/Builder.php(3374): Illuminate\\Database\\Query\\Builder->runSelect()
#6 /Users/zawhtetnaung/Documents/Webprojects/ecommerce-api/vendor/laravel/framework/src/Illuminate/Database/Query/Builder.php(3964): Illuminate\\Database\\Query\\Builder->{closure:Illuminate\\Database\\Query\\Builder::get():3373}()
#7 /Users/zawhtetnaung/Documents/Webprojects/ecommerce-api/vendor/laravel/framework/src/Illuminate/Database/Query/Builder.php(3373): Illuminate\\Database\\Query\\Builder->onceWithColumns(Array, Object(Closure))
#8 /Users/zawhtetnaung/Documents/Webprojects/ecommerce-api/vendor/laravel/framework/src/Illuminate/Database/Eloquent/Builder.php(902): Illuminate\\Database\\Query\\Builder->get(Array)
#9 /Users/zawhtetnaung/Documents/Webprojects/ecommerce-api/vendor/laravel/framework/src/Illuminate/Database/Eloquent/Relations/BelongsToMany.php(910): Illuminate\\Database\\Eloquent\\Builder->getModels()
#10 /Users/zawhtetnaung/Documents/Webprojects/ecommerce-api/vendor/laravel/framework/src/Illuminate/Database/Eloquent/Relations/Relation.php(175): Illuminate\\Database\\Eloquent\\Relations\\BelongsToMany->get()
#11 /Users/zawhtetnaung/Documents/Webprojects/ecommerce-api/vendor/laravel/framework/src/Illuminate/Database/Eloquent/Builder.php(950): Illuminate\\Database\\Eloquent\\Relations\\Relation->getEager()
#12 /Users/zawhtetnaung/Documents/Webprojects/ecommerce-api/vendor/laravel/framework/src/Illuminate/Database/Eloquent/Builder.php(919): Illuminate\\Database\\Eloquent\\Builder->eagerLoadRelation(Array, 'colors', Object(Closure))
#13 /Users/zawhtetnaung/Documents/Webprojects/ecommerce-api/vendor/laravel/framework/src/Illuminate/Database/Eloquent/Builder.php(885): Illuminate\\Database\\Eloquent\\Builder->eagerLoadRelations(Array)
#14 /Users/zawhtetnaung/Documents/Webprojects/ecommerce-api/app/Http/Controllers/Api/ProductController.php(28): Illuminate\\Database\\Eloquent\\Builder->get()
#15 /Users/zawhtetnaung/Documents/Webprojects/ecommerce-api/vendor/laravel/framework/src/Illuminate/Routing/ControllerDispatcher.php(46): App\\Http\\Controllers\\Api\\ProductController->index()
#16 /Users/zawhtetnaung/Documents/Webprojects/ecommerce-api/vendor/laravel/framework/src/Illuminate/Routing/Route.php(265): Illuminate\\Routing\\ControllerDispatcher->dispatch(Object(Illuminate\\Routing\\Route), Object(App\\Http\\Controllers\\Api\\ProductController), 'index')
#17 /Users/zawhtetnaung/Documents/Webprojects/ecommerce-api/vendor/laravel/framework/src/Illuminate/Routing/Route.php(211): Illuminate\\Routing\\Route->runController()
#18 /Users/zawhtetnaung/Documents/Webprojects/ecommerce-api/vendor/laravel/framework/src/Illuminate/Routing/Router.php(822): Illuminate\\Routing\\Route->run()
#19 /Users/zawhtetnaung/Documents/Webprojects/ecommerce-api/vendor/laravel/framework/src/Illuminate/Pipeline/Pipeline.php(180): Illuminate\\Routing\\Router->{closure:Illuminate\\Routing\\Router::runRouteWithinStack():821}(Object(Illuminate\\Http\\Request))
#20 /Users/zawhtetnaung/Documents/Webprojects/ecommerce-api/vendor/laravel/framework/src/Illuminate/Routing/Middleware/SubstituteBindings.php(50): Illuminate\\Pipeline\\Pipeline->{closure:Illuminate\\Pipeline\\Pipeline::prepareDestination():178}(Object(Illuminate\\Http\\Request))
#21 /Users/zawhtetnaung/Documents/Webprojects/ecommerce-api/vendor/laravel/framework/src/Illuminate/Pipeline/Pipeline.php(219): Illuminate\\Routing\\Middleware\\SubstituteBindings->handle(Object(Illuminate\\Http\\Request), Object(Closure))
#22 /Users/zawhtetnaung/Documents/Webprojects/ecommerce-api/vendor/laravel/framework/src/Illuminate/Auth/Middleware/Authenticate.php(63): Illuminate\\Pipeline\\Pipeline->{closure:{closure:Illuminate\\Pipeline\\Pipeline::carry():194}:195}(Object(Illuminate\\Http\\Request))
#23 /Users/zawhtetnaung/Documents/Webprojects/ecommerce-api/vendor/laravel/framework/src/Illuminate/Pipeline/Pipeline.php(219): Illuminate\\Auth\\Middleware\\Authenticate->handle(Object(Illuminate\\Http\\Request), Object(Closure), 'sanctum')
#24 /Users/zawhtetnaung/Documents/Webprojects/ecommerce-api/vendor/laravel/framework/src/Illuminate/Pipeline/Pipeline.php(137): Illuminate\\Pipeline\\Pipeline->{closure:{closure:Illuminate\\Pipeline\\Pipeline::carry():194}:195}(Object(Illuminate\\Http\\Request))
#25 /Users/zawhtetnaung/Documents/Webprojects/ecommerce-api/vendor/laravel/framework/src/Illuminate/Routing/Router.php(821): Illuminate\\Pipeline\\Pipeline->then(Object(Closure))
#26 /Users/zawhtetnaung/Documents/Webprojects/ecommerce-api/vendor/laravel/framework/src/Illuminate/Routing/Router.php(800): Illuminate\\Routing\\Router->runRouteWithinStack(Object(Illuminate\\Routing\\Route), Object(Illuminate\\Http\\Request))
#27 /Users/zawhtetnaung/Documents/Webprojects/ecommerce-api/vendor/laravel/framework/src/Illuminate/Routing/Router.php(764): Illuminate\\Routing\\Router->runRoute(Object(Illuminate\\Http\\Request), Object(Illuminate\\Routing\\Route))
#28 /Users/zawhtetnaung/Documents/Webprojects/ecommerce-api/vendor/laravel/framework/src/Illuminate/Routing/Router.php(753): Illuminate\\Routing\\Router->dispatchToRoute(Object(Illuminate\\Http\\Request))
#29 /Users/zawhtetnaung/Documents/Webprojects/ecommerce-api/vendor/laravel/framework/src/Illuminate/Foundation/Http/Kernel.php(200): Illuminate\\Routing\\Router->dispatch(Object(Illuminate\\Http\\Request))
#30 /Users/zawhtetnaung/Documents/Webprojects/ecommerce-api/vendor/laravel/framework/src/Illuminate/Pipeline/Pipeline.php(180): Illuminate\\Foundation\\Http\\Kernel->{closure:Illuminate\\Foundation\\Http\\Kernel::dispatchToRouter():197}(Object(Illuminate\\Http\\Request))
#31 /Users/zawhtetnaung/Documents/Webprojects/ecommerce-api/vendor/laravel/framework/src/Illuminate/Foundation/Http/Middleware/TransformsRequest.php(21): Illuminate\\Pipeline\\Pipeline->{closure:Illuminate\\Pipeline\\Pipeline::prepareDestination():178}(Object(Illuminate\\Http\\Request))
#32 /Users/zawhtetnaung/Documents/Webprojects/ecommerce-api/vendor/laravel/framework/src/Illuminate/Foundation/Http/Middleware/ConvertEmptyStringsToNull.php(31): Illuminate\\Foundation\\Http\\Middleware\\TransformsRequest->handle(Object(Illuminate\\Http\\Request), Object(Closure))
#33 /Users/zawhtetnaung/Documents/Webprojects/ecommerce-api/vendor/laravel/framework/src/Illuminate/Pipeline/Pipeline.php(219): Illuminate\\Foundation\\Http\\Middleware\\ConvertEmptyStringsToNull->handle(Object(Illuminate\\Http\\Request), Object(Closure))
#34 /Users/zawhtetnaung/Documents/Webprojects/ecommerce-api/vendor/laravel/framework/src/Illuminate/Foundation/Http/Middleware/TransformsRequest.php(21): Illuminate\\Pipeline\\Pipeline->{closure:{closure:Illuminate\\Pipeline\\Pipeline::carry():194}:195}(Object(Illuminate\\Http\\Request))
#35 /Users/zawhtetnaung/Documents/Webprojects/ecommerce-api/vendor/laravel/framework/src/Illuminate/Foundation/Http/Middleware/TrimStrings.php(51): Illuminate\\Foundation\\Http\\Middleware\\TransformsRequest->handle(Object(Illuminate\\Http\\Request), Object(Closure))
#36 /Users/zawhtetnaung/Documents/Webprojects/ecommerce-api/vendor/laravel/framework/src/Illuminate/Pipeline/Pipeline.php(219): Illuminate\\Foundation\\Http\\Middleware\\TrimStrings->handle(Object(Illuminate\\Http\\Request), Object(Closure))
#37 /Users/zawhtetnaung/Documents/Webprojects/ecommerce-api/vendor/laravel/framework/src/Illuminate/Http/Middleware/ValidatePostSize.php(27): Illuminate\\Pipeline\\Pipeline->{closure:{closure:Illuminate\\Pipeline\\Pipeline::carry():194}:195}(Object(Illuminate\\Http\\Request))
#38 /Users/zawhtetnaung/Documents/Webprojects/ecommerce-api/vendor/laravel/framework/src/Illuminate/Pipeline/Pipeline.php(219): Illuminate\\Http\\Middleware\\ValidatePostSize->handle(Object(Illuminate\\Http\\Request), Object(Closure))
#39 /Users/zawhtetnaung/Documents/Webprojects/ecommerce-api/vendor/laravel/framework/src/Illuminate/Foundation/Http/Middleware/PreventRequestsDuringMaintenance.php(109): Illuminate\\Pipeline\\Pipeline->{closure:{closure:Illuminate\\Pipeline\\Pipeline::carry():194}:195}(Object(Illuminate\\Http\\Request))
#40 /Users/zawhtetnaung/Documents/Webprojects/ecommerce-api/vendor/laravel/framework/src/Illuminate/Pipeline/Pipeline.php(219): Illuminate\\Foundation\\Http\\Middleware\\PreventRequestsDuringMaintenance->handle(Object(Illuminate\\Http\\Request), Object(Closure))
#41 /Users/zawhtetnaung/Documents/Webprojects/ecommerce-api/vendor/laravel/framework/src/Illuminate/Http/Middleware/HandleCors.php(74): Illuminate\\Pipeline\\Pipeline->{closure:{closure:Illuminate\\Pipeline\\Pipeline::carry():194}:195}(Object(Illuminate\\Http\\Request))
#42 /Users/zawhtetnaung/Documents/Webprojects/ecommerce-api/vendor/laravel/framework/src/Illuminate/Pipeline/Pipeline.php(219): Illuminate\\Http\\Middleware\\HandleCors->handle(Object(Illuminate\\Http\\Request), Object(Closure))
#43 /Users/zawhtetnaung/Documents/Webprojects/ecommerce-api/vendor/laravel/framework/src/Illuminate/Http/Middleware/TrustProxies.php(58): Illuminate\\Pipeline\\Pipeline->{closure:{closure:Illuminate\\Pipeline\\Pipeline::carry():194}:195}(Object(Illuminate\\Http\\Request))
#44 /Users/zawhtetnaung/Documents/Webprojects/ecommerce-api/vendor/laravel/framework/src/Illuminate/Pipeline/Pipeline.php(219): Illuminate\\Http\\Middleware\\TrustProxies->handle(Object(Illuminate\\Http\\Request), Object(Closure))
#45 /Users/zawhtetnaung/Documents/Webprojects/ecommerce-api/vendor/laravel/framework/src/Illuminate/Foundation/Http/Middleware/InvokeDeferredCallbacks.php(22): Illuminate\\Pipeline\\Pipeline->{closure:{closure:Illuminate\\Pipeline\\Pipeline::carry():194}:195}(Object(Illuminate\\Http\\Request))
#46 /Users/zawhtetnaung/Documents/Webprojects/ecommerce-api/vendor/laravel/framework/src/Illuminate/Pipeline/Pipeline.php(219): Illuminate\\Foundation\\Http\\Middleware\\InvokeDeferredCallbacks->handle(Object(Illuminate\\Http\\Request), Object(Closure))
#47 /Users/zawhtetnaung/Documents/Webprojects/ecommerce-api/vendor/laravel/framework/src/Illuminate/Http/Middleware/ValidatePathEncoding.php(26): Illuminate\\Pipeline\\Pipeline->{closure:{closure:Illuminate\\Pipeline\\Pipeline::carry():194}:195}(Object(Illuminate\\Http\\Request))
#48 /Users/zawhtetnaung/Documents/Webprojects/ecommerce-api/vendor/laravel/framework/src/Illuminate/Pipeline/Pipeline.php(219): Illuminate\\Http\\Middleware\\ValidatePathEncoding->handle(Object(Illuminate\\Http\\Request), Object(Closure))
#49 /Users/zawhtetnaung/Documents/Webprojects/ecommerce-api/vendor/laravel/framework/src/Illuminate/Pipeline/Pipeline.php(137): Illuminate\\Pipeline\\Pipeline->{closure:{closure:Illuminate\\Pipeline\\Pipeline::carry():194}:195}(Object(Illuminate\\Http\\Request))
#50 /Users/zawhtetnaung/Documents/Webprojects/ecommerce-api/vendor/laravel/framework/src/Illuminate/Foundation/Http/Kernel.php(175): Illuminate\\Pipeline\\Pipeline->then(Object(Closure))
#51 /Users/zawhtetnaung/Documents/Webprojects/ecommerce-api/vendor/laravel/framework/src/Illuminate/Foundation/Http/Kernel.php(144): Illuminate\\Foundation\\Http\\Kernel->sendRequestThroughRouter(Object(Illuminate\\Http\\Request))
#52 /Users/zawhtetnaung/Documents/Webprojects/ecommerce-api/vendor/laravel/framework/src/Illuminate/Foundation/Application.php(1220): Illuminate\\Foundation\\Http\\Kernel->handle(Object(Illuminate\\Http\\Request))
#53 /Users/zawhtetnaung/Documents/Webprojects/ecommerce-api/public/index.php(20): Illuminate\\Foundation\\Application->handleRequest(Object(Illuminate\\Http\\Request))
#54 /Users/zawhtetnaung/Documents/Webprojects/ecommerce-api/vendor/laravel/framework/src/Illuminate/Foundation/resources/server.php(23): require_once('/Users/zawhtetn...')
#55 {main}
"} 
[2026-02-04 15:13:25] local.ERROR: SQLSTATE[HY000]: General error: 1 no such column: colors.image_path (Connection: sqlite, Database: /Users/zawhtetnaung/Documents/Webprojects/ecommerce-api/database/database.sqlite, SQL: select "colors"."id", "colors"."name", "colors"."image_path", "colors"."is_active", "color_product"."product_id" as "pivot_product_id", "color_product"."color_id" as "pivot_color_id" from "colors" inner join "color_product" on "colors"."id" = "color_product"."color_id" where "color_product"."product_id" in (1, 2)) {"userId":2,"exception":"[object] (Illuminate\\Database\\QueryException(code: HY000): SQLSTATE[HY000]: General error: 1 no such column: colors.image_path (Connection: sqlite, Database: /Users/zawhtetnaung/Documents/Webprojects/ecommerce-api/database/database.sqlite, SQL: select \"colors\".\"id\", \"colors\".\"name\", \"colors\".\"image_path\", \"colors\".\"is_active\", \"color_product\".\"product_id\" as \"pivot_product_id\", \"color_product\".\"color_id\" as \"pivot_color_id\" from \"colors\" inner join \"color_product\" on \"colors\".\"id\" = \"color_product\".\"color_id\" where \"color_product\".\"product_id\" in (1, 2)) at /Users/zawhtetnaung/Documents/Webprojects/ecommerce-api/vendor/laravel/framework/src/Illuminate/Database/Connection.php:838)
[stacktrace]
#0 /Users/zawhtetnaung/Documents/Webprojects/ecommerce-api/vendor/laravel/framework/src/Illuminate/Database/Connection.php(794): Illuminate\\Database\\Connection->runQueryCallback('select \"colors\"...', Array, Object(Closure))
#1 /Users/zawhtetnaung/Documents/Webprojects/ecommerce-api/vendor/laravel/framework/src/Illuminate/Database/Connection.php(411): Illuminate\\Database\\Connection->run('select \"colors\"...', Array, Object(Closure))
#2 /Users/zawhtetnaung/Documents/Webprojects/ecommerce-api/vendor/laravel/framework/src/Illuminate/Database/Query/Builder.php(3389): Illuminate\\Database\\Connection->select('select \"colors\"...', Array, true)
#3 /Users/zawhtetnaung/Documents/Webprojects/ecommerce-api/vendor/laravel/framework/src/Illuminate/Database/Query/Builder.php(3374): Illuminate\\Database\\Query\\Builder->runSelect()
#4 /Users/zawhtetnaung/Documents/Webprojects/ecommerce-api/vendor/laravel/framework/src/Illuminate/Database/Query/Builder.php(3964): Illuminate\\Database\\Query\\Builder->{closure:Illuminate\\Database\\Query\\Builder::get():3373}()
#5 /Users/zawhtetnaung/Documents/Webprojects/ecommerce-api/vendor/laravel/framework/src/Illuminate/Database/Query/Builder.php(3373): Illuminate\\Database\\Query\\Builder->onceWithColumns(Array, Object(Closure))
#6 /Users/zawhtetnaung/Documents/Webprojects/ecommerce-api/vendor/laravel/framework/src/Illuminate/Database/Eloquent/Builder.php(902): Illuminate\\Database\\Query\\Builder->get(Array)
#7 /Users/zawhtetnaung/Documents/Webprojects/ecommerce-api/vendor/laravel/framework/src/Illuminate/Database/Eloquent/Relations/BelongsToMany.php(910): Illuminate\\Database\\Eloquent\\Builder->getModels()
#8 /Users/zawhtetnaung/Documents/Webprojects/ecommerce-api/vendor/laravel/framework/src/Illuminate/Database/Eloquent/Relations/Relation.php(175): Illuminate\\Database\\Eloquent\\Relations\\BelongsToMany->get()
#9 /Users/zawhtetnaung/Documents/Webprojects/ecommerce-api/vendor/laravel/framework/src/Illuminate/Database/Eloquent/Builder.php(950): Illuminate\\Database\\Eloquent\\Relations\\Relation->getEager()
#10 /Users/zawhtetnaung/Documents/Webprojects/ecommerce-api/vendor/laravel/framework/src/Illuminate/Database/Eloquent/Builder.php(919): Illuminate\\Database\\Eloquent\\Builder->eagerLoadRelation(Array, 'colors', Object(Closure))
#11 /Users/zawhtetnaung/Documents/Webprojects/ecommerce-api/vendor/laravel/framework/src/Illuminate/Database/Eloquent/Builder.php(885): Illuminate\\Database\\Eloquent\\Builder->eagerLoadRelations(Array)
#12 /Users/zawhtetnaung/Documents/Webprojects/ecommerce-api/app/Http/Controllers/Api/ProductController.php(28): Illuminate\\Database\\Eloquent\\Builder->get()
#13 /Users/zawhtetnaung/Documents/Webprojects/ecommerce-api/vendor/laravel/framework/src/Illuminate/Routing/ControllerDispatcher.php(46): App\\Http\\Controllers\\Api\\ProductController->index()
#14 /Users/zawhtetnaung/Documents/Webprojects/ecommerce-api/vendor/laravel/framework/src/Illuminate/Routing/Route.php(265): Illuminate\\Routing\\ControllerDispatcher->dispatch(Object(Illuminate\\Routing\\Route), Object(App\\Http\\Controllers\\Api\\ProductController), 'index')
#15 /Users/zawhtetnaung/Documents/Webprojects/ecommerce-api/vendor/laravel/framework/src/Illuminate/Routing/Route.php(211): Illuminate\\Routing\\Route->runController()
#16 /Users/zawhtetnaung/Documents/Webprojects/ecommerce-api/vendor/laravel/framework/src/Illuminate/Routing/Router.php(822): Illuminate\\Routing\\Route->run()
#17 /Users/zawhtetnaung/Documents/Webprojects/ecommerce-api/vendor/laravel/framework/src/Illuminate/Pipeline/Pipeline.php(180): Illuminate\\Routing\\Router->{closure:Illuminate\\Routing\\Router::runRouteWithinStack():821}(Object(Illuminate\\Http\\Request))
#18 /Users/zawhtetnaung/Documents/Webprojects/ecommerce-api/vendor/laravel/framework/src/Illuminate/Routing/Middleware/SubstituteBindings.php(50): Illuminate\\Pipeline\\Pipeline->{closure:Illuminate\\Pipeline\\Pipeline::prepareDestination():178}(Object(Illuminate\\Http\\Request))
#19 /Users/zawhtetnaung/Documents/Webprojects/ecommerce-api/vendor/laravel/framework/src/Illuminate/Pipeline/Pipeline.php(219): Illuminate\\Routing\\Middleware\\SubstituteBindings->handle(Object(Illuminate\\Http\\Request), Object(Closure))
#20 /Users/zawhtetnaung/Documents/Webprojects/ecommerce-api/vendor/laravel/framework/src/Illuminate/Auth/Middleware/Authenticate.php(63): Illuminate\\Pipeline\\Pipeline->{closure:{closure:Illuminate\\Pipeline\\Pipeline::carry():194}:195}(Object(Illuminate\\Http\\Request))
#21 /Users/zawhtetnaung/Documents/Webprojects/ecommerce-api/vendor/laravel/framework/src/Illuminate/Pipeline/Pipeline.php(219): Illuminate\\Auth\\Middleware\\Authenticate->handle(Object(Illuminate\\Http\\Request), Object(Closure), 'sanctum')
#22 /Users/zawhtetnaung/Documents/Webprojects/ecommerce-api/vendor/laravel/framework/src/Illuminate/Pipeline/Pipeline.php(137): Illuminate\\Pipeline\\Pipeline->{closure:{closure:Illuminate\\Pipeline\\Pipeline::carry():194}:195}(Object(Illuminate\\Http\\Request))
#23 /Users/zawhtetnaung/Documents/Webprojects/ecommerce-api/vendor/laravel/framework/src/Illuminate/Routing/Router.php(821): Illuminate\\Pipeline\\Pipeline->then(Object(Closure))
#24 /Users/zawhtetnaung/Documents/Webprojects/ecommerce-api/vendor/laravel/framework/src/Illuminate/Routing/Router.php(800): Illuminate\\Routing\\Router->runRouteWithinStack(Object(Illuminate\\Routing\\Route), Object(Illuminate\\Http\\Request))
#25 /Users/zawhtetnaung/Documents/Webprojects/ecommerce-api/vendor/laravel/framework/src/Illuminate/Routing/Router.php(764): Illuminate\\Routing\\Router->runRoute(Object(Illuminate\\Http\\Request), Object(Illuminate\\Routing\\Route))
#26 /Users/zawhtetnaung/Documents/Webprojects/ecommerce-api/vendor/laravel/framework/src/Illuminate/Routing/Router.php(753): Illuminate\\Routing\\Router->dispatchToRoute(Object(Illuminate\\Http\\Request))
#27 /Users/zawhtetnaung/Documents/Webprojects/ecommerce-api/vendor/laravel/framework/src/Illuminate/Foundation/Http/Kernel.php(200): Illuminate\\Routing\\Router->dispatch(Object(Illuminate\\Http\\Request))
#28 /Users/zawhtetnaung/Documents/Webprojects/ecommerce-api/vendor/laravel/framework/src/Illuminate/Pipeline/Pipeline.php(180): Illuminate\\Foundation\\Http\\Kernel->{closure:Illuminate\\Foundation\\Http\\Kernel::dispatchToRouter():197}(Object(Illuminate\\Http\\Request))
#29 /Users/zawhtetnaung/Documents/Webprojects/ecommerce-api/vendor/laravel/framework/src/Illuminate/Foundation/Http/Middleware/TransformsRequest.php(21): Illuminate\\Pipeline\\Pipeline->{closure:Illuminate\\Pipeline\\Pipeline::prepareDestination():178}(Object(Illuminate\\Http\\Request))
#30 /Users/zawhtetnaung/Documents/Webprojects/ecommerce-api/vendor/laravel/framework/src/Illuminate/Foundation/Http/Middleware/ConvertEmptyStringsToNull.php(31): Illuminate\\Foundation\\Http\\Middleware\\TransformsRequest->handle(Object(Illuminate\\Http\\Request), Object(Closure))
#31 /Users/zawhtetnaung/Documents/Webprojects/ecommerce-api/vendor/laravel/framework/src/Illuminate/Pipeline/Pipeline.php(219): Illuminate\\Foundation\\Http\\Middleware\\ConvertEmptyStringsToNull->handle(Object(Illuminate\\Http\\Request), Object(Closure))
#32 /Users/zawhtetnaung/Documents/Webprojects/ecommerce-api/vendor/laravel/framework/src/Illuminate/Foundation/Http/Middleware/TransformsRequest.php(21): Illuminate\\Pipeline\\Pipeline->{closure:{closure:Illuminate\\Pipeline\\Pipeline::carry():194}:195}(Object(Illuminate\\Http\\Request))
#33 /Users/zawhtetnaung/Documents/Webprojects/ecommerce-api/vendor/laravel/framework/src/Illuminate/Foundation/Http/Middleware/TrimStrings.php(51): Illuminate\\Foundation\\Http\\Middleware\\TransformsRequest->handle(Object(Illuminate\\Http\\Request), Object(Closure))
#34 /Users/zawhtetnaung/Documents/Webprojects/ecommerce-api/vendor/laravel/framework/src/Illuminate/Pipeline/Pipeline.php(219): Illuminate\\Foundation\\Http\\Middleware\\TrimStrings->handle(Object(Illuminate\\Http\\Request), Object(Closure))
#35 /Users/zawhtetnaung/Documents/Webprojects/ecommerce-api/vendor/laravel/framework/src/Illuminate/Http/Middleware/ValidatePostSize.php(27): Illuminate\\Pipeline\\Pipeline->{closure:{closure:Illuminate\\Pipeline\\Pipeline::carry():194}:195}(Object(Illuminate\\Http\\Request))
#36 /Users/zawhtetnaung/Documents/Webprojects/ecommerce-api/vendor/laravel/framework/src/Illuminate/Pipeline/Pipeline.php(219): Illuminate\\Http\\Middleware\\ValidatePostSize->handle(Object(Illuminate\\Http\\Request), Object(Closure))
#37 /Users/zawhtetnaung/Documents/Webprojects/ecommerce-api/vendor/laravel/framework/src/Illuminate/Foundation/Http/Middleware/PreventRequestsDuringMaintenance.php(109): Illuminate\\Pipeline\\Pipeline->{closure:{closure:Illuminate\\Pipeline\\Pipeline::carry():194}:195}(Object(Illuminate\\Http\\Request))
#38 /Users/zawhtetnaung/Documents/Webprojects/ecommerce-api/vendor/laravel/framework/src/Illuminate/Pipeline/Pipeline.php(219): Illuminate\\Foundation\\Http\\Middleware\\PreventRequestsDuringMaintenance->handle(Object(Illuminate\\Http\\Request), Object(Closure))
#39 /Users/zawhtetnaung/Documents/Webprojects/ecommerce-api/vendor/laravel/framework/src/Illuminate/Http/Middleware/HandleCors.php(74): Illuminate\\Pipeline\\Pipeline->{closure:{closure:Illuminate\\Pipeline\\Pipeline::carry():194}:195}(Object(Illuminate\\Http\\Request))
#40 /Users/zawhtetnaung/Documents/Webprojects/ecommerce-api/vendor/laravel/framework/src/Illuminate/Pipeline/Pipeline.php(219): Illuminate\\Http\\Middleware\\HandleCors->handle(Object(Illuminate\\Http\\Request), Object(Closure))
#41 /Users/zawhtetnaung/Documents/Webprojects/ecommerce-api/vendor/laravel/framework/src/Illuminate/Http/Middleware/TrustProxies.php(58): Illuminate\\Pipeline\\Pipeline->{closure:{closure:Illuminate\\Pipeline\\Pipeline::carry():194}:195}(Object(Illuminate\\Http\\Request))
#42 /Users/zawhtetnaung/Documents/Webprojects/ecommerce-api/vendor/laravel/framework/src/Illuminate/Pipeline/Pipeline.php(219): Illuminate\\Http\\Middleware\\TrustProxies->handle(Object(Illuminate\\Http\\Request), Object(Closure))
#43 /Users/zawhtetnaung/Documents/Webprojects/ecommerce-api/vendor/laravel/framework/src/Illuminate/Foundation/Http/Middleware/InvokeDeferredCallbacks.php(22): Illuminate\\Pipeline\\Pipeline->{closure:{closure:Illuminate\\Pipeline\\Pipeline::carry():194}:195}(Object(Illuminate\\Http\\Request))
#44 /Users/zawhtetnaung/Documents/Webprojects/ecommerce-api/vendor/laravel/framework/src/Illuminate/Pipeline/Pipeline.php(219): Illuminate\\Foundation\\Http\\Middleware\\InvokeDeferredCallbacks->handle(Object(Illuminate\\Http\\Request), Object(Closure))
#45 /Users/zawhtetnaung/Documents/Webprojects/ecommerce-api/vendor/laravel/framework/src/Illuminate/Http/Middleware/ValidatePathEncoding.php(26): Illuminate\\Pipeline\\Pipeline->{closure:{closure:Illuminate\\Pipeline\\Pipeline::carry():194}:195}(Object(Illuminate\\Http\\Request))
#46 /Users/zawhtetnaung/Documents/Webprojects/ecommerce-api/vendor/laravel/framework/src/Illuminate/Pipeline/Pipeline.php(219): Illuminate\\Http\\Middleware\\ValidatePathEncoding->handle(Object(Illuminate\\Http\\Request), Object(Closure))
#47 /Users/zawhtetnaung/Documents/Webprojects/ecommerce-api/vendor/laravel/framework/src/Illuminate/Pipeline/Pipeline.php(137): Illuminate\\Pipeline\\Pipeline->{closure:{closure:Illuminate\\Pipeline\\Pipeline::carry():194}:195}(Object(Illuminate\\Http\\Request))
#48 /Users/zawhtetnaung/Documents/Webprojects/ecommerce-api/vendor/laravel/framework/src/Illuminate/Foundation/Http/Kernel.php(175): Illuminate\\Pipeline\\Pipeline->then(Object(Closure))
#49 /Users/zawhtetnaung/Documents/Webprojects/ecommerce-api/vendor/laravel/framework/src/Illuminate/Foundation/Http/Kernel.php(144): Illuminate\\Foundation\\Http\\Kernel->sendRequestThroughRouter(Object(Illuminate\\Http\\Request))
#50 /Users/zawhtetnaung/Documents/Webprojects/ecommerce-api/vendor/laravel/framework/src/Illuminate/Foundation/Application.php(1220): Illuminate\\Foundation\\Http\\Kernel->handle(Object(Illuminate\\Http\\Request))
#51 /Users/zawhtetnaung/Documents/Webprojects/ecommerce-api/public/index.php(20): Illuminate\\Foundation\\Application->handleRequest(Object(Illuminate\\Http\\Request))
#52 /Users/zawhtetnaung/Documents/Webprojects/ecommerce-api/vendor/laravel/framework/src/Illuminate/Foundation/resources/server.php(23): require_once('/Users/zawhtetn...')
#53 {main}

[previous exception] [object] (PDOException(code: HY000): SQLSTATE[HY000]: General error: 1 no such column: colors.image_path at /Users/zawhtetnaung/Documents/Webprojects/ecommerce-api/vendor/laravel/framework/src/Illuminate/Database/Connection.php:420)
[stacktrace]
#0 /Users/zawhtetnaung/Documents/Webprojects/ecommerce-api/vendor/laravel/framework/src/Illuminate/Database/Connection.php(420): PDO->prepare('select \"colors\"...')
#1 /Users/zawhtetnaung/Documents/Webprojects/ecommerce-api/vendor/laravel/framework/src/Illuminate/Database/Connection.php(827): Illuminate\\Database\\Connection->{closure:Illuminate\\Database\\Connection::select():411}('select \"colors\"...', Array)
#2 /Users/zawhtetnaung/Documents/Webprojects/ecommerce-api/vendor/laravel/framework/src/Illuminate/Database/Connection.php(794): Illuminate\\Database\\Connection->runQueryCallback('select \"colors\"...', Array, Object(Closure))
#3 /Users/zawhtetnaung/Documents/Webprojects/ecommerce-api/vendor/laravel/framework/src/Illuminate/Database/Connection.php(411): Illuminate\\Database\\Connection->run('select \"colors\"...', Array, Object(Closure))
#4 /Users/zawhtetnaung/Documents/Webprojects/ecommerce-api/vendor/laravel/framework/src/Illuminate/Database/Query/Builder.php(3389): Illuminate\\Database\\Connection->select('select \"colors\"...', Array, true)
#5 /Users/zawhtetnaung/Documents/Webprojects/ecommerce-api/vendor/laravel/framework/src/Illuminate/Database/Query/Builder.php(3374): Illuminate\\Database\\Query\\Builder->runSelect()
#6 /Users/zawhtetnaung/Documents/Webprojects/ecommerce-api/vendor/laravel/framework/src/Illuminate/Database/Query/Builder.php(3964): Illuminate\\Database\\Query\\Builder->{closure:Illuminate\\Database\\Query\\Builder::get():3373}()
#7 /Users/zawhtetnaung/Documents/Webprojects/ecommerce-api/vendor/laravel/framework/src/Illuminate/Database/Query/Builder.php(3373): Illuminate\\Database\\Query\\Builder->onceWithColumns(Array, Object(Closure))
#8 /Users/zawhtetnaung/Documents/Webprojects/ecommerce-api/vendor/laravel/framework/src/Illuminate/Database/Eloquent/Builder.php(902): Illuminate\\Database\\Query\\Builder->get(Array)
#9 /Users/zawhtetnaung/Documents/Webprojects/ecommerce-api/vendor/laravel/framework/src/Illuminate/Database/Eloquent/Relations/BelongsToMany.php(910): Illuminate\\Database\\Eloquent\\Builder->getModels()
#10 /Users/zawhtetnaung/Documents/Webprojects/ecommerce-api/vendor/laravel/framework/src/Illuminate/Database/Eloquent/Relations/Relation.php(175): Illuminate\\Database\\Eloquent\\Relations\\BelongsToMany->get()
#11 /Users/zawhtetnaung/Documents/Webprojects/ecommerce-api/vendor/laravel/framework/src/Illuminate/Database/Eloquent/Builder.php(950): Illuminate\\Database\\Eloquent\\Relations\\Relation->getEager()
#12 /Users/zawhtetnaung/Documents/Webprojects/ecommerce-api/vendor/laravel/framework/src/Illuminate/Database/Eloquent/Builder.php(919): Illuminate\\Database\\Eloquent\\Builder->eagerLoadRelation(Array, 'colors', Object(Closure))
#13 /Users/zawhtetnaung/Documents/Webprojects/ecommerce-api/vendor/laravel/framework/src/Illuminate/Database/Eloquent/Builder.php(885): Illuminate\\Database\\Eloquent\\Builder->eagerLoadRelations(Array)
#14 /Users/zawhtetnaung/Documents/Webprojects/ecommerce-api/app/Http/Controllers/Api/ProductController.php(28): Illuminate\\Database\\Eloquent\\Builder->get()
#15 /Users/zawhtetnaung/Documents/Webprojects/ecommerce-api/vendor/laravel/framework/src/Illuminate/Routing/ControllerDispatcher.php(46): App\\Http\\Controllers\\Api\\ProductController->index()
#16 /Users/zawhtetnaung/Documents/Webprojects/ecommerce-api/vendor/laravel/framework/src/Illuminate/Routing/Route.php(265): Illuminate\\Routing\\ControllerDispatcher->dispatch(Object(Illuminate\\Routing\\Route), Object(App\\Http\\Controllers\\Api\\ProductController), 'index')
#17 /Users/zawhtetnaung/Documents/Webprojects/ecommerce-api/vendor/laravel/framework/src/Illuminate/Routing/Route.php(211): Illuminate\\Routing\\Route->runController()
#18 /Users/zawhtetnaung/Documents/Webprojects/ecommerce-api/vendor/laravel/framework/src/Illuminate/Routing/Router.php(822): Illuminate\\Routing\\Route->run()
#19 /Users/zawhtetnaung/Documents/Webprojects/ecommerce-api/vendor/laravel/framework/src/Illuminate/Pipeline/Pipeline.php(180): Illuminate\\Routing\\Router->{closure:Illuminate\\Routing\\Router::runRouteWithinStack():821}(Object(Illuminate\\Http\\Request))
#20 /Users/zawhtetnaung/Documents/Webprojects/ecommerce-api/vendor/laravel/framework/src/Illuminate/Routing/Middleware/SubstituteBindings.php(50): Illuminate\\Pipeline\\Pipeline->{closure:Illuminate\\Pipeline\\Pipeline::prepareDestination():178}(Object(Illuminate\\Http\\Request))
#21 /Users/zawhtetnaung/Documents/Webprojects/ecommerce-api/vendor/laravel/framework/src/Illuminate/Pipeline/Pipeline.php(219): Illuminate\\Routing\\Middleware\\SubstituteBindings->handle(Object(Illuminate\\Http\\Request), Object(Closure))
#22 /Users/zawhtetnaung/Documents/Webprojects/ecommerce-api/vendor/laravel/framework/src/Illuminate/Auth/Middleware/Authenticate.php(63): Illuminate\\Pipeline\\Pipeline->{closure:{closure:Illuminate\\Pipeline\\Pipeline::carry():194}:195}(Object(Illuminate\\Http\\Request))
#23 /Users/zawhtetnaung/Documents/Webprojects/ecommerce-api/vendor/laravel/framework/src/Illuminate/Pipeline/Pipeline.php(219): Illuminate\\Auth\\Middleware\\Authenticate->handle(Object(Illuminate\\Http\\Request), Object(Closure), 'sanctum')
#24 /Users/zawhtetnaung/Documents/Webprojects/ecommerce-api/vendor/laravel/framework/src/Illuminate/Pipeline/Pipeline.php(137): Illuminate\\Pipeline\\Pipeline->{closure:{closure:Illuminate\\Pipeline\\Pipeline::carry():194}:195}(Object(Illuminate\\Http\\Request))
#25 /Users/zawhtetnaung/Documents/Webprojects/ecommerce-api/vendor/laravel/framework/src/Illuminate/Routing/Router.php(821): Illuminate\\Pipeline\\Pipeline->then(Object(Closure))
#26 /Users/zawhtetnaung/Documents/Webprojects/ecommerce-api/vendor/laravel/framework/src/Illuminate/Routing/Router.php(800): Illuminate\\Routing\\Router->runRouteWithinStack(Object(Illuminate\\Routing\\Route), Object(Illuminate\\Http\\Request))
#27 /Users/zawhtetnaung/Documents/Webprojects/ecommerce-api/vendor/laravel/framework/src/Illuminate/Routing/Router.php(764): Illuminate\\Routing\\Router->runRoute(Object(Illuminate\\Http\\Request), Object(Illuminate\\Routing\\Route))
#28 /Users/zawhtetnaung/Documents/Webprojects/ecommerce-api/vendor/laravel/framework/src/Illuminate/Routing/Router.php(753): Illuminate\\Routing\\Router->dispatchToRoute(Object(Illuminate\\Http\\Request))
#29 /Users/zawhtetnaung/Documents/Webprojects/ecommerce-api/vendor/laravel/framework/src/Illuminate/Foundation/Http/Kernel.php(200): Illuminate\\Routing\\Router->dispatch(Object(Illuminate\\Http\\Request))
#30 /Users/zawhtetnaung/Documents/Webprojects/ecommerce-api/vendor/laravel/framework/src/Illuminate/Pipeline/Pipeline.php(180): Illuminate\\Foundation\\Http\\Kernel->{closure:Illuminate\\Foundation\\Http\\Kernel::dispatchToRouter():197}(Object(Illuminate\\Http\\Request))
#31 /Users/zawhtetnaung/Documents/Webprojects/ecommerce-api/vendor/laravel/framework/src/Illuminate/Foundation/Http/Middleware/TransformsRequest.php(21): Illuminate\\Pipeline\\Pipeline->{closure:Illuminate\\Pipeline\\Pipeline::prepareDestination():178}(Object(Illuminate\\Http\\Request))
#32 /Users/zawhtetnaung/Documents/Webprojects/ecommerce-api/vendor/laravel/framework/src/Illuminate/Foundation/Http/Middleware/ConvertEmptyStringsToNull.php(31): Illuminate\\Foundation\\Http\\Middleware\\TransformsRequest->handle(Object(Illuminate\\Http\\Request), Object(Closure))
#33 /Users/zawhtetnaung/Documents/Webprojects/ecommerce-api/vendor/laravel/framework/src/Illuminate/Pipeline/Pipeline.php(219): Illuminate\\Foundation\\Http\\Middleware\\ConvertEmptyStringsToNull->handle(Object(Illuminate\\Http\\Request), Object(Closure))
#34 /Users/zawhtetnaung/Documents/Webprojects/ecommerce-api/vendor/laravel/framework/src/Illuminate/Foundation/Http/Middleware/TransformsRequest.php(21): Illuminate\\Pipeline\\Pipeline->{closure:{closure:Illuminate\\Pipeline\\Pipeline::carry():194}:195}(Object(Illuminate\\Http\\Request))
#35 /Users/zawhtetnaung/Documents/Webprojects/ecommerce-api/vendor/laravel/framework/src/Illuminate/Foundation/Http/Middleware/TrimStrings.php(51): Illuminate\\Foundation\\Http\\Middleware\\TransformsRequest->handle(Object(Illuminate\\Http\\Request), Object(Closure))
#36 /Users/zawhtetnaung/Documents/Webprojects/ecommerce-api/vendor/laravel/framework/src/Illuminate/Pipeline/Pipeline.php(219): Illuminate\\Foundation\\Http\\Middleware\\TrimStrings->handle(Object(Illuminate\\Http\\Request), Object(Closure))
#37 /Users/zawhtetnaung/Documents/Webprojects/ecommerce-api/vendor/laravel/framework/src/Illuminate/Http/Middleware/ValidatePostSize.php(27): Illuminate\\Pipeline\\Pipeline->{closure:{closure:Illuminate\\Pipeline\\Pipeline::carry():194}:195}(Object(Illuminate\\Http\\Request))
#38 /Users/zawhtetnaung/Documents/Webprojects/ecommerce-api/vendor/laravel/framework/src/Illuminate/Pipeline/Pipeline.php(219): Illuminate\\Http\\Middleware\\ValidatePostSize->handle(Object(Illuminate\\Http\\Request), Object(Closure))
#39 /Users/zawhtetnaung/Documents/Webprojects/ecommerce-api/vendor/laravel/framework/src/Illuminate/Foundation/Http/Middleware/PreventRequestsDuringMaintenance.php(109): Illuminate\\Pipeline\\Pipeline->{closure:{closure:Illuminate\\Pipeline\\Pipeline::carry():194}:195}(Object(Illuminate\\Http\\Request))
#40 /Users/zawhtetnaung/Documents/Webprojects/ecommerce-api/vendor/laravel/framework/src/Illuminate/Pipeline/Pipeline.php(219): Illuminate\\Foundation\\Http\\Middleware\\PreventRequestsDuringMaintenance->handle(Object(Illuminate\\Http\\Request), Object(Closure))
#41 /Users/zawhtetnaung/Documents/Webprojects/ecommerce-api/vendor/laravel/framework/src/Illuminate/Http/Middleware/HandleCors.php(74): Illuminate\\Pipeline\\Pipeline->{closure:{closure:Illuminate\\Pipeline\\Pipeline::carry():194}:195}(Object(Illuminate\\Http\\Request))
#42 /Users/zawhtetnaung/Documents/Webprojects/ecommerce-api/vendor/laravel/framework/src/Illuminate/Pipeline/Pipeline.php(219): Illuminate\\Http\\Middleware\\HandleCors->handle(Object(Illuminate\\Http\\Request), Object(Closure))
#43 /Users/zawhtetnaung/Documents/Webprojects/ecommerce-api/vendor/laravel/framework/src/Illuminate/Http/Middleware/TrustProxies.php(58): Illuminate\\Pipeline\\Pipeline->{closure:{closure:Illuminate\\Pipeline\\Pipeline::carry():194}:195}(Object(Illuminate\\Http\\Request))
#44 /Users/zawhtetnaung/Documents/Webprojects/ecommerce-api/vendor/laravel/framework/src/Illuminate/Pipeline/Pipeline.php(219): Illuminate\\Http\\Middleware\\TrustProxies->handle(Object(Illuminate\\Http\\Request), Object(Closure))
#45 /Users/zawhtetnaung/Documents/Webprojects/ecommerce-api/vendor/laravel/framework/src/Illuminate/Foundation/Http/Middleware/InvokeDeferredCallbacks.php(22): Illuminate\\Pipeline\\Pipeline->{closure:{closure:Illuminate\\Pipeline\\Pipeline::carry():194}:195}(Object(Illuminate\\Http\\Request))
#46 /Users/zawhtetnaung/Documents/Webprojects/ecommerce-api/vendor/laravel/framework/src/Illuminate/Pipeline/Pipeline.php(219): Illuminate\\Foundation\\Http\\Middleware\\InvokeDeferredCallbacks->handle(Object(Illuminate\\Http\\Request), Object(Closure))
#47 /Users/zawhtetnaung/Documents/Webprojects/ecommerce-api/vendor/laravel/framework/src/Illuminate/Http/Middleware/ValidatePathEncoding.php(26): Illuminate\\Pipeline\\Pipeline->{closure:{closure:Illuminate\\Pipeline\\Pipeline::carry():194}:195}(Object(Illuminate\\Http\\Request))
#48 /Users/zawhtetnaung/Documents/Webprojects/ecommerce-api/vendor/laravel/framework/src/Illuminate/Pipeline/Pipeline.php(219): Illuminate\\Http\\Middleware\\ValidatePathEncoding->handle(Object(Illuminate\\Http\\Request), Object(Closure))
#49 /Users/zawhtetnaung/Documents/Webprojects/ecommerce-api/vendor/laravel/framework/src/Illuminate/Pipeline/Pipeline.php(137): Illuminate\\Pipeline\\Pipeline->{closure:{closure:Illuminate\\Pipeline\\Pipeline::carry():194}:195}(Object(Illuminate\\Http\\Request))
#50 /Users/zawhtetnaung/Documents/Webprojects/ecommerce-api/vendor/laravel/framework/src/Illuminate/Foundation/Http/Kernel.php(175): Illuminate\\Pipeline\\Pipeline->then(Object(Closure))
#51 /Users/zawhtetnaung/Documents/Webprojects/ecommerce-api/vendor/laravel/framework/src/Illuminate/Foundation/Http/Kernel.php(144): Illuminate\\Foundation\\Http\\Kernel->sendRequestThroughRouter(Object(Illuminate\\Http\\Request))
#52 /Users/zawhtetnaung/Documents/Webprojects/ecommerce-api/vendor/laravel/framework/src/Illuminate/Foundation/Application.php(1220): Illuminate\\Foundation\\Http\\Kernel->handle(Object(Illuminate\\Http\\Request))
#53 /Users/zawhtetnaung/Documents/Webprojects/ecommerce-api/public/index.php(20): Illuminate\\Foundation\\Application->handleRequest(Object(Illuminate\\Http\\Request))
#54 /Users/zawhtetnaung/Documents/Webprojects/ecommerce-api/vendor/laravel/framework/src/Illuminate/Foundation/resources/server.php(23): require_once('/Users/zawhtetn...')
#55 {main}
"} 
[2026-02-04 15:14:58] local.ERROR: SQLSTATE[HY000]: General error: 1 no such column: colors.image_path (Connection: sqlite, Database: /Users/zawhtetnaung/Documents/Webprojects/ecommerce-api/database/database.sqlite, SQL: select "colors"."id", "colors"."name", "colors"."image_path", "colors"."is_active", "color_product"."product_id" as "pivot_product_id", "color_product"."color_id" as "pivot_color_id" from "colors" inner join "color_product" on "colors"."id" = "color_product"."color_id" where "color_product"."product_id" in (1, 2)) {"userId":2,"exception":"[object] (Illuminate\\Database\\QueryException(code: HY000): SQLSTATE[HY000]: General error: 1 no such column: colors.image_path (Connection: sqlite, Database: /Users/zawhtetnaung/Documents/Webprojects/ecommerce-api/database/database.sqlite, SQL: select \"colors\".\"id\", \"colors\".\"name\", \"colors\".\"image_path\", \"colors\".\"is_active\", \"color_product\".\"product_id\" as \"pivot_product_id\", \"color_product\".\"color_id\" as \"pivot_color_id\" from \"colors\" inner join \"color_product\" on \"colors\".\"id\" = \"color_product\".\"color_id\" where \"color_product\".\"product_id\" in (1, 2)) at /Users/zawhtetnaung/Documents/Webprojects/ecommerce-api/vendor/laravel/framework/src/Illuminate/Database/Connection.php:838)
[stacktrace]
#0 /Users/zawhtetnaung/Documents/Webprojects/ecommerce-api/vendor/laravel/framework/src/Illuminate/Database/Connection.php(794): Illuminate\\Database\\Connection->runQueryCallback('select \"colors\"...', Array, Object(Closure))
#1 /Users/zawhtetnaung/Documents/Webprojects/ecommerce-api/vendor/laravel/framework/src/Illuminate/Database/Connection.php(411): Illuminate\\Database\\Connection->run('select \"colors\"...', Array, Object(Closure))
#2 /Users/zawhtetnaung/Documents/Webprojects/ecommerce-api/vendor/laravel/framework/src/Illuminate/Database/Query/Builder.php(3389): Illuminate\\Database\\Connection->select('select \"colors\"...', Array, true)
#3 /Users/zawhtetnaung/Documents/Webprojects/ecommerce-api/vendor/laravel/framework/src/Illuminate/Database/Query/Builder.php(3374): Illuminate\\Database\\Query\\Builder->runSelect()
#4 /Users/zawhtetnaung/Documents/Webprojects/ecommerce-api/vendor/laravel/framework/src/Illuminate/Database/Query/Builder.php(3964): Illuminate\\Database\\Query\\Builder->{closure:Illuminate\\Database\\Query\\Builder::get():3373}()
#5 /Users/zawhtetnaung/Documents/Webprojects/ecommerce-api/vendor/laravel/framework/src/Illuminate/Database/Query/Builder.php(3373): Illuminate\\Database\\Query\\Builder->onceWithColumns(Array, Object(Closure))
#6 /Users/zawhtetnaung/Documents/Webprojects/ecommerce-api/vendor/laravel/framework/src/Illuminate/Database/Eloquent/Builder.php(902): Illuminate\\Database\\Query\\Builder->get(Array)
#7 /Users/zawhtetnaung/Documents/Webprojects/ecommerce-api/vendor/laravel/framework/src/Illuminate/Database/Eloquent/Relations/BelongsToMany.php(910): Illuminate\\Database\\Eloquent\\Builder->getModels()
#8 /Users/zawhtetnaung/Documents/Webprojects/ecommerce-api/vendor/laravel/framework/src/Illuminate/Database/Eloquent/Relations/Relation.php(175): Illuminate\\Database\\Eloquent\\Relations\\BelongsToMany->get()
#9 /Users/zawhtetnaung/Documents/Webprojects/ecommerce-api/vendor/laravel/framework/src/Illuminate/Database/Eloquent/Builder.php(950): Illuminate\\Database\\Eloquent\\Relations\\Relation->getEager()
#10 /Users/zawhtetnaung/Documents/Webprojects/ecommerce-api/vendor/laravel/framework/src/Illuminate/Database/Eloquent/Builder.php(919): Illuminate\\Database\\Eloquent\\Builder->eagerLoadRelation(Array, 'colors', Object(Closure))
#11 /Users/zawhtetnaung/Documents/Webprojects/ecommerce-api/vendor/laravel/framework/src/Illuminate/Database/Eloquent/Builder.php(885): Illuminate\\Database\\Eloquent\\Builder->eagerLoadRelations(Array)
#12 /Users/zawhtetnaung/Documents/Webprojects/ecommerce-api/app/Http/Controllers/Api/ProductController.php(28): Illuminate\\Database\\Eloquent\\Builder->get()
#13 /Users/zawhtetnaung/Documents/Webprojects/ecommerce-api/vendor/laravel/framework/src/Illuminate/Routing/ControllerDispatcher.php(46): App\\Http\\Controllers\\Api\\ProductController->index()
#14 /Users/zawhtetnaung/Documents/Webprojects/ecommerce-api/vendor/laravel/framework/src/Illuminate/Routing/Route.php(265): Illuminate\\Routing\\ControllerDispatcher->dispatch(Object(Illuminate\\Routing\\Route), Object(App\\Http\\Controllers\\Api\\ProductController), 'index')
#15 /Users/zawhtetnaung/Documents/Webprojects/ecommerce-api/vendor/laravel/framework/src/Illuminate/Routing/Route.php(211): Illuminate\\Routing\\Route->runController()
#16 /Users/zawhtetnaung/Documents/Webprojects/ecommerce-api/vendor/laravel/framework/src/Illuminate/Routing/Router.php(822): Illuminate\\Routing\\Route->run()
#17 /Users/zawhtetnaung/Documents/Webprojects/ecommerce-api/vendor/laravel/framework/src/Illuminate/Pipeline/Pipeline.php(180): Illuminate\\Routing\\Router->{closure:Illuminate\\Routing\\Router::runRouteWithinStack():821}(Object(Illuminate\\Http\\Request))
#18 /Users/zawhtetnaung/Documents/Webprojects/ecommerce-api/vendor/laravel/framework/src/Illuminate/Routing/Middleware/SubstituteBindings.php(50): Illuminate\\Pipeline\\Pipeline->{closure:Illuminate\\Pipeline\\Pipeline::prepareDestination():178}(Object(Illuminate\\Http\\Request))
#19 /Users/zawhtetnaung/Documents/Webprojects/ecommerce-api/vendor/laravel/framework/src/Illuminate/Pipeline/Pipeline.php(219): Illuminate\\Routing\\Middleware\\SubstituteBindings->handle(Object(Illuminate\\Http\\Request), Object(Closure))
#20 /Users/zawhtetnaung/Documents/Webprojects/ecommerce-api/vendor/laravel/framework/src/Illuminate/Auth/Middleware/Authenticate.php(63): Illuminate\\Pipeline\\Pipeline->{closure:{closure:Illuminate\\Pipeline\\Pipeline::carry():194}:195}(Object(Illuminate\\Http\\Request))
#21 /Users/zawhtetnaung/Documents/Webprojects/ecommerce-api/vendor/laravel/framework/src/Illuminate/Pipeline/Pipeline.php(219): Illuminate\\Auth\\Middleware\\Authenticate->handle(Object(Illuminate\\Http\\Request), Object(Closure), 'sanctum')
#22 /Users/zawhtetnaung/Documents/Webprojects/ecommerce-api/vendor/laravel/framework/src/Illuminate/Pipeline/Pipeline.php(137): Illuminate\\Pipeline\\Pipeline->{closure:{closure:Illuminate\\Pipeline\\Pipeline::carry():194}:195}(Object(Illuminate\\Http\\Request))
#23 /Users/zawhtetnaung/Documents/Webprojects/ecommerce-api/vendor/laravel/framework/src/Illuminate/Routing/Router.php(821): Illuminate\\Pipeline\\Pipeline->then(Object(Closure))
#24 /Users/zawhtetnaung/Documents/Webprojects/ecommerce-api/vendor/laravel/framework/src/Illuminate/Routing/Router.php(800): Illuminate\\Routing\\Router->runRouteWithinStack(Object(Illuminate\\Routing\\Route), Object(Illuminate\\Http\\Request))
#25 /Users/zawhtetnaung/Documents/Webprojects/ecommerce-api/vendor/laravel/framework/src/Illuminate/Routing/Router.php(764): Illuminate\\Routing\\Router->runRoute(Object(Illuminate\\Http\\Request), Object(Illuminate\\Routing\\Route))
#26 /Users/zawhtetnaung/Documents/Webprojects/ecommerce-api/vendor/laravel/framework/src/Illuminate/Routing/Router.php(753): Illuminate\\Routing\\Router->dispatchToRoute(Object(Illuminate\\Http\\Request))
#27 /Users/zawhtetnaung/Documents/Webprojects/ecommerce-api/vendor/laravel/framework/src/Illuminate/Foundation/Http/Kernel.php(200): Illuminate\\Routing\\Router->dispatch(Object(Illuminate\\Http\\Request))
#28 /Users/zawhtetnaung/Documents/Webprojects/ecommerce-api/vendor/laravel/framework/src/Illuminate/Pipeline/Pipeline.php(180): Illuminate\\Foundation\\Http\\Kernel->{closure:Illuminate\\Foundation\\Http\\Kernel::dispatchToRouter():197}(Object(Illuminate\\Http\\Request))
#29 /Users/zawhtetnaung/Documents/Webprojects/ecommerce-api/vendor/laravel/framework/src/Illuminate/Foundation/Http/Middleware/TransformsRequest.php(21): Illuminate\\Pipeline\\Pipeline->{closure:Illuminate\\Pipeline\\Pipeline::prepareDestination():178}(Object(Illuminate\\Http\\Request))
#30 /Users/zawhtetnaung/Documents/Webprojects/ecommerce-api/vendor/laravel/framework/src/Illuminate/Foundation/Http/Middleware/ConvertEmptyStringsToNull.php(31): Illuminate\\Foundation\\Http\\Middleware\\TransformsRequest->handle(Object(Illuminate\\Http\\Request), Object(Closure))
#31 /Users/zawhtetnaung/Documents/Webprojects/ecommerce-api/vendor/laravel/framework/src/Illuminate/Pipeline/Pipeline.php(219): Illuminate\\Foundation\\Http\\Middleware\\ConvertEmptyStringsToNull->handle(Object(Illuminate\\Http\\Request), Object(Closure))
#32 /Users/zawhtetnaung/Documents/Webprojects/ecommerce-api/vendor/laravel/framework/src/Illuminate/Foundation/Http/Middleware/TransformsRequest.php(21): Illuminate\\Pipeline\\Pipeline->{closure:{closure:Illuminate\\Pipeline\\Pipeline::carry():194}:195}(Object(Illuminate\\Http\\Request))
#33 /Users/zawhtetnaung/Documents/Webprojects/ecommerce-api/vendor/laravel/framework/src/Illuminate/Foundation/Http/Middleware/TrimStrings.php(51): Illuminate\\Foundation\\Http\\Middleware\\TransformsRequest->handle(Object(Illuminate\\Http\\Request), Object(Closure))
#34 /Users/zawhtetnaung/Documents/Webprojects/ecommerce-api/vendor/laravel/framework/src/Illuminate/Pipeline/Pipeline.php(219): Illuminate\\Foundation\\Http\\Middleware\\TrimStrings->handle(Object(Illuminate\\Http\\Request), Object(Closure))
#35 /Users/zawhtetnaung/Documents/Webprojects/ecommerce-api/vendor/laravel/framework/src/Illuminate/Http/Middleware/ValidatePostSize.php(27): Illuminate\\Pipeline\\Pipeline->{closure:{closure:Illuminate\\Pipeline\\Pipeline::carry():194}:195}(Object(Illuminate\\Http\\Request))
#36 /Users/zawhtetnaung/Documents/Webprojects/ecommerce-api/vendor/laravel/framework/src/Illuminate/Pipeline/Pipeline.php(219): Illuminate\\Http\\Middleware\\ValidatePostSize->handle(Object(Illuminate\\Http\\Request), Object(Closure))
#37 /Users/zawhtetnaung/Documents/Webprojects/ecommerce-api/vendor/laravel/framework/src/Illuminate/Foundation/Http/Middleware/PreventRequestsDuringMaintenance.php(109): Illuminate\\Pipeline\\Pipeline->{closure:{closure:Illuminate\\Pipeline\\Pipeline::carry():194}:195}(Object(Illuminate\\Http\\Request))
#38 /Users/zawhtetnaung/Documents/Webprojects/ecommerce-api/vendor/laravel/framework/src/Illuminate/Pipeline/Pipeline.php(219): Illuminate\\Foundation\\Http\\Middleware\\PreventRequestsDuringMaintenance->handle(Object(Illuminate\\Http\\Request), Object(Closure))
#39 /Users/zawhtetnaung/Documents/Webprojects/ecommerce-api/vendor/laravel/framework/src/Illuminate/Http/Middleware/HandleCors.php(74): Illuminate\\Pipeline\\Pipeline->{closure:{closure:Illuminate\\Pipeline\\Pipeline::carry():194}:195}(Object(Illuminate\\Http\\Request))
#40 /Users/zawhtetnaung/Documents/Webprojects/ecommerce-api/vendor/laravel/framework/src/Illuminate/Pipeline/Pipeline.php(219): Illuminate\\Http\\Middleware\\HandleCors->handle(Object(Illuminate\\Http\\Request), Object(Closure))
#41 /Users/zawhtetnaung/Documents/Webprojects/ecommerce-api/vendor/laravel/framework/src/Illuminate/Http/Middleware/TrustProxies.php(58): Illuminate\\Pipeline\\Pipeline->{closure:{closure:Illuminate\\Pipeline\\Pipeline::carry():194}:195}(Object(Illuminate\\Http\\Request))
#42 /Users/zawhtetnaung/Documents/Webprojects/ecommerce-api/vendor/laravel/framework/src/Illuminate/Pipeline/Pipeline.php(219): Illuminate\\Http\\Middleware\\TrustProxies->handle(Object(Illuminate\\Http\\Request), Object(Closure))
#43 /Users/zawhtetnaung/Documents/Webprojects/ecommerce-api/vendor/laravel/framework/src/Illuminate/Foundation/Http/Middleware/InvokeDeferredCallbacks.php(22): Illuminate\\Pipeline\\Pipeline->{closure:{closure:Illuminate\\Pipeline\\Pipeline::carry():194}:195}(Object(Illuminate\\Http\\Request))
#44 /Users/zawhtetnaung/Documents/Webprojects/ecommerce-api/vendor/laravel/framework/src/Illuminate/Pipeline/Pipeline.php(219): Illuminate\\Foundation\\Http\\Middleware\\InvokeDeferredCallbacks->handle(Object(Illuminate\\Http\\Request), Object(Closure))
#45 /Users/zawhtetnaung/Documents/Webprojects/ecommerce-api/vendor/laravel/framework/src/Illuminate/Http/Middleware/ValidatePathEncoding.php(26): Illuminate\\Pipeline\\Pipeline->{closure:{closure:Illuminate\\Pipeline\\Pipeline::carry():194}:195}(Object(Illuminate\\Http\\Request))
#46 /Users/zawhtetnaung/Documents/Webprojects/ecommerce-api/vendor/laravel/framework/src/Illuminate/Pipeline/Pipeline.php(219): Illuminate\\Http\\Middleware\\ValidatePathEncoding->handle(Object(Illuminate\\Http\\Request), Object(Closure))
#47 /Users/zawhtetnaung/Documents/Webprojects/ecommerce-api/vendor/laravel/framework/src/Illuminate/Pipeline/Pipeline.php(137): Illuminate\\Pipeline\\Pipeline->{closure:{closure:Illuminate\\Pipeline\\Pipeline::carry():194}:195}(Object(Illuminate\\Http\\Request))
#48 /Users/zawhtetnaung/Documents/Webprojects/ecommerce-api/vendor/laravel/framework/src/Illuminate/Foundation/Http/Kernel.php(175): Illuminate\\Pipeline\\Pipeline->then(Object(Closure))
#49 /Users/zawhtetnaung/Documents/Webprojects/ecommerce-api/vendor/laravel/framework/src/Illuminate/Foundation/Http/Kernel.php(144): Illuminate\\Foundation\\Http\\Kernel->sendRequestThroughRouter(Object(Illuminate\\Http\\Request))
#50 /Users/zawhtetnaung/Documents/Webprojects/ecommerce-api/vendor/laravel/framework/src/Illuminate/Foundation/Application.php(1220): Illuminate\\Foundation\\Http\\Kernel->handle(Object(Illuminate\\Http\\Request))
#51 /Users/zawhtetnaung/Documents/Webprojects/ecommerce-api/public/index.php(20): Illuminate\\Foundation\\Application->handleRequest(Object(Illuminate\\Http\\Request))
#52 /Users/zawhtetnaung/Documents/Webprojects/ecommerce-api/vendor/laravel/framework/src/Illuminate/Foundation/resources/server.php(23): require_once('/Users/zawhtetn...')
#53 {main}

[previous exception] [object] (PDOException(code: HY000): SQLSTATE[HY000]: General error: 1 no such column: colors.image_path at /Users/zawhtetnaung/Documents/Webprojects/ecommerce-api/vendor/laravel/framework/src/Illuminate/Database/Connection.php:420)
[stacktrace]
#0 /Users/zawhtetnaung/Documents/Webprojects/ecommerce-api/vendor/laravel/framework/src/Illuminate/Database/Connection.php(420): PDO->prepare('select \"colors\"...')
#1 /Users/zawhtetnaung/Documents/Webprojects/ecommerce-api/vendor/laravel/framework/src/Illuminate/Database/Connection.php(827): Illuminate\\Database\\Connection->{closure:Illuminate\\Database\\Connection::select():411}('select \"colors\"...', Array)
#2 /Users/zawhtetnaung/Documents/Webprojects/ecommerce-api/vendor/laravel/framework/src/Illuminate/Database/Connection.php(794): Illuminate\\Database\\Connection->runQueryCallback('select \"colors\"...', Array, Object(Closure))
#3 /Users/zawhtetnaung/Documents/Webprojects/ecommerce-api/vendor/laravel/framework/src/Illuminate/Database/Connection.php(411): Illuminate\\Database\\Connection->run('select \"colors\"...', Array, Object(Closure))
#4 /Users/zawhtetnaung/Documents/Webprojects/ecommerce-api/vendor/laravel/framework/src/Illuminate/Database/Query/Builder.php(3389): Illuminate\\Database\\Connection->select('select \"colors\"...', Array, true)
#5 /Users/zawhtetnaung/Documents/Webprojects/ecommerce-api/vendor/laravel/framework/src/Illuminate/Database/Query/Builder.php(3374): Illuminate\\Database\\Query\\Builder->runSelect()
#6 /Users/zawhtetnaung/Documents/Webprojects/ecommerce-api/vendor/laravel/framework/src/Illuminate/Database/Query/Builder.php(3964): Illuminate\\Database\\Query\\Builder->{closure:Illuminate\\Database\\Query\\Builder::get():3373}()
#7 /Users/zawhtetnaung/Documents/Webprojects/ecommerce-api/vendor/laravel/framework/src/Illuminate/Database/Query/Builder.php(3373): Illuminate\\Database\\Query\\Builder->onceWithColumns(Array, Object(Closure))
#8 /Users/zawhtetnaung/Documents/Webprojects/ecommerce-api/vendor/laravel/framework/src/Illuminate/Database/Eloquent/Builder.php(902): Illuminate\\Database\\Query\\Builder->get(Array)
#9 /Users/zawhtetnaung/Documents/Webprojects/ecommerce-api/vendor/laravel/framework/src/Illuminate/Database/Eloquent/Relations/BelongsToMany.php(910): Illuminate\\Database\\Eloquent\\Builder->getModels()
#10 /Users/zawhtetnaung/Documents/Webprojects/ecommerce-api/vendor/laravel/framework/src/Illuminate/Database/Eloquent/Relations/Relation.php(175): Illuminate\\Database\\Eloquent\\Relations\\BelongsToMany->get()
#11 /Users/zawhtetnaung/Documents/Webprojects/ecommerce-api/vendor/laravel/framework/src/Illuminate/Database/Eloquent/Builder.php(950): Illuminate\\Database\\Eloquent\\Relations\\Relation->getEager()
#12 /Users/zawhtetnaung/Documents/Webprojects/ecommerce-api/vendor/laravel/framework/src/Illuminate/Database/Eloquent/Builder.php(919): Illuminate\\Database\\Eloquent\\Builder->eagerLoadRelation(Array, 'colors', Object(Closure))
#13 /Users/zawhtetnaung/Documents/Webprojects/ecommerce-api/vendor/laravel/framework/src/Illuminate/Database/Eloquent/Builder.php(885): Illuminate\\Database\\Eloquent\\Builder->eagerLoadRelations(Array)
#14 /Users/zawhtetnaung/Documents/Webprojects/ecommerce-api/app/Http/Controllers/Api/ProductController.php(28): Illuminate\\Database\\Eloquent\\Builder->get()
#15 /Users/zawhtetnaung/Documents/Webprojects/ecommerce-api/vendor/laravel/framework/src/Illuminate/Routing/ControllerDispatcher.php(46): App\\Http\\Controllers\\Api\\ProductController->index()
#16 /Users/zawhtetnaung/Documents/Webprojects/ecommerce-api/vendor/laravel/framework/src/Illuminate/Routing/Route.php(265): Illuminate\\Routing\\ControllerDispatcher->dispatch(Object(Illuminate\\Routing\\Route), Object(App\\Http\\Controllers\\Api\\ProductController), 'index')
#17 /Users/zawhtetnaung/Documents/Webprojects/ecommerce-api/vendor/laravel/framework/src/Illuminate/Routing/Route.php(211): Illuminate\\Routing\\Route->runController()
#18 /Users/zawhtetnaung/Documents/Webprojects/ecommerce-api/vendor/laravel/framework/src/Illuminate/Routing/Router.php(822): Illuminate\\Routing\\Route->run()
#19 /Users/zawhtetnaung/Documents/Webprojects/ecommerce-api/vendor/laravel/framework/src/Illuminate/Pipeline/Pipeline.php(180): Illuminate\\Routing\\Router->{closure:Illuminate\\Routing\\Router::runRouteWithinStack():821}(Object(Illuminate\\Http\\Request))
#20 /Users/zawhtetnaung/Documents/Webprojects/ecommerce-api/vendor/laravel/framework/src/Illuminate/Routing/Middleware/SubstituteBindings.php(50): Illuminate\\Pipeline\\Pipeline->{closure:Illuminate\\Pipeline\\Pipeline::prepareDestination():178}(Object(Illuminate\\Http\\Request))
#21 /Users/zawhtetnaung/Documents/Webprojects/ecommerce-api/vendor/laravel/framework/src/Illuminate/Pipeline/Pipeline.php(219): Illuminate\\Routing\\Middleware\\SubstituteBindings->handle(Object(Illuminate\\Http\\Request), Object(Closure))
#22 /Users/zawhtetnaung/Documents/Webprojects/ecommerce-api/vendor/laravel/framework/src/Illuminate/Auth/Middleware/Authenticate.php(63): Illuminate\\Pipeline\\Pipeline->{closure:{closure:Illuminate\\Pipeline\\Pipeline::carry():194}:195}(Object(Illuminate\\Http\\Request))
#23 /Users/zawhtetnaung/Documents/Webprojects/ecommerce-api/vendor/laravel/framework/src/Illuminate/Pipeline/Pipeline.php(219): Illuminate\\Auth\\Middleware\\Authenticate->handle(Object(Illuminate\\Http\\Request), Object(Closure), 'sanctum')
#24 /Users/zawhtetnaung/Documents/Webprojects/ecommerce-api/vendor/laravel/framework/src/Illuminate/Pipeline/Pipeline.php(137): Illuminate\\Pipeline\\Pipeline->{closure:{closure:Illuminate\\Pipeline\\Pipeline::carry():194}:195}(Object(Illuminate\\Http\\Request))
#25 /Users/zawhtetnaung/Documents/Webprojects/ecommerce-api/vendor/laravel/framework/src/Illuminate/Routing/Router.php(821): Illuminate\\Pipeline\\Pipeline->then(Object(Closure))
#26 /Users/zawhtetnaung/Documents/Webprojects/ecommerce-api/vendor/laravel/framework/src/Illuminate/Routing/Router.php(800): Illuminate\\Routing\\Router->runRouteWithinStack(Object(Illuminate\\Routing\\Route), Object(Illuminate\\Http\\Request))
#27 /Users/zawhtetnaung/Documents/Webprojects/ecommerce-api/vendor/laravel/framework/src/Illuminate/Routing/Router.php(764): Illuminate\\Routing\\Router->runRoute(Object(Illuminate\\Http\\Request), Object(Illuminate\\Routing\\Route))
#28 /Users/zawhtetnaung/Documents/Webprojects/ecommerce-api/vendor/laravel/framework/src/Illuminate/Routing/Router.php(753): Illuminate\\Routing\\Router->dispatchToRoute(Object(Illuminate\\Http\\Request))
#29 /Users/zawhtetnaung/Documents/Webprojects/ecommerce-api/vendor/laravel/framework/src/Illuminate/Foundation/Http/Kernel.php(200): Illuminate\\Routing\\Router->dispatch(Object(Illuminate\\Http\\Request))
#30 /Users/zawhtetnaung/Documents/Webprojects/ecommerce-api/vendor/laravel/framework/src/Illuminate/Pipeline/Pipeline.php(180): Illuminate\\Foundation\\Http\\Kernel->{closure:Illuminate\\Foundation\\Http\\Kernel::dispatchToRouter():197}(Object(Illuminate\\Http\\Request))
#31 /Users/zawhtetnaung/Documents/Webprojects/ecommerce-api/vendor/laravel/framework/src/Illuminate/Foundation/Http/Middleware/TransformsRequest.php(21): Illuminate\\Pipeline\\Pipeline->{closure:Illuminate\\Pipeline\\Pipeline::prepareDestination():178}(Object(Illuminate\\Http\\Request))
#32 /Users/zawhtetnaung/Documents/Webprojects/ecommerce-api/vendor/laravel/framework/src/Illuminate/Foundation/Http/Middleware/ConvertEmptyStringsToNull.php(31): Illuminate\\Foundation\\Http\\Middleware\\TransformsRequest->handle(Object(Illuminate\\Http\\Request), Object(Closure))
#33 /Users/zawhtetnaung/Documents/Webprojects/ecommerce-api/vendor/laravel/framework/src/Illuminate/Pipeline/Pipeline.php(219): Illuminate\\Foundation\\Http\\Middleware\\ConvertEmptyStringsToNull->handle(Object(Illuminate\\Http\\Request), Object(Closure))
#34 /Users/zawhtetnaung/Documents/Webprojects/ecommerce-api/vendor/laravel/framework/src/Illuminate/Foundation/Http/Middleware/TransformsRequest.php(21): Illuminate\\Pipeline\\Pipeline->{closure:{closure:Illuminate\\Pipeline\\Pipeline::carry():194}:195}(Object(Illuminate\\Http\\Request))
#35 /Users/zawhtetnaung/Documents/Webprojects/ecommerce-api/vendor/laravel/framework/src/Illuminate/Foundation/Http/Middleware/TrimStrings.php(51): Illuminate\\Foundation\\Http\\Middleware\\TransformsRequest->handle(Object(Illuminate\\Http\\Request), Object(Closure))
#36 /Users/zawhtetnaung/Documents/Webprojects/ecommerce-api/vendor/laravel/framework/src/Illuminate/Pipeline/Pipeline.php(219): Illuminate\\Foundation\\Http\\Middleware\\TrimStrings->handle(Object(Illuminate\\Http\\Request), Object(Closure))
#37 /Users/zawhtetnaung/Documents/Webprojects/ecommerce-api/vendor/laravel/framework/src/Illuminate/Http/Middleware/ValidatePostSize.php(27): Illuminate\\Pipeline\\Pipeline->{closure:{closure:Illuminate\\Pipeline\\Pipeline::carry():194}:195}(Object(Illuminate\\Http\\Request))
#38 /Users/zawhtetnaung/Documents/Webprojects/ecommerce-api/vendor/laravel/framework/src/Illuminate/Pipeline/Pipeline.php(219): Illuminate\\Http\\Middleware\\ValidatePostSize->handle(Object(Illuminate\\Http\\Request), Object(Closure))
#39 /Users/zawhtetnaung/Documents/Webprojects/ecommerce-api/vendor/laravel/framework/src/Illuminate/Foundation/Http/Middleware/PreventRequestsDuringMaintenance.php(109): Illuminate\\Pipeline\\Pipeline->{closure:{closure:Illuminate\\Pipeline\\Pipeline::carry():194}:195}(Object(Illuminate\\Http\\Request))
#40 /Users/zawhtetnaung/Documents/Webprojects/ecommerce-api/vendor/laravel/framework/src/Illuminate/Pipeline/Pipeline.php(219): Illuminate\\Foundation\\Http\\Middleware\\PreventRequestsDuringMaintenance->handle(Object(Illuminate\\Http\\Request), Object(Closure))
#41 /Users/zawhtetnaung/Documents/Webprojects/ecommerce-api/vendor/laravel/framework/src/Illuminate/Http/Middleware/HandleCors.php(74): Illuminate\\Pipeline\\Pipeline->{closure:{closure:Illuminate\\Pipeline\\Pipeline::carry():194}:195}(Object(Illuminate\\Http\\Request))
#42 /Users/zawhtetnaung/Documents/Webprojects/ecommerce-api/vendor/laravel/framework/src/Illuminate/Pipeline/Pipeline.php(219): Illuminate\\Http\\Middleware\\HandleCors->handle(Object(Illuminate\\Http\\Request), Object(Closure))
#43 /Users/zawhtetnaung/Documents/Webprojects/ecommerce-api/vendor/laravel/framework/src/Illuminate/Http/Middleware/TrustProxies.php(58): Illuminate\\Pipeline\\Pipeline->{closure:{closure:Illuminate\\Pipeline\\Pipeline::carry():194}:195}(Object(Illuminate\\Http\\Request))
#44 /Users/zawhtetnaung/Documents/Webprojects/ecommerce-api/vendor/laravel/framework/src/Illuminate/Pipeline/Pipeline.php(219): Illuminate\\Http\\Middleware\\TrustProxies->handle(Object(Illuminate\\Http\\Request), Object(Closure))
#45 /Users/zawhtetnaung/Documents/Webprojects/ecommerce-api/vendor/laravel/framework/src/Illuminate/Foundation/Http/Middleware/InvokeDeferredCallbacks.php(22): Illuminate\\Pipeline\\Pipeline->{closure:{closure:Illuminate\\Pipeline\\Pipeline::carry():194}:195}(Object(Illuminate\\Http\\Request))
#46 /Users/zawhtetnaung/Documents/Webprojects/ecommerce-api/vendor/laravel/framework/src/Illuminate/Pipeline/Pipeline.php(219): Illuminate\\Foundation\\Http\\Middleware\\InvokeDeferredCallbacks->handle(Object(Illuminate\\Http\\Request), Object(Closure))
#47 /Users/zawhtetnaung/Documents/Webprojects/ecommerce-api/vendor/laravel/framework/src/Illuminate/Http/Middleware/ValidatePathEncoding.php(26): Illuminate\\Pipeline\\Pipeline->{closure:{closure:Illuminate\\Pipeline\\Pipeline::carry():194}:195}(Object(Illuminate\\Http\\Request))
#48 /Users/zawhtetnaung/Documents/Webprojects/ecommerce-api/vendor/laravel/framework/src/Illuminate/Pipeline/Pipeline.php(219): Illuminate\\Http\\Middleware\\ValidatePathEncoding->handle(Object(Illuminate\\Http\\Request), Object(Closure))
#49 /Users/zawhtetnaung/Documents/Webprojects/ecommerce-api/vendor/laravel/framework/src/Illuminate/Pipeline/Pipeline.php(137): Illuminate\\Pipeline\\Pipeline->{closure:{closure:Illuminate\\Pipeline\\Pipeline::carry():194}:195}(Object(Illuminate\\Http\\Request))
#50 /Users/zawhtetnaung/Documents/Webprojects/ecommerce-api/vendor/laravel/framework/src/Illuminate/Foundation/Http/Kernel.php(175): Illuminate\\Pipeline\\Pipeline->then(Object(Closure))
#51 /Users/zawhtetnaung/Documents/Webprojects/ecommerce-api/vendor/laravel/framework/src/Illuminate/Foundation/Http/Kernel.php(144): Illuminate\\Foundation\\Http\\Kernel->sendRequestThroughRouter(Object(Illuminate\\Http\\Request))
#52 /Users/zawhtetnaung/Documents/Webprojects/ecommerce-api/vendor/laravel/framework/src/Illuminate/Foundation/Application.php(1220): Illuminate\\Foundation\\Http\\Kernel->handle(Object(Illuminate\\Http\\Request))
#53 /Users/zawhtetnaung/Documents/Webprojects/ecommerce-api/public/index.php(20): Illuminate\\Foundation\\Application->handleRequest(Object(Illuminate\\Http\\Request))
#54 /Users/zawhtetnaung/Documents/Webprojects/ecommerce-api/vendor/laravel/framework/src/Illuminate/Foundation/resources/server.php(23): require_once('/Users/zawhtetn...')
#55 {main}
"} 
[2026-02-04 15:14:58] local.ERROR: SQLSTATE[HY000]: General error: 1 no such column: colors.image_path (Connection: sqlite, Database: /Users/zawhtetnaung/Documents/Webprojects/ecommerce-api/database/database.sqlite, SQL: select "colors"."id", "colors"."name", "colors"."image_path", "colors"."is_active", "color_product"."product_id" as "pivot_product_id", "color_product"."color_id" as "pivot_color_id" from "colors" inner join "color_product" on "colors"."id" = "color_product"."color_id" where "color_product"."product_id" in (1, 2)) {"userId":2,"exception":"[object] (Illuminate\\Database\\QueryException(code: HY000): SQLSTATE[HY000]: General error: 1 no such column: colors.image_path (Connection: sqlite, Database: /Users/zawhtetnaung/Documents/Webprojects/ecommerce-api/database/database.sqlite, SQL: select \"colors\".\"id\", \"colors\".\"name\", \"colors\".\"image_path\", \"colors\".\"is_active\", \"color_product\".\"product_id\" as \"pivot_product_id\", \"color_product\".\"color_id\" as \"pivot_color_id\" from \"colors\" inner join \"color_product\" on \"colors\".\"id\" = \"color_product\".\"color_id\" where \"color_product\".\"product_id\" in (1, 2)) at /Users/zawhtetnaung/Documents/Webprojects/ecommerce-api/vendor/laravel/framework/src/Illuminate/Database/Connection.php:838)
[stacktrace]
#0 /Users/zawhtetnaung/Documents/Webprojects/ecommerce-api/vendor/laravel/framework/src/Illuminate/Database/Connection.php(794): Illuminate\\Database\\Connection->runQueryCallback('select \"colors\"...', Array, Object(Closure))
#1 /Users/zawhtetnaung/Documents/Webprojects/ecommerce-api/vendor/laravel/framework/src/Illuminate/Database/Connection.php(411): Illuminate\\Database\\Connection->run('select \"colors\"...', Array, Object(Closure))
#2 /Users/zawhtetnaung/Documents/Webprojects/ecommerce-api/vendor/laravel/framework/src/Illuminate/Database/Query/Builder.php(3389): Illuminate\\Database\\Connection->select('select \"colors\"...', Array, true)
#3 /Users/zawhtetnaung/Documents/Webprojects/ecommerce-api/vendor/laravel/framework/src/Illuminate/Database/Query/Builder.php(3374): Illuminate\\Database\\Query\\Builder->runSelect()
#4 /Users/zawhtetnaung/Documents/Webprojects/ecommerce-api/vendor/laravel/framework/src/Illuminate/Database/Query/Builder.php(3964): Illuminate\\Database\\Query\\Builder->{closure:Illuminate\\Database\\Query\\Builder::get():3373}()
#5 /Users/zawhtetnaung/Documents/Webprojects/ecommerce-api/vendor/laravel/framework/src/Illuminate/Database/Query/Builder.php(3373): Illuminate\\Database\\Query\\Builder->onceWithColumns(Array, Object(Closure))
#6 /Users/zawhtetnaung/Documents/Webprojects/ecommerce-api/vendor/laravel/framework/src/Illuminate/Database/Eloquent/Builder.php(902): Illuminate\\Database\\Query\\Builder->get(Array)
#7 /Users/zawhtetnaung/Documents/Webprojects/ecommerce-api/vendor/laravel/framework/src/Illuminate/Database/Eloquent/Relations/BelongsToMany.php(910): Illuminate\\Database\\Eloquent\\Builder->getModels()
#8 /Users/zawhtetnaung/Documents/Webprojects/ecommerce-api/vendor/laravel/framework/src/Illuminate/Database/Eloquent/Relations/Relation.php(175): Illuminate\\Database\\Eloquent\\Relations\\BelongsToMany->get()
#9 /Users/zawhtetnaung/Documents/Webprojects/ecommerce-api/vendor/laravel/framework/src/Illuminate/Database/Eloquent/Builder.php(950): Illuminate\\Database\\Eloquent\\Relations\\Relation->getEager()
#10 /Users/zawhtetnaung/Documents/Webprojects/ecommerce-api/vendor/laravel/framework/src/Illuminate/Database/Eloquent/Builder.php(919): Illuminate\\Database\\Eloquent\\Builder->eagerLoadRelation(Array, 'colors', Object(Closure))
#11 /Users/zawhtetnaung/Documents/Webprojects/ecommerce-api/vendor/laravel/framework/src/Illuminate/Database/Eloquent/Builder.php(885): Illuminate\\Database\\Eloquent\\Builder->eagerLoadRelations(Array)
#12 /Users/zawhtetnaung/Documents/Webprojects/ecommerce-api/app/Http/Controllers/Api/ProductController.php(28): Illuminate\\Database\\Eloquent\\Builder->get()
#13 /Users/zawhtetnaung/Documents/Webprojects/ecommerce-api/vendor/laravel/framework/src/Illuminate/Routing/ControllerDispatcher.php(46): App\\Http\\Controllers\\Api\\ProductController->index()
#14 /Users/zawhtetnaung/Documents/Webprojects/ecommerce-api/vendor/laravel/framework/src/Illuminate/Routing/Route.php(265): Illuminate\\Routing\\ControllerDispatcher->dispatch(Object(Illuminate\\Routing\\Route), Object(App\\Http\\Controllers\\Api\\ProductController), 'index')
#15 /Users/zawhtetnaung/Documents/Webprojects/ecommerce-api/vendor/laravel/framework/src/Illuminate/Routing/Route.php(211): Illuminate\\Routing\\Route->runController()
#16 /Users/zawhtetnaung/Documents/Webprojects/ecommerce-api/vendor/laravel/framework/src/Illuminate/Routing/Router.php(822): Illuminate\\Routing\\Route->run()
#17 /Users/zawhtetnaung/Documents/Webprojects/ecommerce-api/vendor/laravel/framework/src/Illuminate/Pipeline/Pipeline.php(180): Illuminate\\Routing\\Router->{closure:Illuminate\\Routing\\Router::runRouteWithinStack():821}(Object(Illuminate\\Http\\Request))
#18 /Users/zawhtetnaung/Documents/Webprojects/ecommerce-api/vendor/laravel/framework/src/Illuminate/Routing/Middleware/SubstituteBindings.php(50): Illuminate\\Pipeline\\Pipeline->{closure:Illuminate\\Pipeline\\Pipeline::prepareDestination():178}(Object(Illuminate\\Http\\Request))
#19 /Users/zawhtetnaung/Documents/Webprojects/ecommerce-api/vendor/laravel/framework/src/Illuminate/Pipeline/Pipeline.php(219): Illuminate\\Routing\\Middleware\\SubstituteBindings->handle(Object(Illuminate\\Http\\Request), Object(Closure))
#20 /Users/zawhtetnaung/Documents/Webprojects/ecommerce-api/vendor/laravel/framework/src/Illuminate/Auth/Middleware/Authenticate.php(63): Illuminate\\Pipeline\\Pipeline->{closure:{closure:Illuminate\\Pipeline\\Pipeline::carry():194}:195}(Object(Illuminate\\Http\\Request))
#21 /Users/zawhtetnaung/Documents/Webprojects/ecommerce-api/vendor/laravel/framework/src/Illuminate/Pipeline/Pipeline.php(219): Illuminate\\Auth\\Middleware\\Authenticate->handle(Object(Illuminate\\Http\\Request), Object(Closure), 'sanctum')
#22 /Users/zawhtetnaung/Documents/Webprojects/ecommerce-api/vendor/laravel/framework/src/Illuminate/Pipeline/Pipeline.php(137): Illuminate\\Pipeline\\Pipeline->{closure:{closure:Illuminate\\Pipeline\\Pipeline::carry():194}:195}(Object(Illuminate\\Http\\Request))
#23 /Users/zawhtetnaung/Documents/Webprojects/ecommerce-api/vendor/laravel/framework/src/Illuminate/Routing/Router.php(821): Illuminate\\Pipeline\\Pipeline->then(Object(Closure))
#24 /Users/zawhtetnaung/Documents/Webprojects/ecommerce-api/vendor/laravel/framework/src/Illuminate/Routing/Router.php(800): Illuminate\\Routing\\Router->runRouteWithinStack(Object(Illuminate\\Routing\\Route), Object(Illuminate\\Http\\Request))
#25 /Users/zawhtetnaung/Documents/Webprojects/ecommerce-api/vendor/laravel/framework/src/Illuminate/Routing/Router.php(764): Illuminate\\Routing\\Router->runRoute(Object(Illuminate\\Http\\Request), Object(Illuminate\\Routing\\Route))
#26 /Users/zawhtetnaung/Documents/Webprojects/ecommerce-api/vendor/laravel/framework/src/Illuminate/Routing/Router.php(753): Illuminate\\Routing\\Router->dispatchToRoute(Object(Illuminate\\Http\\Request))
#27 /Users/zawhtetnaung/Documents/Webprojects/ecommerce-api/vendor/laravel/framework/src/Illuminate/Foundation/Http/Kernel.php(200): Illuminate\\Routing\\Router->dispatch(Object(Illuminate\\Http\\Request))
#28 /Users/zawhtetnaung/Documents/Webprojects/ecommerce-api/vendor/laravel/framework/src/Illuminate/Pipeline/Pipeline.php(180): Illuminate\\Foundation\\Http\\Kernel->{closure:Illuminate\\Foundation\\Http\\Kernel::dispatchToRouter():197}(Object(Illuminate\\Http\\Request))
#29 /Users/zawhtetnaung/Documents/Webprojects/ecommerce-api/vendor/laravel/framework/src/Illuminate/Foundation/Http/Middleware/TransformsRequest.php(21): Illuminate\\Pipeline\\Pipeline->{closure:Illuminate\\Pipeline\\Pipeline::prepareDestination():178}(Object(Illuminate\\Http\\Request))
#30 /Users/zawhtetnaung/Documents/Webprojects/ecommerce-api/vendor/laravel/framework/src/Illuminate/Foundation/Http/Middleware/ConvertEmptyStringsToNull.php(31): Illuminate\\Foundation\\Http\\Middleware\\TransformsRequest->handle(Object(Illuminate\\Http\\Request), Object(Closure))
#31 /Users/zawhtetnaung/Documents/Webprojects/ecommerce-api/vendor/laravel/framework/src/Illuminate/Pipeline/Pipeline.php(219): Illuminate\\Foundation\\Http\\Middleware\\ConvertEmptyStringsToNull->handle(Object(Illuminate\\Http\\Request), Object(Closure))
#32 /Users/zawhtetnaung/Documents/Webprojects/ecommerce-api/vendor/laravel/framework/src/Illuminate/Foundation/Http/Middleware/TransformsRequest.php(21): Illuminate\\Pipeline\\Pipeline->{closure:{closure:Illuminate\\Pipeline\\Pipeline::carry():194}:195}(Object(Illuminate\\Http\\Request))
#33 /Users/zawhtetnaung/Documents/Webprojects/ecommerce-api/vendor/laravel/framework/src/Illuminate/Foundation/Http/Middleware/TrimStrings.php(51): Illuminate\\Foundation\\Http\\Middleware\\TransformsRequest->handle(Object(Illuminate\\Http\\Request), Object(Closure))
#34 /Users/zawhtetnaung/Documents/Webprojects/ecommerce-api/vendor/laravel/framework/src/Illuminate/Pipeline/Pipeline.php(219): Illuminate\\Foundation\\Http\\Middleware\\TrimStrings->handle(Object(Illuminate\\Http\\Request), Object(Closure))
#35 /Users/zawhtetnaung/Documents/Webprojects/ecommerce-api/vendor/laravel/framework/src/Illuminate/Http/Middleware/ValidatePostSize.php(27): Illuminate\\Pipeline\\Pipeline->{closure:{closure:Illuminate\\Pipeline\\Pipeline::carry():194}:195}(Object(Illuminate\\Http\\Request))
#36 /Users/zawhtetnaung/Documents/Webprojects/ecommerce-api/vendor/laravel/framework/src/Illuminate/Pipeline/Pipeline.php(219): Illuminate\\Http\\Middleware\\ValidatePostSize->handle(Object(Illuminate\\Http\\Request), Object(Closure))
#37 /Users/zawhtetnaung/Documents/Webprojects/ecommerce-api/vendor/laravel/framework/src/Illuminate/Foundation/Http/Middleware/PreventRequestsDuringMaintenance.php(109): Illuminate\\Pipeline\\Pipeline->{closure:{closure:Illuminate\\Pipeline\\Pipeline::carry():194}:195}(Object(Illuminate\\Http\\Request))
#38 /Users/zawhtetnaung/Documents/Webprojects/ecommerce-api/vendor/laravel/framework/src/Illuminate/Pipeline/Pipeline.php(219): Illuminate\\Foundation\\Http\\Middleware\\PreventRequestsDuringMaintenance->handle(Object(Illuminate\\Http\\Request), Object(Closure))
#39 /Users/zawhtetnaung/Documents/Webprojects/ecommerce-api/vendor/laravel/framework/src/Illuminate/Http/Middleware/HandleCors.php(74): Illuminate\\Pipeline\\Pipeline->{closure:{closure:Illuminate\\Pipeline\\Pipeline::carry():194}:195}(Object(Illuminate\\Http\\Request))
#40 /Users/zawhtetnaung/Documents/Webprojects/ecommerce-api/vendor/laravel/framework/src/Illuminate/Pipeline/Pipeline.php(219): Illuminate\\Http\\Middleware\\HandleCors->handle(Object(Illuminate\\Http\\Request), Object(Closure))
#41 /Users/zawhtetnaung/Documents/Webprojects/ecommerce-api/vendor/laravel/framework/src/Illuminate/Http/Middleware/TrustProxies.php(58): Illuminate\\Pipeline\\Pipeline->{closure:{closure:Illuminate\\Pipeline\\Pipeline::carry():194}:195}(Object(Illuminate\\Http\\Request))
#42 /Users/zawhtetnaung/Documents/Webprojects/ecommerce-api/vendor/laravel/framework/src/Illuminate/Pipeline/Pipeline.php(219): Illuminate\\Http\\Middleware\\TrustProxies->handle(Object(Illuminate\\Http\\Request), Object(Closure))
#43 /Users/zawhtetnaung/Documents/Webprojects/ecommerce-api/vendor/laravel/framework/src/Illuminate/Foundation/Http/Middleware/InvokeDeferredCallbacks.php(22): Illuminate\\Pipeline\\Pipeline->{closure:{closure:Illuminate\\Pipeline\\Pipeline::carry():194}:195}(Object(Illuminate\\Http\\Request))
#44 /Users/zawhtetnaung/Documents/Webprojects/ecommerce-api/vendor/laravel/framework/src/Illuminate/Pipeline/Pipeline.php(219): Illuminate\\Foundation\\Http\\Middleware\\InvokeDeferredCallbacks->handle(Object(Illuminate\\Http\\Request), Object(Closure))
#45 /Users/zawhtetnaung/Documents/Webprojects/ecommerce-api/vendor/laravel/framework/src/Illuminate/Http/Middleware/ValidatePathEncoding.php(26): Illuminate\\Pipeline\\Pipeline->{closure:{closure:Illuminate\\Pipeline\\Pipeline::carry():194}:195}(Object(Illuminate\\Http\\Request))
#46 /Users/zawhtetnaung/Documents/Webprojects/ecommerce-api/vendor/laravel/framework/src/Illuminate/Pipeline/Pipeline.php(219): Illuminate\\Http\\Middleware\\ValidatePathEncoding->handle(Object(Illuminate\\Http\\Request), Object(Closure))
#47 /Users/zawhtetnaung/Documents/Webprojects/ecommerce-api/vendor/laravel/framework/src/Illuminate/Pipeline/Pipeline.php(137): Illuminate\\Pipeline\\Pipeline->{closure:{closure:Illuminate\\Pipeline\\Pipeline::carry():194}:195}(Object(Illuminate\\Http\\Request))
#48 /Users/zawhtetnaung/Documents/Webprojects/ecommerce-api/vendor/laravel/framework/src/Illuminate/Foundation/Http/Kernel.php(175): Illuminate\\Pipeline\\Pipeline->then(Object(Closure))
#49 /Users/zawhtetnaung/Documents/Webprojects/ecommerce-api/vendor/laravel/framework/src/Illuminate/Foundation/Http/Kernel.php(144): Illuminate\\Foundation\\Http\\Kernel->sendRequestThroughRouter(Object(Illuminate\\Http\\Request))
#50 /Users/zawhtetnaung/Documents/Webprojects/ecommerce-api/vendor/laravel/framework/src/Illuminate/Foundation/Application.php(1220): Illuminate\\Foundation\\Http\\Kernel->handle(Object(Illuminate\\Http\\Request))
#51 /Users/zawhtetnaung/Documents/Webprojects/ecommerce-api/public/index.php(20): Illuminate\\Foundation\\Application->handleRequest(Object(Illuminate\\Http\\Request))
#52 /Users/zawhtetnaung/Documents/Webprojects/ecommerce-api/vendor/laravel/framework/src/Illuminate/Foundation/resources/server.php(23): require_once('/Users/zawhtetn...')
#53 {main}

[previous exception] [object] (PDOException(code: HY000): SQLSTATE[HY000]: General error: 1 no such column: colors.image_path at /Users/zawhtetnaung/Documents/Webprojects/ecommerce-api/vendor/laravel/framework/src/Illuminate/Database/Connection.php:420)
[stacktrace]
#0 /Users/zawhtetnaung/Documents/Webprojects/ecommerce-api/vendor/laravel/framework/src/Illuminate/Database/Connection.php(420): PDO->prepare('select \"colors\"...')
#1 /Users/zawhtetnaung/Documents/Webprojects/ecommerce-api/vendor/laravel/framework/src/Illuminate/Database/Connection.php(827): Illuminate\\Database\\Connection->{closure:Illuminate\\Database\\Connection::select():411}('select \"colors\"...', Array)
#2 /Users/zawhtetnaung/Documents/Webprojects/ecommerce-api/vendor/laravel/framework/src/Illuminate/Database/Connection.php(794): Illuminate\\Database\\Connection->runQueryCallback('select \"colors\"...', Array, Object(Closure))
#3 /Users/zawhtetnaung/Documents/Webprojects/ecommerce-api/vendor/laravel/framework/src/Illuminate/Database/Connection.php(411): Illuminate\\Database\\Connection->run('select \"colors\"...', Array, Object(Closure))
#4 /Users/zawhtetnaung/Documents/Webprojects/ecommerce-api/vendor/laravel/framework/src/Illuminate/Database/Query/Builder.php(3389): Illuminate\\Database\\Connection->select('select \"colors\"...', Array, true)
#5 /Users/zawhtetnaung/Documents/Webprojects/ecommerce-api/vendor/laravel/framework/src/Illuminate/Database/Query/Builder.php(3374): Illuminate\\Database\\Query\\Builder->runSelect()
#6 /Users/zawhtetnaung/Documents/Webprojects/ecommerce-api/vendor/laravel/framework/src/Illuminate/Database/Query/Builder.php(3964): Illuminate\\Database\\Query\\Builder->{closure:Illuminate\\Database\\Query\\Builder::get():3373}()
#7 /Users/zawhtetnaung/Documents/Webprojects/ecommerce-api/vendor/laravel/framework/src/Illuminate/Database/Query/Builder.php(3373): Illuminate\\Database\\Query\\Builder->onceWithColumns(Array, Object(Closure))
#8 /Users/zawhtetnaung/Documents/Webprojects/ecommerce-api/vendor/laravel/framework/src/Illuminate/Database/Eloquent/Builder.php(902): Illuminate\\Database\\Query\\Builder->get(Array)
#9 /Users/zawhtetnaung/Documents/Webprojects/ecommerce-api/vendor/laravel/framework/src/Illuminate/Database/Eloquent/Relations/BelongsToMany.php(910): Illuminate\\Database\\Eloquent\\Builder->getModels()
#10 /Users/zawhtetnaung/Documents/Webprojects/ecommerce-api/vendor/laravel/framework/src/Illuminate/Database/Eloquent/Relations/Relation.php(175): Illuminate\\Database\\Eloquent\\Relations\\BelongsToMany->get()
#11 /Users/zawhtetnaung/Documents/Webprojects/ecommerce-api/vendor/laravel/framework/src/Illuminate/Database/Eloquent/Builder.php(950): Illuminate\\Database\\Eloquent\\Relations\\Relation->getEager()
#12 /Users/zawhtetnaung/Documents/Webprojects/ecommerce-api/vendor/laravel/framework/src/Illuminate/Database/Eloquent/Builder.php(919): Illuminate\\Database\\Eloquent\\Builder->eagerLoadRelation(Array, 'colors', Object(Closure))
#13 /Users/zawhtetnaung/Documents/Webprojects/ecommerce-api/vendor/laravel/framework/src/Illuminate/Database/Eloquent/Builder.php(885): Illuminate\\Database\\Eloquent\\Builder->eagerLoadRelations(Array)
#14 /Users/zawhtetnaung/Documents/Webprojects/ecommerce-api/app/Http/Controllers/Api/ProductController.php(28): Illuminate\\Database\\Eloquent\\Builder->get()
#15 /Users/zawhtetnaung/Documents/Webprojects/ecommerce-api/vendor/laravel/framework/src/Illuminate/Routing/ControllerDispatcher.php(46): App\\Http\\Controllers\\Api\\ProductController->index()
#16 /Users/zawhtetnaung/Documents/Webprojects/ecommerce-api/vendor/laravel/framework/src/Illuminate/Routing/Route.php(265): Illuminate\\Routing\\ControllerDispatcher->dispatch(Object(Illuminate\\Routing\\Route), Object(App\\Http\\Controllers\\Api\\ProductController), 'index')
#17 /Users/zawhtetnaung/Documents/Webprojects/ecommerce-api/vendor/laravel/framework/src/Illuminate/Routing/Route.php(211): Illuminate\\Routing\\Route->runController()
#18 /Users/zawhtetnaung/Documents/Webprojects/ecommerce-api/vendor/laravel/framework/src/Illuminate/Routing/Router.php(822): Illuminate\\Routing\\Route->run()
#19 /Users/zawhtetnaung/Documents/Webprojects/ecommerce-api/vendor/laravel/framework/src/Illuminate/Pipeline/Pipeline.php(180): Illuminate\\Routing\\Router->{closure:Illuminate\\Routing\\Router::runRouteWithinStack():821}(Object(Illuminate\\Http\\Request))
#20 /Users/zawhtetnaung/Documents/Webprojects/ecommerce-api/vendor/laravel/framework/src/Illuminate/Routing/Middleware/SubstituteBindings.php(50): Illuminate\\Pipeline\\Pipeline->{closure:Illuminate\\Pipeline\\Pipeline::prepareDestination():178}(Object(Illuminate\\Http\\Request))
#21 /Users/zawhtetnaung/Documents/Webprojects/ecommerce-api/vendor/laravel/framework/src/Illuminate/Pipeline/Pipeline.php(219): Illuminate\\Routing\\Middleware\\SubstituteBindings->handle(Object(Illuminate\\Http\\Request), Object(Closure))
#22 /Users/zawhtetnaung/Documents/Webprojects/ecommerce-api/vendor/laravel/framework/src/Illuminate/Auth/Middleware/Authenticate.php(63): Illuminate\\Pipeline\\Pipeline->{closure:{closure:Illuminate\\Pipeline\\Pipeline::carry():194}:195}(Object(Illuminate\\Http\\Request))
#23 /Users/zawhtetnaung/Documents/Webprojects/ecommerce-api/vendor/laravel/framework/src/Illuminate/Pipeline/Pipeline.php(219): Illuminate\\Auth\\Middleware\\Authenticate->handle(Object(Illuminate\\Http\\Request), Object(Closure), 'sanctum')
#24 /Users/zawhtetnaung/Documents/Webprojects/ecommerce-api/vendor/laravel/framework/src/Illuminate/Pipeline/Pipeline.php(137): Illuminate\\Pipeline\\Pipeline->{closure:{closure:Illuminate\\Pipeline\\Pipeline::carry():194}:195}(Object(Illuminate\\Http\\Request))
#25 /Users/zawhtetnaung/Documents/Webprojects/ecommerce-api/vendor/laravel/framework/src/Illuminate/Routing/Router.php(821): Illuminate\\Pipeline\\Pipeline->then(Object(Closure))
#26 /Users/zawhtetnaung/Documents/Webprojects/ecommerce-api/vendor/laravel/framework/src/Illuminate/Routing/Router.php(800): Illuminate\\Routing\\Router->runRouteWithinStack(Object(Illuminate\\Routing\\Route), Object(Illuminate\\Http\\Request))
#27 /Users/zawhtetnaung/Documents/Webprojects/ecommerce-api/vendor/laravel/framework/src/Illuminate/Routing/Router.php(764): Illuminate\\Routing\\Router->runRoute(Object(Illuminate\\Http\\Request), Object(Illuminate\\Routing\\Route))
#28 /Users/zawhtetnaung/Documents/Webprojects/ecommerce-api/vendor/laravel/framework/src/Illuminate/Routing/Router.php(753): Illuminate\\Routing\\Router->dispatchToRoute(Object(Illuminate\\Http\\Request))
#29 /Users/zawhtetnaung/Documents/Webprojects/ecommerce-api/vendor/laravel/framework/src/Illuminate/Foundation/Http/Kernel.php(200): Illuminate\\Routing\\Router->dispatch(Object(Illuminate\\Http\\Request))
#30 /Users/zawhtetnaung/Documents/Webprojects/ecommerce-api/vendor/laravel/framework/src/Illuminate/Pipeline/Pipeline.php(180): Illuminate\\Foundation\\Http\\Kernel->{closure:Illuminate\\Foundation\\Http\\Kernel::dispatchToRouter():197}(Object(Illuminate\\Http\\Request))
#31 /Users/zawhtetnaung/Documents/Webprojects/ecommerce-api/vendor/laravel/framework/src/Illuminate/Foundation/Http/Middleware/TransformsRequest.php(21): Illuminate\\Pipeline\\Pipeline->{closure:Illuminate\\Pipeline\\Pipeline::prepareDestination():178}(Object(Illuminate\\Http\\Request))
#32 /Users/zawhtetnaung/Documents/Webprojects/ecommerce-api/vendor/laravel/framework/src/Illuminate/Foundation/Http/Middleware/ConvertEmptyStringsToNull.php(31): Illuminate\\Foundation\\Http\\Middleware\\TransformsRequest->handle(Object(Illuminate\\Http\\Request), Object(Closure))
#33 /Users/zawhtetnaung/Documents/Webprojects/ecommerce-api/vendor/laravel/framework/src/Illuminate/Pipeline/Pipeline.php(219): Illuminate\\Foundation\\Http\\Middleware\\ConvertEmptyStringsToNull->handle(Object(Illuminate\\Http\\Request), Object(Closure))
#34 /Users/zawhtetnaung/Documents/Webprojects/ecommerce-api/vendor/laravel/framework/src/Illuminate/Foundation/Http/Middleware/TransformsRequest.php(21): Illuminate\\Pipeline\\Pipeline->{closure:{closure:Illuminate\\Pipeline\\Pipeline::carry():194}:195}(Object(Illuminate\\Http\\Request))
#35 /Users/zawhtetnaung/Documents/Webprojects/ecommerce-api/vendor/laravel/framework/src/Illuminate/Foundation/Http/Middleware/TrimStrings.php(51): Illuminate\\Foundation\\Http\\Middleware\\TransformsRequest->handle(Object(Illuminate\\Http\\Request), Object(Closure))
#36 /Users/zawhtetnaung/Documents/Webprojects/ecommerce-api/vendor/laravel/framework/src/Illuminate/Pipeline/Pipeline.php(219): Illuminate\\Foundation\\Http\\Middleware\\TrimStrings->handle(Object(Illuminate\\Http\\Request), Object(Closure))
#37 /Users/zawhtetnaung/Documents/Webprojects/ecommerce-api/vendor/laravel/framework/src/Illuminate/Http/Middleware/ValidatePostSize.php(27): Illuminate\\Pipeline\\Pipeline->{closure:{closure:Illuminate\\Pipeline\\Pipeline::carry():194}:195}(Object(Illuminate\\Http\\Request))
#38 /Users/zawhtetnaung/Documents/Webprojects/ecommerce-api/vendor/laravel/framework/src/Illuminate/Pipeline/Pipeline.php(219): Illuminate\\Http\\Middleware\\ValidatePostSize->handle(Object(Illuminate\\Http\\Request), Object(Closure))
#39 /Users/zawhtetnaung/Documents/Webprojects/ecommerce-api/vendor/laravel/framework/src/Illuminate/Foundation/Http/Middleware/PreventRequestsDuringMaintenance.php(109): Illuminate\\Pipeline\\Pipeline->{closure:{closure:Illuminate\\Pipeline\\Pipeline::carry():194}:195}(Object(Illuminate\\Http\\Request))
#40 /Users/zawhtetnaung/Documents/Webprojects/ecommerce-api/vendor/laravel/framework/src/Illuminate/Pipeline/Pipeline.php(219): Illuminate\\Foundation\\Http\\Middleware\\PreventRequestsDuringMaintenance->handle(Object(Illuminate\\Http\\Request), Object(Closure))
#41 /Users/zawhtetnaung/Documents/Webprojects/ecommerce-api/vendor/laravel/framework/src/Illuminate/Http/Middleware/HandleCors.php(74): Illuminate\\Pipeline\\Pipeline->{closure:{closure:Illuminate\\Pipeline\\Pipeline::carry():194}:195}(Object(Illuminate\\Http\\Request))
#42 /Users/zawhtetnaung/Documents/Webprojects/ecommerce-api/vendor/laravel/framework/src/Illuminate/Pipeline/Pipeline.php(219): Illuminate\\Http\\Middleware\\HandleCors->handle(Object(Illuminate\\Http\\Request), Object(Closure))
#43 /Users/zawhtetnaung/Documents/Webprojects/ecommerce-api/vendor/laravel/framework/src/Illuminate/Http/Middleware/TrustProxies.php(58): Illuminate\\Pipeline\\Pipeline->{closure:{closure:Illuminate\\Pipeline\\Pipeline::carry():194}:195}(Object(Illuminate\\Http\\Request))
#44 /Users/zawhtetnaung/Documents/Webprojects/ecommerce-api/vendor/laravel/framework/src/Illuminate/Pipeline/Pipeline.php(219): Illuminate\\Http\\Middleware\\TrustProxies->handle(Object(Illuminate\\Http\\Request), Object(Closure))
#45 /Users/zawhtetnaung/Documents/Webprojects/ecommerce-api/vendor/laravel/framework/src/Illuminate/Foundation/Http/Middleware/InvokeDeferredCallbacks.php(22): Illuminate\\Pipeline\\Pipeline->{closure:{closure:Illuminate\\Pipeline\\Pipeline::carry():194}:195}(Object(Illuminate\\Http\\Request))
#46 /Users/zawhtetnaung/Documents/Webprojects/ecommerce-api/vendor/laravel/framework/src/Illuminate/Pipeline/Pipeline.php(219): Illuminate\\Foundation\\Http\\Middleware\\InvokeDeferredCallbacks->handle(Object(Illuminate\\Http\\Request), Object(Closure))
#47 /Users/zawhtetnaung/Documents/Webprojects/ecommerce-api/vendor/laravel/framework/src/Illuminate/Http/Middleware/ValidatePathEncoding.php(26): Illuminate\\Pipeline\\Pipeline->{closure:{closure:Illuminate\\Pipeline\\Pipeline::carry():194}:195}(Object(Illuminate\\Http\\Request))
#48 /Users/zawhtetnaung/Documents/Webprojects/ecommerce-api/vendor/laravel/framework/src/Illuminate/Pipeline/Pipeline.php(219): Illuminate\\Http\\Middleware\\ValidatePathEncoding->handle(Object(Illuminate\\Http\\Request), Object(Closure))
#49 /Users/zawhtetnaung/Documents/Webprojects/ecommerce-api/vendor/laravel/framework/src/Illuminate/Pipeline/Pipeline.php(137): Illuminate\\Pipeline\\Pipeline->{closure:{closure:Illuminate\\Pipeline\\Pipeline::carry():194}:195}(Object(Illuminate\\Http\\Request))
#50 /Users/zawhtetnaung/Documents/Webprojects/ecommerce-api/vendor/laravel/framework/src/Illuminate/Foundation/Http/Kernel.php(175): Illuminate\\Pipeline\\Pipeline->then(Object(Closure))
#51 /Users/zawhtetnaung/Documents/Webprojects/ecommerce-api/vendor/laravel/framework/src/Illuminate/Foundation/Http/Kernel.php(144): Illuminate\\Foundation\\Http\\Kernel->sendRequestThroughRouter(Object(Illuminate\\Http\\Request))
#52 /Users/zawhtetnaung/Documents/Webprojects/ecommerce-api/vendor/laravel/framework/src/Illuminate/Foundation/Application.php(1220): Illuminate\\Foundation\\Http\\Kernel->handle(Object(Illuminate\\Http\\Request))
#53 /Users/zawhtetnaung/Documents/Webprojects/ecommerce-api/public/index.php(20): Illuminate\\Foundation\\Application->handleRequest(Object(Illuminate\\Http\\Request))
#54 /Users/zawhtetnaung/Documents/Webprojects/ecommerce-api/vendor/laravel/framework/src/Illuminate/Foundation/resources/server.php(23): require_once('/Users/zawhtetn...')
#55 {main}
"} 
[2026-02-05 13:01:23] local.ERROR: SQLSTATE[HY000]: General error: 1 no such column: image_path (Connection: sqlite, Database: /Users/zawhtetnaung/Documents/Webprojects/ecommerce-api/database/database.sqlite, SQL: update "categories" set "image_path" = categories/mOsJcRFEQ6ULx2ANhdAcwEBZdHxpDypNg9CGMe2I.jpg, "updated_at" = 2026-02-05 13:01:23 where "id" = 4) {"userId":2,"exception":"[object] (Illuminate\\Database\\QueryException(code: HY000): SQLSTATE[HY000]: General error: 1 no such column: image_path (Connection: sqlite, Database: /Users/zawhtetnaung/Documents/Webprojects/ecommerce-api/database/database.sqlite, SQL: update \"categories\" set \"image_path\" = categories/mOsJcRFEQ6ULx2ANhdAcwEBZdHxpDypNg9CGMe2I.jpg, \"updated_at\" = 2026-02-05 13:01:23 where \"id\" = 4) at /Users/zawhtetnaung/Documents/Webprojects/ecommerce-api/vendor/laravel/framework/src/Illuminate/Database/Connection.php:838)
[stacktrace]
#0 /Users/zawhtetnaung/Documents/Webprojects/ecommerce-api/vendor/laravel/framework/src/Illuminate/Database/Connection.php(794): Illuminate\\Database\\Connection->runQueryCallback('update \"categor...', Array, Object(Closure))
#1 /Users/zawhtetnaung/Documents/Webprojects/ecommerce-api/vendor/laravel/framework/src/Illuminate/Database/Connection.php(597): Illuminate\\Database\\Connection->run('update \"categor...', Array, Object(Closure))
#2 /Users/zawhtetnaung/Documents/Webprojects/ecommerce-api/vendor/laravel/framework/src/Illuminate/Database/Connection.php(549): Illuminate\\Database\\Connection->affectingStatement('update \"categor...', Array)
#3 /Users/zawhtetnaung/Documents/Webprojects/ecommerce-api/vendor/laravel/framework/src/Illuminate/Database/Query/Builder.php(4118): Illuminate\\Database\\Connection->update('update \"categor...', Array)
#4 /Users/zawhtetnaung/Documents/Webprojects/ecommerce-api/vendor/laravel/framework/src/Illuminate/Database/Eloquent/Builder.php(1266): Illuminate\\Database\\Query\\Builder->update(Object(Illuminate\\Support\\Collection))
#5 /Users/zawhtetnaung/Documents/Webprojects/ecommerce-api/vendor/laravel/framework/src/Illuminate/Database/Eloquent/Model.php(1316): Illuminate\\Database\\Eloquent\\Builder->update(Array)
#6 /Users/zawhtetnaung/Documents/Webprojects/ecommerce-api/vendor/laravel/framework/src/Illuminate/Database/Eloquent/Model.php(1233): Illuminate\\Database\\Eloquent\\Model->performUpdate(Object(Illuminate\\Database\\Eloquent\\Builder))
#7 /Users/zawhtetnaung/Documents/Webprojects/ecommerce-api/vendor/laravel/framework/src/Illuminate/Database/Eloquent/Model.php(1090): Illuminate\\Database\\Eloquent\\Model->save(Array)
#8 /Users/zawhtetnaung/Documents/Webprojects/ecommerce-api/app/Http/Controllers/Api/CategoryController.php(98): Illuminate\\Database\\Eloquent\\Model->update(Array)
#9 /Users/zawhtetnaung/Documents/Webprojects/ecommerce-api/vendor/laravel/framework/src/Illuminate/Routing/ControllerDispatcher.php(46): App\\Http\\Controllers\\Api\\CategoryController->update(Object(Illuminate\\Http\\Request), Object(App\\Models\\Category))
#10 /Users/zawhtetnaung/Documents/Webprojects/ecommerce-api/vendor/laravel/framework/src/Illuminate/Routing/Route.php(265): Illuminate\\Routing\\ControllerDispatcher->dispatch(Object(Illuminate\\Routing\\Route), Object(App\\Http\\Controllers\\Api\\CategoryController), 'update')
#11 /Users/zawhtetnaung/Documents/Webprojects/ecommerce-api/vendor/laravel/framework/src/Illuminate/Routing/Route.php(211): Illuminate\\Routing\\Route->runController()
#12 /Users/zawhtetnaung/Documents/Webprojects/ecommerce-api/vendor/laravel/framework/src/Illuminate/Routing/Router.php(822): Illuminate\\Routing\\Route->run()
#13 /Users/zawhtetnaung/Documents/Webprojects/ecommerce-api/vendor/laravel/framework/src/Illuminate/Pipeline/Pipeline.php(180): Illuminate\\Routing\\Router->{closure:Illuminate\\Routing\\Router::runRouteWithinStack():821}(Object(Illuminate\\Http\\Request))
#14 /Users/zawhtetnaung/Documents/Webprojects/ecommerce-api/vendor/laravel/framework/src/Illuminate/Routing/Middleware/SubstituteBindings.php(50): Illuminate\\Pipeline\\Pipeline->{closure:Illuminate\\Pipeline\\Pipeline::prepareDestination():178}(Object(Illuminate\\Http\\Request))
#15 /Users/zawhtetnaung/Documents/Webprojects/ecommerce-api/vendor/laravel/framework/src/Illuminate/Pipeline/Pipeline.php(219): Illuminate\\Routing\\Middleware\\SubstituteBindings->handle(Object(Illuminate\\Http\\Request), Object(Closure))
#16 /Users/zawhtetnaung/Documents/Webprojects/ecommerce-api/vendor/laravel/framework/src/Illuminate/Auth/Middleware/Authenticate.php(63): Illuminate\\Pipeline\\Pipeline->{closure:{closure:Illuminate\\Pipeline\\Pipeline::carry():194}:195}(Object(Illuminate\\Http\\Request))
#17 /Users/zawhtetnaung/Documents/Webprojects/ecommerce-api/vendor/laravel/framework/src/Illuminate/Pipeline/Pipeline.php(219): Illuminate\\Auth\\Middleware\\Authenticate->handle(Object(Illuminate\\Http\\Request), Object(Closure), 'sanctum')
#18 /Users/zawhtetnaung/Documents/Webprojects/ecommerce-api/vendor/laravel/framework/src/Illuminate/Pipeline/Pipeline.php(137): Illuminate\\Pipeline\\Pipeline->{closure:{closure:Illuminate\\Pipeline\\Pipeline::carry():194}:195}(Object(Illuminate\\Http\\Request))
#19 /Users/zawhtetnaung/Documents/Webprojects/ecommerce-api/vendor/laravel/framework/src/Illuminate/Routing/Router.php(821): Illuminate\\Pipeline\\Pipeline->then(Object(Closure))
#20 /Users/zawhtetnaung/Documents/Webprojects/ecommerce-api/vendor/laravel/framework/src/Illuminate/Routing/Router.php(800): Illuminate\\Routing\\Router->runRouteWithinStack(Object(Illuminate\\Routing\\Route), Object(Illuminate\\Http\\Request))
#21 /Users/zawhtetnaung/Documents/Webprojects/ecommerce-api/vendor/laravel/framework/src/Illuminate/Routing/Router.php(764): Illuminate\\Routing\\Router->runRoute(Object(Illuminate\\Http\\Request), Object(Illuminate\\Routing\\Route))
#22 /Users/zawhtetnaung/Documents/Webprojects/ecommerce-api/vendor/laravel/framework/src/Illuminate/Routing/Router.php(753): Illuminate\\Routing\\Router->dispatchToRoute(Object(Illuminate\\Http\\Request))
#23 /Users/zawhtetnaung/Documents/Webprojects/ecommerce-api/vendor/laravel/framework/src/Illuminate/Foundation/Http/Kernel.php(200): Illuminate\\Routing\\Router->dispatch(Object(Illuminate\\Http\\Request))
#24 /Users/zawhtetnaung/Documents/Webprojects/ecommerce-api/vendor/laravel/framework/src/Illuminate/Pipeline/Pipeline.php(180): Illuminate\\Foundation\\Http\\Kernel->{closure:Illuminate\\Foundation\\Http\\Kernel::dispatchToRouter():197}(Object(Illuminate\\Http\\Request))
#25 /Users/zawhtetnaung/Documents/Webprojects/ecommerce-api/vendor/laravel/framework/src/Illuminate/Foundation/Http/Middleware/TransformsRequest.php(21): Illuminate\\Pipeline\\Pipeline->{closure:Illuminate\\Pipeline\\Pipeline::prepareDestination():178}(Object(Illuminate\\Http\\Request))
#26 /Users/zawhtetnaung/Documents/Webprojects/ecommerce-api/vendor/laravel/framework/src/Illuminate/Foundation/Http/Middleware/ConvertEmptyStringsToNull.php(31): Illuminate\\Foundation\\Http\\Middleware\\TransformsRequest->handle(Object(Illuminate\\Http\\Request), Object(Closure))
#27 /Users/zawhtetnaung/Documents/Webprojects/ecommerce-api/vendor/laravel/framework/src/Illuminate/Pipeline/Pipeline.php(219): Illuminate\\Foundation\\Http\\Middleware\\ConvertEmptyStringsToNull->handle(Object(Illuminate\\Http\\Request), Object(Closure))
#28 /Users/zawhtetnaung/Documents/Webprojects/ecommerce-api/vendor/laravel/framework/src/Illuminate/Foundation/Http/Middleware/TransformsRequest.php(21): Illuminate\\Pipeline\\Pipeline->{closure:{closure:Illuminate\\Pipeline\\Pipeline::carry():194}:195}(Object(Illuminate\\Http\\Request))
#29 /Users/zawhtetnaung/Documents/Webprojects/ecommerce-api/vendor/laravel/framework/src/Illuminate/Foundation/Http/Middleware/TrimStrings.php(51): Illuminate\\Foundation\\Http\\Middleware\\TransformsRequest->handle(Object(Illuminate\\Http\\Request), Object(Closure))
#30 /Users/zawhtetnaung/Documents/Webprojects/ecommerce-api/vendor/laravel/framework/src/Illuminate/Pipeline/Pipeline.php(219): Illuminate\\Foundation\\Http\\Middleware\\TrimStrings->handle(Object(Illuminate\\Http\\Request), Object(Closure))
#31 /Users/zawhtetnaung/Documents/Webprojects/ecommerce-api/vendor/laravel/framework/src/Illuminate/Http/Middleware/ValidatePostSize.php(27): Illuminate\\Pipeline\\Pipeline->{closure:{closure:Illuminate\\Pipeline\\Pipeline::carry():194}:195}(Object(Illuminate\\Http\\Request))
#32 /Users/zawhtetnaung/Documents/Webprojects/ecommerce-api/vendor/laravel/framework/src/Illuminate/Pipeline/Pipeline.php(219): Illuminate\\Http\\Middleware\\ValidatePostSize->handle(Object(Illuminate\\Http\\Request), Object(Closure))
#33 /Users/zawhtetnaung/Documents/Webprojects/ecommerce-api/vendor/laravel/framework/src/Illuminate/Foundation/Http/Middleware/PreventRequestsDuringMaintenance.php(109): Illuminate\\Pipeline\\Pipeline->{closure:{closure:Illuminate\\Pipeline\\Pipeline::carry():194}:195}(Object(Illuminate\\Http\\Request))
#34 /Users/zawhtetnaung/Documents/Webprojects/ecommerce-api/vendor/laravel/framework/src/Illuminate/Pipeline/Pipeline.php(219): Illuminate\\Foundation\\Http\\Middleware\\PreventRequestsDuringMaintenance->handle(Object(Illuminate\\Http\\Request), Object(Closure))
#35 /Users/zawhtetnaung/Documents/Webprojects/ecommerce-api/vendor/laravel/framework/src/Illuminate/Http/Middleware/HandleCors.php(74): Illuminate\\Pipeline\\Pipeline->{closure:{closure:Illuminate\\Pipeline\\Pipeline::carry():194}:195}(Object(Illuminate\\Http\\Request))
#36 /Users/zawhtetnaung/Documents/Webprojects/ecommerce-api/vendor/laravel/framework/src/Illuminate/Pipeline/Pipeline.php(219): Illuminate\\Http\\Middleware\\HandleCors->handle(Object(Illuminate\\Http\\Request), Object(Closure))
#37 /Users/zawhtetnaung/Documents/Webprojects/ecommerce-api/vendor/laravel/framework/src/Illuminate/Http/Middleware/TrustProxies.php(58): Illuminate\\Pipeline\\Pipeline->{closure:{closure:Illuminate\\Pipeline\\Pipeline::carry():194}:195}(Object(Illuminate\\Http\\Request))
#38 /Users/zawhtetnaung/Documents/Webprojects/ecommerce-api/vendor/laravel/framework/src/Illuminate/Pipeline/Pipeline.php(219): Illuminate\\Http\\Middleware\\TrustProxies->handle(Object(Illuminate\\Http\\Request), Object(Closure))
#39 /Users/zawhtetnaung/Documents/Webprojects/ecommerce-api/vendor/laravel/framework/src/Illuminate/Foundation/Http/Middleware/InvokeDeferredCallbacks.php(22): Illuminate\\Pipeline\\Pipeline->{closure:{closure:Illuminate\\Pipeline\\Pipeline::carry():194}:195}(Object(Illuminate\\Http\\Request))
#40 /Users/zawhtetnaung/Documents/Webprojects/ecommerce-api/vendor/laravel/framework/src/Illuminate/Pipeline/Pipeline.php(219): Illuminate\\Foundation\\Http\\Middleware\\InvokeDeferredCallbacks->handle(Object(Illuminate\\Http\\Request), Object(Closure))
#41 /Users/zawhtetnaung/Documents/Webprojects/ecommerce-api/vendor/laravel/framework/src/Illuminate/Http/Middleware/ValidatePathEncoding.php(26): Illuminate\\Pipeline\\Pipeline->{closure:{closure:Illuminate\\Pipeline\\Pipeline::carry():194}:195}(Object(Illuminate\\Http\\Request))
#42 /Users/zawhtetnaung/Documents/Webprojects/ecommerce-api/vendor/laravel/framework/src/Illuminate/Pipeline/Pipeline.php(219): Illuminate\\Http\\Middleware\\ValidatePathEncoding->handle(Object(Illuminate\\Http\\Request), Object(Closure))
#43 /Users/zawhtetnaung/Documents/Webprojects/ecommerce-api/vendor/laravel/framework/src/Illuminate/Pipeline/Pipeline.php(137): Illuminate\\Pipeline\\Pipeline->{closure:{closure:Illuminate\\Pipeline\\Pipeline::carry():194}:195}(Object(Illuminate\\Http\\Request))
#44 /Users/zawhtetnaung/Documents/Webprojects/ecommerce-api/vendor/laravel/framework/src/Illuminate/Foundation/Http/Kernel.php(175): Illuminate\\Pipeline\\Pipeline->then(Object(Closure))
#45 /Users/zawhtetnaung/Documents/Webprojects/ecommerce-api/vendor/laravel/framework/src/Illuminate/Foundation/Http/Kernel.php(144): Illuminate\\Foundation\\Http\\Kernel->sendRequestThroughRouter(Object(Illuminate\\Http\\Request))
#46 /Users/zawhtetnaung/Documents/Webprojects/ecommerce-api/vendor/laravel/framework/src/Illuminate/Foundation/Application.php(1220): Illuminate\\Foundation\\Http\\Kernel->handle(Object(Illuminate\\Http\\Request))
#47 /Users/zawhtetnaung/Documents/Webprojects/ecommerce-api/public/index.php(20): Illuminate\\Foundation\\Application->handleRequest(Object(Illuminate\\Http\\Request))
#48 /Users/zawhtetnaung/Documents/Webprojects/ecommerce-api/vendor/laravel/framework/src/Illuminate/Foundation/resources/server.php(23): require_once('/Users/zawhtetn...')
#49 {main}

[previous exception] [object] (PDOException(code: HY000): SQLSTATE[HY000]: General error: 1 no such column: image_path at /Users/zawhtetnaung/Documents/Webprojects/ecommerce-api/vendor/laravel/framework/src/Illuminate/Database/Connection.php:605)
[stacktrace]
#0 /Users/zawhtetnaung/Documents/Webprojects/ecommerce-api/vendor/laravel/framework/src/Illuminate/Database/Connection.php(605): PDO->prepare('update \"categor...')
#1 /Users/zawhtetnaung/Documents/Webprojects/ecommerce-api/vendor/laravel/framework/src/Illuminate/Database/Connection.php(827): Illuminate\\Database\\Connection->{closure:Illuminate\\Database\\Connection::affectingStatement():597}('update \"categor...', Array)
#2 /Users/zawhtetnaung/Documents/Webprojects/ecommerce-api/vendor/laravel/framework/src/Illuminate/Database/Connection.php(794): Illuminate\\Database\\Connection->runQueryCallback('update \"categor...', Array, Object(Closure))
#3 /Users/zawhtetnaung/Documents/Webprojects/ecommerce-api/vendor/laravel/framework/src/Illuminate/Database/Connection.php(597): Illuminate\\Database\\Connection->run('update \"categor...', Array, Object(Closure))
#4 /Users/zawhtetnaung/Documents/Webprojects/ecommerce-api/vendor/laravel/framework/src/Illuminate/Database/Connection.php(549): Illuminate\\Database\\Connection->affectingStatement('update \"categor...', Array)
#5 /Users/zawhtetnaung/Documents/Webprojects/ecommerce-api/vendor/laravel/framework/src/Illuminate/Database/Query/Builder.php(4118): Illuminate\\Database\\Connection->update('update \"categor...', Array)
#6 /Users/zawhtetnaung/Documents/Webprojects/ecommerce-api/vendor/laravel/framework/src/Illuminate/Database/Eloquent/Builder.php(1266): Illuminate\\Database\\Query\\Builder->update(Object(Illuminate\\Support\\Collection))
#7 /Users/zawhtetnaung/Documents/Webprojects/ecommerce-api/vendor/laravel/framework/src/Illuminate/Database/Eloquent/Model.php(1316): Illuminate\\Database\\Eloquent\\Builder->update(Array)
#8 /Users/zawhtetnaung/Documents/Webprojects/ecommerce-api/vendor/laravel/framework/src/Illuminate/Database/Eloquent/Model.php(1233): Illuminate\\Database\\Eloquent\\Model->performUpdate(Object(Illuminate\\Database\\Eloquent\\Builder))
#9 /Users/zawhtetnaung/Documents/Webprojects/ecommerce-api/vendor/laravel/framework/src/Illuminate/Database/Eloquent/Model.php(1090): Illuminate\\Database\\Eloquent\\Model->save(Array)
#10 /Users/zawhtetnaung/Documents/Webprojects/ecommerce-api/app/Http/Controllers/Api/CategoryController.php(98): Illuminate\\Database\\Eloquent\\Model->update(Array)
#11 /Users/zawhtetnaung/Documents/Webprojects/ecommerce-api/vendor/laravel/framework/src/Illuminate/Routing/ControllerDispatcher.php(46): App\\Http\\Controllers\\Api\\CategoryController->update(Object(Illuminate\\Http\\Request), Object(App\\Models\\Category))
#12 /Users/zawhtetnaung/Documents/Webprojects/ecommerce-api/vendor/laravel/framework/src/Illuminate/Routing/Route.php(265): Illuminate\\Routing\\ControllerDispatcher->dispatch(Object(Illuminate\\Routing\\Route), Object(App\\Http\\Controllers\\Api\\CategoryController), 'update')
#13 /Users/zawhtetnaung/Documents/Webprojects/ecommerce-api/vendor/laravel/framework/src/Illuminate/Routing/Route.php(211): Illuminate\\Routing\\Route->runController()
#14 /Users/zawhtetnaung/Documents/Webprojects/ecommerce-api/vendor/laravel/framework/src/Illuminate/Routing/Router.php(822): Illuminate\\Routing\\Route->run()
#15 /Users/zawhtetnaung/Documents/Webprojects/ecommerce-api/vendor/laravel/framework/src/Illuminate/Pipeline/Pipeline.php(180): Illuminate\\Routing\\Router->{closure:Illuminate\\Routing\\Router::runRouteWithinStack():821}(Object(Illuminate\\Http\\Request))
#16 /Users/zawhtetnaung/Documents/Webprojects/ecommerce-api/vendor/laravel/framework/src/Illuminate/Routing/Middleware/SubstituteBindings.php(50): Illuminate\\Pipeline\\Pipeline->{closure:Illuminate\\Pipeline\\Pipeline::prepareDestination():178}(Object(Illuminate\\Http\\Request))
#17 /Users/zawhtetnaung/Documents/Webprojects/ecommerce-api/vendor/laravel/framework/src/Illuminate/Pipeline/Pipeline.php(219): Illuminate\\Routing\\Middleware\\SubstituteBindings->handle(Object(Illuminate\\Http\\Request), Object(Closure))
#18 /Users/zawhtetnaung/Documents/Webprojects/ecommerce-api/vendor/laravel/framework/src/Illuminate/Auth/Middleware/Authenticate.php(63): Illuminate\\Pipeline\\Pipeline->{closure:{closure:Illuminate\\Pipeline\\Pipeline::carry():194}:195}(Object(Illuminate\\Http\\Request))
#19 /Users/zawhtetnaung/Documents/Webprojects/ecommerce-api/vendor/laravel/framework/src/Illuminate/Pipeline/Pipeline.php(219): Illuminate\\Auth\\Middleware\\Authenticate->handle(Object(Illuminate\\Http\\Request), Object(Closure), 'sanctum')
#20 /Users/zawhtetnaung/Documents/Webprojects/ecommerce-api/vendor/laravel/framework/src/Illuminate/Pipeline/Pipeline.php(137): Illuminate\\Pipeline\\Pipeline->{closure:{closure:Illuminate\\Pipeline\\Pipeline::carry():194}:195}(Object(Illuminate\\Http\\Request))
#21 /Users/zawhtetnaung/Documents/Webprojects/ecommerce-api/vendor/laravel/framework/src/Illuminate/Routing/Router.php(821): Illuminate\\Pipeline\\Pipeline->then(Object(Closure))
#22 /Users/zawhtetnaung/Documents/Webprojects/ecommerce-api/vendor/laravel/framework/src/Illuminate/Routing/Router.php(800): Illuminate\\Routing\\Router->runRouteWithinStack(Object(Illuminate\\Routing\\Route), Object(Illuminate\\Http\\Request))
#23 /Users/zawhtetnaung/Documents/Webprojects/ecommerce-api/vendor/laravel/framework/src/Illuminate/Routing/Router.php(764): Illuminate\\Routing\\Router->runRoute(Object(Illuminate\\Http\\Request), Object(Illuminate\\Routing\\Route))
#24 /Users/zawhtetnaung/Documents/Webprojects/ecommerce-api/vendor/laravel/framework/src/Illuminate/Routing/Router.php(753): Illuminate\\Routing\\Router->dispatchToRoute(Object(Illuminate\\Http\\Request))
#25 /Users/zawhtetnaung/Documents/Webprojects/ecommerce-api/vendor/laravel/framework/src/Illuminate/Foundation/Http/Kernel.php(200): Illuminate\\Routing\\Router->dispatch(Object(Illuminate\\Http\\Request))
#26 /Users/zawhtetnaung/Documents/Webprojects/ecommerce-api/vendor/laravel/framework/src/Illuminate/Pipeline/Pipeline.php(180): Illuminate\\Foundation\\Http\\Kernel->{closure:Illuminate\\Foundation\\Http\\Kernel::dispatchToRouter():197}(Object(Illuminate\\Http\\Request))
#27 /Users/zawhtetnaung/Documents/Webprojects/ecommerce-api/vendor/laravel/framework/src/Illuminate/Foundation/Http/Middleware/TransformsRequest.php(21): Illuminate\\Pipeline\\Pipeline->{closure:Illuminate\\Pipeline\\Pipeline::prepareDestination():178}(Object(Illuminate\\Http\\Request))
#28 /Users/zawhtetnaung/Documents/Webprojects/ecommerce-api/vendor/laravel/framework/src/Illuminate/Foundation/Http/Middleware/ConvertEmptyStringsToNull.php(31): Illuminate\\Foundation\\Http\\Middleware\\TransformsRequest->handle(Object(Illuminate\\Http\\Request), Object(Closure))
#29 /Users/zawhtetnaung/Documents/Webprojects/ecommerce-api/vendor/laravel/framework/src/Illuminate/Pipeline/Pipeline.php(219): Illuminate\\Foundation\\Http\\Middleware\\ConvertEmptyStringsToNull->handle(Object(Illuminate\\Http\\Request), Object(Closure))
#30 /Users/zawhtetnaung/Documents/Webprojects/ecommerce-api/vendor/laravel/framework/src/Illuminate/Foundation/Http/Middleware/TransformsRequest.php(21): Illuminate\\Pipeline\\Pipeline->{closure:{closure:Illuminate\\Pipeline\\Pipeline::carry():194}:195}(Object(Illuminate\\Http\\Request))
#31 /Users/zawhtetnaung/Documents/Webprojects/ecommerce-api/vendor/laravel/framework/src/Illuminate/Foundation/Http/Middleware/TrimStrings.php(51): Illuminate\\Foundation\\Http\\Middleware\\TransformsRequest->handle(Object(Illuminate\\Http\\Request), Object(Closure))
#32 /Users/zawhtetnaung/Documents/Webprojects/ecommerce-api/vendor/laravel/framework/src/Illuminate/Pipeline/Pipeline.php(219): Illuminate\\Foundation\\Http\\Middleware\\TrimStrings->handle(Object(Illuminate\\Http\\Request), Object(Closure))
#33 /Users/zawhtetnaung/Documents/Webprojects/ecommerce-api/vendor/laravel/framework/src/Illuminate/Http/Middleware/ValidatePostSize.php(27): Illuminate\\Pipeline\\Pipeline->{closure:{closure:Illuminate\\Pipeline\\Pipeline::carry():194}:195}(Object(Illuminate\\Http\\Request))
#34 /Users/zawhtetnaung/Documents/Webprojects/ecommerce-api/vendor/laravel/framework/src/Illuminate/Pipeline/Pipeline.php(219): Illuminate\\Http\\Middleware\\ValidatePostSize->handle(Object(Illuminate\\Http\\Request), Object(Closure))
#35 /Users/zawhtetnaung/Documents/Webprojects/ecommerce-api/vendor/laravel/framework/src/Illuminate/Foundation/Http/Middleware/PreventRequestsDuringMaintenance.php(109): Illuminate\\Pipeline\\Pipeline->{closure:{closure:Illuminate\\Pipeline\\Pipeline::carry():194}:195}(Object(Illuminate\\Http\\Request))
#36 /Users/zawhtetnaung/Documents/Webprojects/ecommerce-api/vendor/laravel/framework/src/Illuminate/Pipeline/Pipeline.php(219): Illuminate\\Foundation\\Http\\Middleware\\PreventRequestsDuringMaintenance->handle(Object(Illuminate\\Http\\Request), Object(Closure))
#37 /Users/zawhtetnaung/Documents/Webprojects/ecommerce-api/vendor/laravel/framework/src/Illuminate/Http/Middleware/HandleCors.php(74): Illuminate\\Pipeline\\Pipeline->{closure:{closure:Illuminate\\Pipeline\\Pipeline::carry():194}:195}(Object(Illuminate\\Http\\Request))
#38 /Users/zawhtetnaung/Documents/Webprojects/ecommerce-api/vendor/laravel/framework/src/Illuminate/Pipeline/Pipeline.php(219): Illuminate\\Http\\Middleware\\HandleCors->handle(Object(Illuminate\\Http\\Request), Object(Closure))
#39 /Users/zawhtetnaung/Documents/Webprojects/ecommerce-api/vendor/laravel/framework/src/Illuminate/Http/Middleware/TrustProxies.php(58): Illuminate\\Pipeline\\Pipeline->{closure:{closure:Illuminate\\Pipeline\\Pipeline::carry():194}:195}(Object(Illuminate\\Http\\Request))
#40 /Users/zawhtetnaung/Documents/Webprojects/ecommerce-api/vendor/laravel/framework/src/Illuminate/Pipeline/Pipeline.php(219): Illuminate\\Http\\Middleware\\TrustProxies->handle(Object(Illuminate\\Http\\Request), Object(Closure))
#41 /Users/zawhtetnaung/Documents/Webprojects/ecommerce-api/vendor/laravel/framework/src/Illuminate/Foundation/Http/Middleware/InvokeDeferredCallbacks.php(22): Illuminate\\Pipeline\\Pipeline->{closure:{closure:Illuminate\\Pipeline\\Pipeline::carry():194}:195}(Object(Illuminate\\Http\\Request))
#42 /Users/zawhtetnaung/Documents/Webprojects/ecommerce-api/vendor/laravel/framework/src/Illuminate/Pipeline/Pipeline.php(219): Illuminate\\Foundation\\Http\\Middleware\\InvokeDeferredCallbacks->handle(Object(Illuminate\\Http\\Request), Object(Closure))
#43 /Users/zawhtetnaung/Documents/Webprojects/ecommerce-api/vendor/laravel/framework/src/Illuminate/Http/Middleware/ValidatePathEncoding.php(26): Illuminate\\Pipeline\\Pipeline->{closure:{closure:Illuminate\\Pipeline\\Pipeline::carry():194}:195}(Object(Illuminate\\Http\\Request))
#44 /Users/zawhtetnaung/Documents/Webprojects/ecommerce-api/vendor/laravel/framework/src/Illuminate/Pipeline/Pipeline.php(219): Illuminate\\Http\\Middleware\\ValidatePathEncoding->handle(Object(Illuminate\\Http\\Request), Object(Closure))
#45 /Users/zawhtetnaung/Documents/Webprojects/ecommerce-api/vendor/laravel/framework/src/Illuminate/Pipeline/Pipeline.php(137): Illuminate\\Pipeline\\Pipeline->{closure:{closure:Illuminate\\Pipeline\\Pipeline::carry():194}:195}(Object(Illuminate\\Http\\Request))
#46 /Users/zawhtetnaung/Documents/Webprojects/ecommerce-api/vendor/laravel/framework/src/Illuminate/Foundation/Http/Kernel.php(175): Illuminate\\Pipeline\\Pipeline->then(Object(Closure))
#47 /Users/zawhtetnaung/Documents/Webprojects/ecommerce-api/vendor/laravel/framework/src/Illuminate/Foundation/Http/Kernel.php(144): Illuminate\\Foundation\\Http\\Kernel->sendRequestThroughRouter(Object(Illuminate\\Http\\Request))
#48 /Users/zawhtetnaung/Documents/Webprojects/ecommerce-api/vendor/laravel/framework/src/Illuminate/Foundation/Application.php(1220): Illuminate\\Foundation\\Http\\Kernel->handle(Object(Illuminate\\Http\\Request))
#49 /Users/zawhtetnaung/Documents/Webprojects/ecommerce-api/public/index.php(20): Illuminate\\Foundation\\Application->handleRequest(Object(Illuminate\\Http\\Request))
#50 /Users/zawhtetnaung/Documents/Webprojects/ecommerce-api/vendor/laravel/framework/src/Illuminate/Foundation/resources/server.php(23): require_once('/Users/zawhtetn...')
#51 {main}
"} 
[2026-02-05 13:01:43] local.ERROR: SQLSTATE[HY000]: General error: 1 no such column: image_path (Connection: sqlite, Database: /Users/zawhtetnaung/Documents/Webprojects/ecommerce-api/database/database.sqlite, SQL: update "categories" set "image_path" = categories/CJ6lzEEz25Pqc5PpAdtFnONkNDBo9cU8JEfEkTd2.jpg, "updated_at" = 2026-02-05 13:01:43 where "id" = 4) {"userId":2,"exception":"[object] (Illuminate\\Database\\QueryException(code: HY000): SQLSTATE[HY000]: General error: 1 no such column: image_path (Connection: sqlite, Database: /Users/zawhtetnaung/Documents/Webprojects/ecommerce-api/database/database.sqlite, SQL: update \"categories\" set \"image_path\" = categories/CJ6lzEEz25Pqc5PpAdtFnONkNDBo9cU8JEfEkTd2.jpg, \"updated_at\" = 2026-02-05 13:01:43 where \"id\" = 4) at /Users/zawhtetnaung/Documents/Webprojects/ecommerce-api/vendor/laravel/framework/src/Illuminate/Database/Connection.php:838)
[stacktrace]
#0 /Users/zawhtetnaung/Documents/Webprojects/ecommerce-api/vendor/laravel/framework/src/Illuminate/Database/Connection.php(794): Illuminate\\Database\\Connection->runQueryCallback('update \"categor...', Array, Object(Closure))
#1 /Users/zawhtetnaung/Documents/Webprojects/ecommerce-api/vendor/laravel/framework/src/Illuminate/Database/Connection.php(597): Illuminate\\Database\\Connection->run('update \"categor...', Array, Object(Closure))
#2 /Users/zawhtetnaung/Documents/Webprojects/ecommerce-api/vendor/laravel/framework/src/Illuminate/Database/Connection.php(549): Illuminate\\Database\\Connection->affectingStatement('update \"categor...', Array)
#3 /Users/zawhtetnaung/Documents/Webprojects/ecommerce-api/vendor/laravel/framework/src/Illuminate/Database/Query/Builder.php(4118): Illuminate\\Database\\Connection->update('update \"categor...', Array)
#4 /Users/zawhtetnaung/Documents/Webprojects/ecommerce-api/vendor/laravel/framework/src/Illuminate/Database/Eloquent/Builder.php(1266): Illuminate\\Database\\Query\\Builder->update(Object(Illuminate\\Support\\Collection))
#5 /Users/zawhtetnaung/Documents/Webprojects/ecommerce-api/vendor/laravel/framework/src/Illuminate/Database/Eloquent/Model.php(1316): Illuminate\\Database\\Eloquent\\Builder->update(Array)
#6 /Users/zawhtetnaung/Documents/Webprojects/ecommerce-api/vendor/laravel/framework/src/Illuminate/Database/Eloquent/Model.php(1233): Illuminate\\Database\\Eloquent\\Model->performUpdate(Object(Illuminate\\Database\\Eloquent\\Builder))
#7 /Users/zawhtetnaung/Documents/Webprojects/ecommerce-api/vendor/laravel/framework/src/Illuminate/Database/Eloquent/Model.php(1090): Illuminate\\Database\\Eloquent\\Model->save(Array)
#8 /Users/zawhtetnaung/Documents/Webprojects/ecommerce-api/app/Http/Controllers/Api/CategoryController.php(98): Illuminate\\Database\\Eloquent\\Model->update(Array)
#9 /Users/zawhtetnaung/Documents/Webprojects/ecommerce-api/vendor/laravel/framework/src/Illuminate/Routing/ControllerDispatcher.php(46): App\\Http\\Controllers\\Api\\CategoryController->update(Object(Illuminate\\Http\\Request), Object(App\\Models\\Category))
#10 /Users/zawhtetnaung/Documents/Webprojects/ecommerce-api/vendor/laravel/framework/src/Illuminate/Routing/Route.php(265): Illuminate\\Routing\\ControllerDispatcher->dispatch(Object(Illuminate\\Routing\\Route), Object(App\\Http\\Controllers\\Api\\CategoryController), 'update')
#11 /Users/zawhtetnaung/Documents/Webprojects/ecommerce-api/vendor/laravel/framework/src/Illuminate/Routing/Route.php(211): Illuminate\\Routing\\Route->runController()
#12 /Users/zawhtetnaung/Documents/Webprojects/ecommerce-api/vendor/laravel/framework/src/Illuminate/Routing/Router.php(822): Illuminate\\Routing\\Route->run()
#13 /Users/zawhtetnaung/Documents/Webprojects/ecommerce-api/vendor/laravel/framework/src/Illuminate/Pipeline/Pipeline.php(180): Illuminate\\Routing\\Router->{closure:Illuminate\\Routing\\Router::runRouteWithinStack():821}(Object(Illuminate\\Http\\Request))
#14 /Users/zawhtetnaung/Documents/Webprojects/ecommerce-api/vendor/laravel/framework/src/Illuminate/Routing/Middleware/SubstituteBindings.php(50): Illuminate\\Pipeline\\Pipeline->{closure:Illuminate\\Pipeline\\Pipeline::prepareDestination():178}(Object(Illuminate\\Http\\Request))
#15 /Users/zawhtetnaung/Documents/Webprojects/ecommerce-api/vendor/laravel/framework/src/Illuminate/Pipeline/Pipeline.php(219): Illuminate\\Routing\\Middleware\\SubstituteBindings->handle(Object(Illuminate\\Http\\Request), Object(Closure))
#16 /Users/zawhtetnaung/Documents/Webprojects/ecommerce-api/vendor/laravel/framework/src/Illuminate/Auth/Middleware/Authenticate.php(63): Illuminate\\Pipeline\\Pipeline->{closure:{closure:Illuminate\\Pipeline\\Pipeline::carry():194}:195}(Object(Illuminate\\Http\\Request))
#17 /Users/zawhtetnaung/Documents/Webprojects/ecommerce-api/vendor/laravel/framework/src/Illuminate/Pipeline/Pipeline.php(219): Illuminate\\Auth\\Middleware\\Authenticate->handle(Object(Illuminate\\Http\\Request), Object(Closure), 'sanctum')
#18 /Users/zawhtetnaung/Documents/Webprojects/ecommerce-api/vendor/laravel/framework/src/Illuminate/Pipeline/Pipeline.php(137): Illuminate\\Pipeline\\Pipeline->{closure:{closure:Illuminate\\Pipeline\\Pipeline::carry():194}:195}(Object(Illuminate\\Http\\Request))
#19 /Users/zawhtetnaung/Documents/Webprojects/ecommerce-api/vendor/laravel/framework/src/Illuminate/Routing/Router.php(821): Illuminate\\Pipeline\\Pipeline->then(Object(Closure))
#20 /Users/zawhtetnaung/Documents/Webprojects/ecommerce-api/vendor/laravel/framework/src/Illuminate/Routing/Router.php(800): Illuminate\\Routing\\Router->runRouteWithinStack(Object(Illuminate\\Routing\\Route), Object(Illuminate\\Http\\Request))
#21 /Users/zawhtetnaung/Documents/Webprojects/ecommerce-api/vendor/laravel/framework/src/Illuminate/Routing/Router.php(764): Illuminate\\Routing\\Router->runRoute(Object(Illuminate\\Http\\Request), Object(Illuminate\\Routing\\Route))
#22 /Users/zawhtetnaung/Documents/Webprojects/ecommerce-api/vendor/laravel/framework/src/Illuminate/Routing/Router.php(753): Illuminate\\Routing\\Router->dispatchToRoute(Object(Illuminate\\Http\\Request))
#23 /Users/zawhtetnaung/Documents/Webprojects/ecommerce-api/vendor/laravel/framework/src/Illuminate/Foundation/Http/Kernel.php(200): Illuminate\\Routing\\Router->dispatch(Object(Illuminate\\Http\\Request))
#24 /Users/zawhtetnaung/Documents/Webprojects/ecommerce-api/vendor/laravel/framework/src/Illuminate/Pipeline/Pipeline.php(180): Illuminate\\Foundation\\Http\\Kernel->{closure:Illuminate\\Foundation\\Http\\Kernel::dispatchToRouter():197}(Object(Illuminate\\Http\\Request))
#25 /Users/zawhtetnaung/Documents/Webprojects/ecommerce-api/vendor/laravel/framework/src/Illuminate/Foundation/Http/Middleware/TransformsRequest.php(21): Illuminate\\Pipeline\\Pipeline->{closure:Illuminate\\Pipeline\\Pipeline::prepareDestination():178}(Object(Illuminate\\Http\\Request))
#26 /Users/zawhtetnaung/Documents/Webprojects/ecommerce-api/vendor/laravel/framework/src/Illuminate/Foundation/Http/Middleware/ConvertEmptyStringsToNull.php(31): Illuminate\\Foundation\\Http\\Middleware\\TransformsRequest->handle(Object(Illuminate\\Http\\Request), Object(Closure))
#27 /Users/zawhtetnaung/Documents/Webprojects/ecommerce-api/vendor/laravel/framework/src/Illuminate/Pipeline/Pipeline.php(219): Illuminate\\Foundation\\Http\\Middleware\\ConvertEmptyStringsToNull->handle(Object(Illuminate\\Http\\Request), Object(Closure))
#28 /Users/zawhtetnaung/Documents/Webprojects/ecommerce-api/vendor/laravel/framework/src/Illuminate/Foundation/Http/Middleware/TransformsRequest.php(21): Illuminate\\Pipeline\\Pipeline->{closure:{closure:Illuminate\\Pipeline\\Pipeline::carry():194}:195}(Object(Illuminate\\Http\\Request))
#29 /Users/zawhtetnaung/Documents/Webprojects/ecommerce-api/vendor/laravel/framework/src/Illuminate/Foundation/Http/Middleware/TrimStrings.php(51): Illuminate\\Foundation\\Http\\Middleware\\TransformsRequest->handle(Object(Illuminate\\Http\\Request), Object(Closure))
#30 /Users/zawhtetnaung/Documents/Webprojects/ecommerce-api/vendor/laravel/framework/src/Illuminate/Pipeline/Pipeline.php(219): Illuminate\\Foundation\\Http\\Middleware\\TrimStrings->handle(Object(Illuminate\\Http\\Request), Object(Closure))
#31 /Users/zawhtetnaung/Documents/Webprojects/ecommerce-api/vendor/laravel/framework/src/Illuminate/Http/Middleware/ValidatePostSize.php(27): Illuminate\\Pipeline\\Pipeline->{closure:{closure:Illuminate\\Pipeline\\Pipeline::carry():194}:195}(Object(Illuminate\\Http\\Request))
#32 /Users/zawhtetnaung/Documents/Webprojects/ecommerce-api/vendor/laravel/framework/src/Illuminate/Pipeline/Pipeline.php(219): Illuminate\\Http\\Middleware\\ValidatePostSize->handle(Object(Illuminate\\Http\\Request), Object(Closure))
#33 /Users/zawhtetnaung/Documents/Webprojects/ecommerce-api/vendor/laravel/framework/src/Illuminate/Foundation/Http/Middleware/PreventRequestsDuringMaintenance.php(109): Illuminate\\Pipeline\\Pipeline->{closure:{closure:Illuminate\\Pipeline\\Pipeline::carry():194}:195}(Object(Illuminate\\Http\\Request))
#34 /Users/zawhtetnaung/Documents/Webprojects/ecommerce-api/vendor/laravel/framework/src/Illuminate/Pipeline/Pipeline.php(219): Illuminate\\Foundation\\Http\\Middleware\\PreventRequestsDuringMaintenance->handle(Object(Illuminate\\Http\\Request), Object(Closure))
#35 /Users/zawhtetnaung/Documents/Webprojects/ecommerce-api/vendor/laravel/framework/src/Illuminate/Http/Middleware/HandleCors.php(74): Illuminate\\Pipeline\\Pipeline->{closure:{closure:Illuminate\\Pipeline\\Pipeline::carry():194}:195}(Object(Illuminate\\Http\\Request))
#36 /Users/zawhtetnaung/Documents/Webprojects/ecommerce-api/vendor/laravel/framework/src/Illuminate/Pipeline/Pipeline.php(219): Illuminate\\Http\\Middleware\\HandleCors->handle(Object(Illuminate\\Http\\Request), Object(Closure))
#37 /Users/zawhtetnaung/Documents/Webprojects/ecommerce-api/vendor/laravel/framework/src/Illuminate/Http/Middleware/TrustProxies.php(58): Illuminate\\Pipeline\\Pipeline->{closure:{closure:Illuminate\\Pipeline\\Pipeline::carry():194}:195}(Object(Illuminate\\Http\\Request))
#38 /Users/zawhtetnaung/Documents/Webprojects/ecommerce-api/vendor/laravel/framework/src/Illuminate/Pipeline/Pipeline.php(219): Illuminate\\Http\\Middleware\\TrustProxies->handle(Object(Illuminate\\Http\\Request), Object(Closure))
#39 /Users/zawhtetnaung/Documents/Webprojects/ecommerce-api/vendor/laravel/framework/src/Illuminate/Foundation/Http/Middleware/InvokeDeferredCallbacks.php(22): Illuminate\\Pipeline\\Pipeline->{closure:{closure:Illuminate\\Pipeline\\Pipeline::carry():194}:195}(Object(Illuminate\\Http\\Request))
#40 /Users/zawhtetnaung/Documents/Webprojects/ecommerce-api/vendor/laravel/framework/src/Illuminate/Pipeline/Pipeline.php(219): Illuminate\\Foundation\\Http\\Middleware\\InvokeDeferredCallbacks->handle(Object(Illuminate\\Http\\Request), Object(Closure))
#41 /Users/zawhtetnaung/Documents/Webprojects/ecommerce-api/vendor/laravel/framework/src/Illuminate/Http/Middleware/ValidatePathEncoding.php(26): Illuminate\\Pipeline\\Pipeline->{closure:{closure:Illuminate\\Pipeline\\Pipeline::carry():194}:195}(Object(Illuminate\\Http\\Request))
#42 /Users/zawhtetnaung/Documents/Webprojects/ecommerce-api/vendor/laravel/framework/src/Illuminate/Pipeline/Pipeline.php(219): Illuminate\\Http\\Middleware\\ValidatePathEncoding->handle(Object(Illuminate\\Http\\Request), Object(Closure))
#43 /Users/zawhtetnaung/Documents/Webprojects/ecommerce-api/vendor/laravel/framework/src/Illuminate/Pipeline/Pipeline.php(137): Illuminate\\Pipeline\\Pipeline->{closure:{closure:Illuminate\\Pipeline\\Pipeline::carry():194}:195}(Object(Illuminate\\Http\\Request))
#44 /Users/zawhtetnaung/Documents/Webprojects/ecommerce-api/vendor/laravel/framework/src/Illuminate/Foundation/Http/Kernel.php(175): Illuminate\\Pipeline\\Pipeline->then(Object(Closure))
#45 /Users/zawhtetnaung/Documents/Webprojects/ecommerce-api/vendor/laravel/framework/src/Illuminate/Foundation/Http/Kernel.php(144): Illuminate\\Foundation\\Http\\Kernel->sendRequestThroughRouter(Object(Illuminate\\Http\\Request))
#46 /Users/zawhtetnaung/Documents/Webprojects/ecommerce-api/vendor/laravel/framework/src/Illuminate/Foundation/Application.php(1220): Illuminate\\Foundation\\Http\\Kernel->handle(Object(Illuminate\\Http\\Request))
#47 /Users/zawhtetnaung/Documents/Webprojects/ecommerce-api/public/index.php(20): Illuminate\\Foundation\\Application->handleRequest(Object(Illuminate\\Http\\Request))
#48 /Users/zawhtetnaung/Documents/Webprojects/ecommerce-api/vendor/laravel/framework/src/Illuminate/Foundation/resources/server.php(23): require_once('/Users/zawhtetn...')
#49 {main}

[previous exception] [object] (PDOException(code: HY000): SQLSTATE[HY000]: General error: 1 no such column: image_path at /Users/zawhtetnaung/Documents/Webprojects/ecommerce-api/vendor/laravel/framework/src/Illuminate/Database/Connection.php:605)
[stacktrace]
#0 /Users/zawhtetnaung/Documents/Webprojects/ecommerce-api/vendor/laravel/framework/src/Illuminate/Database/Connection.php(605): PDO->prepare('update \"categor...')
#1 /Users/zawhtetnaung/Documents/Webprojects/ecommerce-api/vendor/laravel/framework/src/Illuminate/Database/Connection.php(827): Illuminate\\Database\\Connection->{closure:Illuminate\\Database\\Connection::affectingStatement():597}('update \"categor...', Array)
#2 /Users/zawhtetnaung/Documents/Webprojects/ecommerce-api/vendor/laravel/framework/src/Illuminate/Database/Connection.php(794): Illuminate\\Database\\Connection->runQueryCallback('update \"categor...', Array, Object(Closure))
#3 /Users/zawhtetnaung/Documents/Webprojects/ecommerce-api/vendor/laravel/framework/src/Illuminate/Database/Connection.php(597): Illuminate\\Database\\Connection->run('update \"categor...', Array, Object(Closure))
#4 /Users/zawhtetnaung/Documents/Webprojects/ecommerce-api/vendor/laravel/framework/src/Illuminate/Database/Connection.php(549): Illuminate\\Database\\Connection->affectingStatement('update \"categor...', Array)
#5 /Users/zawhtetnaung/Documents/Webprojects/ecommerce-api/vendor/laravel/framework/src/Illuminate/Database/Query/Builder.php(4118): Illuminate\\Database\\Connection->update('update \"categor...', Array)
#6 /Users/zawhtetnaung/Documents/Webprojects/ecommerce-api/vendor/laravel/framework/src/Illuminate/Database/Eloquent/Builder.php(1266): Illuminate\\Database\\Query\\Builder->update(Object(Illuminate\\Support\\Collection))
#7 /Users/zawhtetnaung/Documents/Webprojects/ecommerce-api/vendor/laravel/framework/src/Illuminate/Database/Eloquent/Model.php(1316): Illuminate\\Database\\Eloquent\\Builder->update(Array)
#8 /Users/zawhtetnaung/Documents/Webprojects/ecommerce-api/vendor/laravel/framework/src/Illuminate/Database/Eloquent/Model.php(1233): Illuminate\\Database\\Eloquent\\Model->performUpdate(Object(Illuminate\\Database\\Eloquent\\Builder))
#9 /Users/zawhtetnaung/Documents/Webprojects/ecommerce-api/vendor/laravel/framework/src/Illuminate/Database/Eloquent/Model.php(1090): Illuminate\\Database\\Eloquent\\Model->save(Array)
#10 /Users/zawhtetnaung/Documents/Webprojects/ecommerce-api/app/Http/Controllers/Api/CategoryController.php(98): Illuminate\\Database\\Eloquent\\Model->update(Array)
#11 /Users/zawhtetnaung/Documents/Webprojects/ecommerce-api/vendor/laravel/framework/src/Illuminate/Routing/ControllerDispatcher.php(46): App\\Http\\Controllers\\Api\\CategoryController->update(Object(Illuminate\\Http\\Request), Object(App\\Models\\Category))
#12 /Users/zawhtetnaung/Documents/Webprojects/ecommerce-api/vendor/laravel/framework/src/Illuminate/Routing/Route.php(265): Illuminate\\Routing\\ControllerDispatcher->dispatch(Object(Illuminate\\Routing\\Route), Object(App\\Http\\Controllers\\Api\\CategoryController), 'update')
#13 /Users/zawhtetnaung/Documents/Webprojects/ecommerce-api/vendor/laravel/framework/src/Illuminate/Routing/Route.php(211): Illuminate\\Routing\\Route->runController()
#14 /Users/zawhtetnaung/Documents/Webprojects/ecommerce-api/vendor/laravel/framework/src/Illuminate/Routing/Router.php(822): Illuminate\\Routing\\Route->run()
#15 /Users/zawhtetnaung/Documents/Webprojects/ecommerce-api/vendor/laravel/framework/src/Illuminate/Pipeline/Pipeline.php(180): Illuminate\\Routing\\Router->{closure:Illuminate\\Routing\\Router::runRouteWithinStack():821}(Object(Illuminate\\Http\\Request))
#16 /Users/zawhtetnaung/Documents/Webprojects/ecommerce-api/vendor/laravel/framework/src/Illuminate/Routing/Middleware/SubstituteBindings.php(50): Illuminate\\Pipeline\\Pipeline->{closure:Illuminate\\Pipeline\\Pipeline::prepareDestination():178}(Object(Illuminate\\Http\\Request))
#17 /Users/zawhtetnaung/Documents/Webprojects/ecommerce-api/vendor/laravel/framework/src/Illuminate/Pipeline/Pipeline.php(219): Illuminate\\Routing\\Middleware\\SubstituteBindings->handle(Object(Illuminate\\Http\\Request), Object(Closure))
#18 /Users/zawhtetnaung/Documents/Webprojects/ecommerce-api/vendor/laravel/framework/src/Illuminate/Auth/Middleware/Authenticate.php(63): Illuminate\\Pipeline\\Pipeline->{closure:{closure:Illuminate\\Pipeline\\Pipeline::carry():194}:195}(Object(Illuminate\\Http\\Request))
#19 /Users/zawhtetnaung/Documents/Webprojects/ecommerce-api/vendor/laravel/framework/src/Illuminate/Pipeline/Pipeline.php(219): Illuminate\\Auth\\Middleware\\Authenticate->handle(Object(Illuminate\\Http\\Request), Object(Closure), 'sanctum')
#20 /Users/zawhtetnaung/Documents/Webprojects/ecommerce-api/vendor/laravel/framework/src/Illuminate/Pipeline/Pipeline.php(137): Illuminate\\Pipeline\\Pipeline->{closure:{closure:Illuminate\\Pipeline\\Pipeline::carry():194}:195}(Object(Illuminate\\Http\\Request))
#21 /Users/zawhtetnaung/Documents/Webprojects/ecommerce-api/vendor/laravel/framework/src/Illuminate/Routing/Router.php(821): Illuminate\\Pipeline\\Pipeline->then(Object(Closure))
#22 /Users/zawhtetnaung/Documents/Webprojects/ecommerce-api/vendor/laravel/framework/src/Illuminate/Routing/Router.php(800): Illuminate\\Routing\\Router->runRouteWithinStack(Object(Illuminate\\Routing\\Route), Object(Illuminate\\Http\\Request))
#23 /Users/zawhtetnaung/Documents/Webprojects/ecommerce-api/vendor/laravel/framework/src/Illuminate/Routing/Router.php(764): Illuminate\\Routing\\Router->runRoute(Object(Illuminate\\Http\\Request), Object(Illuminate\\Routing\\Route))
#24 /Users/zawhtetnaung/Documents/Webprojects/ecommerce-api/vendor/laravel/framework/src/Illuminate/Routing/Router.php(753): Illuminate\\Routing\\Router->dispatchToRoute(Object(Illuminate\\Http\\Request))
#25 /Users/zawhtetnaung/Documents/Webprojects/ecommerce-api/vendor/laravel/framework/src/Illuminate/Foundation/Http/Kernel.php(200): Illuminate\\Routing\\Router->dispatch(Object(Illuminate\\Http\\Request))
#26 /Users/zawhtetnaung/Documents/Webprojects/ecommerce-api/vendor/laravel/framework/src/Illuminate/Pipeline/Pipeline.php(180): Illuminate\\Foundation\\Http\\Kernel->{closure:Illuminate\\Foundation\\Http\\Kernel::dispatchToRouter():197}(Object(Illuminate\\Http\\Request))
#27 /Users/zawhtetnaung/Documents/Webprojects/ecommerce-api/vendor/laravel/framework/src/Illuminate/Foundation/Http/Middleware/TransformsRequest.php(21): Illuminate\\Pipeline\\Pipeline->{closure:Illuminate\\Pipeline\\Pipeline::prepareDestination():178}(Object(Illuminate\\Http\\Request))
#28 /Users/zawhtetnaung/Documents/Webprojects/ecommerce-api/vendor/laravel/framework/src/Illuminate/Foundation/Http/Middleware/ConvertEmptyStringsToNull.php(31): Illuminate\\Foundation\\Http\\Middleware\\TransformsRequest->handle(Object(Illuminate\\Http\\Request), Object(Closure))
#29 /Users/zawhtetnaung/Documents/Webprojects/ecommerce-api/vendor/laravel/framework/src/Illuminate/Pipeline/Pipeline.php(219): Illuminate\\Foundation\\Http\\Middleware\\ConvertEmptyStringsToNull->handle(Object(Illuminate\\Http\\Request), Object(Closure))
#30 /Users/zawhtetnaung/Documents/Webprojects/ecommerce-api/vendor/laravel/framework/src/Illuminate/Foundation/Http/Middleware/TransformsRequest.php(21): Illuminate\\Pipeline\\Pipeline->{closure:{closure:Illuminate\\Pipeline\\Pipeline::carry():194}:195}(Object(Illuminate\\Http\\Request))
#31 /Users/zawhtetnaung/Documents/Webprojects/ecommerce-api/vendor/laravel/framework/src/Illuminate/Foundation/Http/Middleware/TrimStrings.php(51): Illuminate\\Foundation\\Http\\Middleware\\TransformsRequest->handle(Object(Illuminate\\Http\\Request), Object(Closure))
#32 /Users/zawhtetnaung/Documents/Webprojects/ecommerce-api/vendor/laravel/framework/src/Illuminate/Pipeline/Pipeline.php(219): Illuminate\\Foundation\\Http\\Middleware\\TrimStrings->handle(Object(Illuminate\\Http\\Request), Object(Closure))
#33 /Users/zawhtetnaung/Documents/Webprojects/ecommerce-api/vendor/laravel/framework/src/Illuminate/Http/Middleware/ValidatePostSize.php(27): Illuminate\\Pipeline\\Pipeline->{closure:{closure:Illuminate\\Pipeline\\Pipeline::carry():194}:195}(Object(Illuminate\\Http\\Request))
#34 /Users/zawhtetnaung/Documents/Webprojects/ecommerce-api/vendor/laravel/framework/src/Illuminate/Pipeline/Pipeline.php(219): Illuminate\\Http\\Middleware\\ValidatePostSize->handle(Object(Illuminate\\Http\\Request), Object(Closure))
#35 /Users/zawhtetnaung/Documents/Webprojects/ecommerce-api/vendor/laravel/framework/src/Illuminate/Foundation/Http/Middleware/PreventRequestsDuringMaintenance.php(109): Illuminate\\Pipeline\\Pipeline->{closure:{closure:Illuminate\\Pipeline\\Pipeline::carry():194}:195}(Object(Illuminate\\Http\\Request))
#36 /Users/zawhtetnaung/Documents/Webprojects/ecommerce-api/vendor/laravel/framework/src/Illuminate/Pipeline/Pipeline.php(219): Illuminate\\Foundation\\Http\\Middleware\\PreventRequestsDuringMaintenance->handle(Object(Illuminate\\Http\\Request), Object(Closure))
#37 /Users/zawhtetnaung/Documents/Webprojects/ecommerce-api/vendor/laravel/framework/src/Illuminate/Http/Middleware/HandleCors.php(74): Illuminate\\Pipeline\\Pipeline->{closure:{closure:Illuminate\\Pipeline\\Pipeline::carry():194}:195}(Object(Illuminate\\Http\\Request))
#38 /Users/zawhtetnaung/Documents/Webprojects/ecommerce-api/vendor/laravel/framework/src/Illuminate/Pipeline/Pipeline.php(219): Illuminate\\Http\\Middleware\\HandleCors->handle(Object(Illuminate\\Http\\Request), Object(Closure))
#39 /Users/zawhtetnaung/Documents/Webprojects/ecommerce-api/vendor/laravel/framework/src/Illuminate/Http/Middleware/TrustProxies.php(58): Illuminate\\Pipeline\\Pipeline->{closure:{closure:Illuminate\\Pipeline\\Pipeline::carry():194}:195}(Object(Illuminate\\Http\\Request))
#40 /Users/zawhtetnaung/Documents/Webprojects/ecommerce-api/vendor/laravel/framework/src/Illuminate/Pipeline/Pipeline.php(219): Illuminate\\Http\\Middleware\\TrustProxies->handle(Object(Illuminate\\Http\\Request), Object(Closure))
#41 /Users/zawhtetnaung/Documents/Webprojects/ecommerce-api/vendor/laravel/framework/src/Illuminate/Foundation/Http/Middleware/InvokeDeferredCallbacks.php(22): Illuminate\\Pipeline\\Pipeline->{closure:{closure:Illuminate\\Pipeline\\Pipeline::carry():194}:195}(Object(Illuminate\\Http\\Request))
#42 /Users/zawhtetnaung/Documents/Webprojects/ecommerce-api/vendor/laravel/framework/src/Illuminate/Pipeline/Pipeline.php(219): Illuminate\\Foundation\\Http\\Middleware\\InvokeDeferredCallbacks->handle(Object(Illuminate\\Http\\Request), Object(Closure))
#43 /Users/zawhtetnaung/Documents/Webprojects/ecommerce-api/vendor/laravel/framework/src/Illuminate/Http/Middleware/ValidatePathEncoding.php(26): Illuminate\\Pipeline\\Pipeline->{closure:{closure:Illuminate\\Pipeline\\Pipeline::carry():194}:195}(Object(Illuminate\\Http\\Request))
#44 /Users/zawhtetnaung/Documents/Webprojects/ecommerce-api/vendor/laravel/framework/src/Illuminate/Pipeline/Pipeline.php(219): Illuminate\\Http\\Middleware\\ValidatePathEncoding->handle(Object(Illuminate\\Http\\Request), Object(Closure))
#45 /Users/zawhtetnaung/Documents/Webprojects/ecommerce-api/vendor/laravel/framework/src/Illuminate/Pipeline/Pipeline.php(137): Illuminate\\Pipeline\\Pipeline->{closure:{closure:Illuminate\\Pipeline\\Pipeline::carry():194}:195}(Object(Illuminate\\Http\\Request))
#46 /Users/zawhtetnaung/Documents/Webprojects/ecommerce-api/vendor/laravel/framework/src/Illuminate/Foundation/Http/Kernel.php(175): Illuminate\\Pipeline\\Pipeline->then(Object(Closure))
#47 /Users/zawhtetnaung/Documents/Webprojects/ecommerce-api/vendor/laravel/framework/src/Illuminate/Foundation/Http/Kernel.php(144): Illuminate\\Foundation\\Http\\Kernel->sendRequestThroughRouter(Object(Illuminate\\Http\\Request))
#48 /Users/zawhtetnaung/Documents/Webprojects/ecommerce-api/vendor/laravel/framework/src/Illuminate/Foundation/Application.php(1220): Illuminate\\Foundation\\Http\\Kernel->handle(Object(Illuminate\\Http\\Request))
#49 /Users/zawhtetnaung/Documents/Webprojects/ecommerce-api/public/index.php(20): Illuminate\\Foundation\\Application->handleRequest(Object(Illuminate\\Http\\Request))
#50 /Users/zawhtetnaung/Documents/Webprojects/ecommerce-api/vendor/laravel/framework/src/Illuminate/Foundation/resources/server.php(23): require_once('/Users/zawhtetn...')
#51 {main}
"} 
[2026-02-05 13:03:10] local.ERROR: SQLSTATE[HY000]: General error: 1 no such column: image_path (Connection: sqlite, Database: /Users/zawhtetnaung/Documents/Webprojects/ecommerce-api/database/database.sqlite, SQL: update "categories" set "image_path" = categories/CtDRX5loulUDoR2YWo1SJCltTYT88nmMTp4688vE.jpg, "updated_at" = 2026-02-05 13:03:10 where "id" = 4) {"userId":2,"exception":"[object] (Illuminate\\Database\\QueryException(code: HY000): SQLSTATE[HY000]: General error: 1 no such column: image_path (Connection: sqlite, Database: /Users/zawhtetnaung/Documents/Webprojects/ecommerce-api/database/database.sqlite, SQL: update \"categories\" set \"image_path\" = categories/CtDRX5loulUDoR2YWo1SJCltTYT88nmMTp4688vE.jpg, \"updated_at\" = 2026-02-05 13:03:10 where \"id\" = 4) at /Users/zawhtetnaung/Documents/Webprojects/ecommerce-api/vendor/laravel/framework/src/Illuminate/Database/Connection.php:838)
[stacktrace]
#0 /Users/zawhtetnaung/Documents/Webprojects/ecommerce-api/vendor/laravel/framework/src/Illuminate/Database/Connection.php(794): Illuminate\\Database\\Connection->runQueryCallback('update \"categor...', Array, Object(Closure))
#1 /Users/zawhtetnaung/Documents/Webprojects/ecommerce-api/vendor/laravel/framework/src/Illuminate/Database/Connection.php(597): Illuminate\\Database\\Connection->run('update \"categor...', Array, Object(Closure))
#2 /Users/zawhtetnaung/Documents/Webprojects/ecommerce-api/vendor/laravel/framework/src/Illuminate/Database/Connection.php(549): Illuminate\\Database\\Connection->affectingStatement('update \"categor...', Array)
#3 /Users/zawhtetnaung/Documents/Webprojects/ecommerce-api/vendor/laravel/framework/src/Illuminate/Database/Query/Builder.php(4118): Illuminate\\Database\\Connection->update('update \"categor...', Array)
#4 /Users/zawhtetnaung/Documents/Webprojects/ecommerce-api/vendor/laravel/framework/src/Illuminate/Database/Eloquent/Builder.php(1266): Illuminate\\Database\\Query\\Builder->update(Object(Illuminate\\Support\\Collection))
#5 /Users/zawhtetnaung/Documents/Webprojects/ecommerce-api/vendor/laravel/framework/src/Illuminate/Database/Eloquent/Model.php(1316): Illuminate\\Database\\Eloquent\\Builder->update(Array)
#6 /Users/zawhtetnaung/Documents/Webprojects/ecommerce-api/vendor/laravel/framework/src/Illuminate/Database/Eloquent/Model.php(1233): Illuminate\\Database\\Eloquent\\Model->performUpdate(Object(Illuminate\\Database\\Eloquent\\Builder))
#7 /Users/zawhtetnaung/Documents/Webprojects/ecommerce-api/vendor/laravel/framework/src/Illuminate/Database/Eloquent/Model.php(1090): Illuminate\\Database\\Eloquent\\Model->save(Array)
#8 /Users/zawhtetnaung/Documents/Webprojects/ecommerce-api/app/Http/Controllers/Api/CategoryController.php(98): Illuminate\\Database\\Eloquent\\Model->update(Array)
#9 /Users/zawhtetnaung/Documents/Webprojects/ecommerce-api/vendor/laravel/framework/src/Illuminate/Routing/ControllerDispatcher.php(46): App\\Http\\Controllers\\Api\\CategoryController->update(Object(Illuminate\\Http\\Request), Object(App\\Models\\Category))
#10 /Users/zawhtetnaung/Documents/Webprojects/ecommerce-api/vendor/laravel/framework/src/Illuminate/Routing/Route.php(265): Illuminate\\Routing\\ControllerDispatcher->dispatch(Object(Illuminate\\Routing\\Route), Object(App\\Http\\Controllers\\Api\\CategoryController), 'update')
#11 /Users/zawhtetnaung/Documents/Webprojects/ecommerce-api/vendor/laravel/framework/src/Illuminate/Routing/Route.php(211): Illuminate\\Routing\\Route->runController()
#12 /Users/zawhtetnaung/Documents/Webprojects/ecommerce-api/vendor/laravel/framework/src/Illuminate/Routing/Router.php(822): Illuminate\\Routing\\Route->run()
#13 /Users/zawhtetnaung/Documents/Webprojects/ecommerce-api/vendor/laravel/framework/src/Illuminate/Pipeline/Pipeline.php(180): Illuminate\\Routing\\Router->{closure:Illuminate\\Routing\\Router::runRouteWithinStack():821}(Object(Illuminate\\Http\\Request))
#14 /Users/zawhtetnaung/Documents/Webprojects/ecommerce-api/vendor/laravel/framework/src/Illuminate/Routing/Middleware/SubstituteBindings.php(50): Illuminate\\Pipeline\\Pipeline->{closure:Illuminate\\Pipeline\\Pipeline::prepareDestination():178}(Object(Illuminate\\Http\\Request))
#15 /Users/zawhtetnaung/Documents/Webprojects/ecommerce-api/vendor/laravel/framework/src/Illuminate/Pipeline/Pipeline.php(219): Illuminate\\Routing\\Middleware\\SubstituteBindings->handle(Object(Illuminate\\Http\\Request), Object(Closure))
#16 /Users/zawhtetnaung/Documents/Webprojects/ecommerce-api/vendor/laravel/framework/src/Illuminate/Auth/Middleware/Authenticate.php(63): Illuminate\\Pipeline\\Pipeline->{closure:{closure:Illuminate\\Pipeline\\Pipeline::carry():194}:195}(Object(Illuminate\\Http\\Request))
#17 /Users/zawhtetnaung/Documents/Webprojects/ecommerce-api/vendor/laravel/framework/src/Illuminate/Pipeline/Pipeline.php(219): Illuminate\\Auth\\Middleware\\Authenticate->handle(Object(Illuminate\\Http\\Request), Object(Closure), 'sanctum')
#18 /Users/zawhtetnaung/Documents/Webprojects/ecommerce-api/vendor/laravel/framework/src/Illuminate/Pipeline/Pipeline.php(137): Illuminate\\Pipeline\\Pipeline->{closure:{closure:Illuminate\\Pipeline\\Pipeline::carry():194}:195}(Object(Illuminate\\Http\\Request))
#19 /Users/zawhtetnaung/Documents/Webprojects/ecommerce-api/vendor/laravel/framework/src/Illuminate/Routing/Router.php(821): Illuminate\\Pipeline\\Pipeline->then(Object(Closure))
#20 /Users/zawhtetnaung/Documents/Webprojects/ecommerce-api/vendor/laravel/framework/src/Illuminate/Routing/Router.php(800): Illuminate\\Routing\\Router->runRouteWithinStack(Object(Illuminate\\Routing\\Route), Object(Illuminate\\Http\\Request))
#21 /Users/zawhtetnaung/Documents/Webprojects/ecommerce-api/vendor/laravel/framework/src/Illuminate/Routing/Router.php(764): Illuminate\\Routing\\Router->runRoute(Object(Illuminate\\Http\\Request), Object(Illuminate\\Routing\\Route))
#22 /Users/zawhtetnaung/Documents/Webprojects/ecommerce-api/vendor/laravel/framework/src/Illuminate/Routing/Router.php(753): Illuminate\\Routing\\Router->dispatchToRoute(Object(Illuminate\\Http\\Request))
#23 /Users/zawhtetnaung/Documents/Webprojects/ecommerce-api/vendor/laravel/framework/src/Illuminate/Foundation/Http/Kernel.php(200): Illuminate\\Routing\\Router->dispatch(Object(Illuminate\\Http\\Request))
#24 /Users/zawhtetnaung/Documents/Webprojects/ecommerce-api/vendor/laravel/framework/src/Illuminate/Pipeline/Pipeline.php(180): Illuminate\\Foundation\\Http\\Kernel->{closure:Illuminate\\Foundation\\Http\\Kernel::dispatchToRouter():197}(Object(Illuminate\\Http\\Request))
#25 /Users/zawhtetnaung/Documents/Webprojects/ecommerce-api/vendor/laravel/framework/src/Illuminate/Foundation/Http/Middleware/TransformsRequest.php(21): Illuminate\\Pipeline\\Pipeline->{closure:Illuminate\\Pipeline\\Pipeline::prepareDestination():178}(Object(Illuminate\\Http\\Request))
#26 /Users/zawhtetnaung/Documents/Webprojects/ecommerce-api/vendor/laravel/framework/src/Illuminate/Foundation/Http/Middleware/ConvertEmptyStringsToNull.php(31): Illuminate\\Foundation\\Http\\Middleware\\TransformsRequest->handle(Object(Illuminate\\Http\\Request), Object(Closure))
#27 /Users/zawhtetnaung/Documents/Webprojects/ecommerce-api/vendor/laravel/framework/src/Illuminate/Pipeline/Pipeline.php(219): Illuminate\\Foundation\\Http\\Middleware\\ConvertEmptyStringsToNull->handle(Object(Illuminate\\Http\\Request), Object(Closure))
#28 /Users/zawhtetnaung/Documents/Webprojects/ecommerce-api/vendor/laravel/framework/src/Illuminate/Foundation/Http/Middleware/TransformsRequest.php(21): Illuminate\\Pipeline\\Pipeline->{closure:{closure:Illuminate\\Pipeline\\Pipeline::carry():194}:195}(Object(Illuminate\\Http\\Request))
#29 /Users/zawhtetnaung/Documents/Webprojects/ecommerce-api/vendor/laravel/framework/src/Illuminate/Foundation/Http/Middleware/TrimStrings.php(51): Illuminate\\Foundation\\Http\\Middleware\\TransformsRequest->handle(Object(Illuminate\\Http\\Request), Object(Closure))
#30 /Users/zawhtetnaung/Documents/Webprojects/ecommerce-api/vendor/laravel/framework/src/Illuminate/Pipeline/Pipeline.php(219): Illuminate\\Foundation\\Http\\Middleware\\TrimStrings->handle(Object(Illuminate\\Http\\Request), Object(Closure))
#31 /Users/zawhtetnaung/Documents/Webprojects/ecommerce-api/vendor/laravel/framework/src/Illuminate/Http/Middleware/ValidatePostSize.php(27): Illuminate\\Pipeline\\Pipeline->{closure:{closure:Illuminate\\Pipeline\\Pipeline::carry():194}:195}(Object(Illuminate\\Http\\Request))
#32 /Users/zawhtetnaung/Documents/Webprojects/ecommerce-api/vendor/laravel/framework/src/Illuminate/Pipeline/Pipeline.php(219): Illuminate\\Http\\Middleware\\ValidatePostSize->handle(Object(Illuminate\\Http\\Request), Object(Closure))
#33 /Users/zawhtetnaung/Documents/Webprojects/ecommerce-api/vendor/laravel/framework/src/Illuminate/Foundation/Http/Middleware/PreventRequestsDuringMaintenance.php(109): Illuminate\\Pipeline\\Pipeline->{closure:{closure:Illuminate\\Pipeline\\Pipeline::carry():194}:195}(Object(Illuminate\\Http\\Request))
#34 /Users/zawhtetnaung/Documents/Webprojects/ecommerce-api/vendor/laravel/framework/src/Illuminate/Pipeline/Pipeline.php(219): Illuminate\\Foundation\\Http\\Middleware\\PreventRequestsDuringMaintenance->handle(Object(Illuminate\\Http\\Request), Object(Closure))
#35 /Users/zawhtetnaung/Documents/Webprojects/ecommerce-api/vendor/laravel/framework/src/Illuminate/Http/Middleware/HandleCors.php(74): Illuminate\\Pipeline\\Pipeline->{closure:{closure:Illuminate\\Pipeline\\Pipeline::carry():194}:195}(Object(Illuminate\\Http\\Request))
#36 /Users/zawhtetnaung/Documents/Webprojects/ecommerce-api/vendor/laravel/framework/src/Illuminate/Pipeline/Pipeline.php(219): Illuminate\\Http\\Middleware\\HandleCors->handle(Object(Illuminate\\Http\\Request), Object(Closure))
#37 /Users/zawhtetnaung/Documents/Webprojects/ecommerce-api/vendor/laravel/framework/src/Illuminate/Http/Middleware/TrustProxies.php(58): Illuminate\\Pipeline\\Pipeline->{closure:{closure:Illuminate\\Pipeline\\Pipeline::carry():194}:195}(Object(Illuminate\\Http\\Request))
#38 /Users/zawhtetnaung/Documents/Webprojects/ecommerce-api/vendor/laravel/framework/src/Illuminate/Pipeline/Pipeline.php(219): Illuminate\\Http\\Middleware\\TrustProxies->handle(Object(Illuminate\\Http\\Request), Object(Closure))
#39 /Users/zawhtetnaung/Documents/Webprojects/ecommerce-api/vendor/laravel/framework/src/Illuminate/Foundation/Http/Middleware/InvokeDeferredCallbacks.php(22): Illuminate\\Pipeline\\Pipeline->{closure:{closure:Illuminate\\Pipeline\\Pipeline::carry():194}:195}(Object(Illuminate\\Http\\Request))
#40 /Users/zawhtetnaung/Documents/Webprojects/ecommerce-api/vendor/laravel/framework/src/Illuminate/Pipeline/Pipeline.php(219): Illuminate\\Foundation\\Http\\Middleware\\InvokeDeferredCallbacks->handle(Object(Illuminate\\Http\\Request), Object(Closure))
#41 /Users/zawhtetnaung/Documents/Webprojects/ecommerce-api/vendor/laravel/framework/src/Illuminate/Http/Middleware/ValidatePathEncoding.php(26): Illuminate\\Pipeline\\Pipeline->{closure:{closure:Illuminate\\Pipeline\\Pipeline::carry():194}:195}(Object(Illuminate\\Http\\Request))
#42 /Users/zawhtetnaung/Documents/Webprojects/ecommerce-api/vendor/laravel/framework/src/Illuminate/Pipeline/Pipeline.php(219): Illuminate\\Http\\Middleware\\ValidatePathEncoding->handle(Object(Illuminate\\Http\\Request), Object(Closure))
#43 /Users/zawhtetnaung/Documents/Webprojects/ecommerce-api/vendor/laravel/framework/src/Illuminate/Pipeline/Pipeline.php(137): Illuminate\\Pipeline\\Pipeline->{closure:{closure:Illuminate\\Pipeline\\Pipeline::carry():194}:195}(Object(Illuminate\\Http\\Request))
#44 /Users/zawhtetnaung/Documents/Webprojects/ecommerce-api/vendor/laravel/framework/src/Illuminate/Foundation/Http/Kernel.php(175): Illuminate\\Pipeline\\Pipeline->then(Object(Closure))
#45 /Users/zawhtetnaung/Documents/Webprojects/ecommerce-api/vendor/laravel/framework/src/Illuminate/Foundation/Http/Kernel.php(144): Illuminate\\Foundation\\Http\\Kernel->sendRequestThroughRouter(Object(Illuminate\\Http\\Request))
#46 /Users/zawhtetnaung/Documents/Webprojects/ecommerce-api/vendor/laravel/framework/src/Illuminate/Foundation/Application.php(1220): Illuminate\\Foundation\\Http\\Kernel->handle(Object(Illuminate\\Http\\Request))
#47 /Users/zawhtetnaung/Documents/Webprojects/ecommerce-api/public/index.php(20): Illuminate\\Foundation\\Application->handleRequest(Object(Illuminate\\Http\\Request))
#48 /Users/zawhtetnaung/Documents/Webprojects/ecommerce-api/vendor/laravel/framework/src/Illuminate/Foundation/resources/server.php(23): require_once('/Users/zawhtetn...')
#49 {main}

[previous exception] [object] (PDOException(code: HY000): SQLSTATE[HY000]: General error: 1 no such column: image_path at /Users/zawhtetnaung/Documents/Webprojects/ecommerce-api/vendor/laravel/framework/src/Illuminate/Database/Connection.php:605)
[stacktrace]
#0 /Users/zawhtetnaung/Documents/Webprojects/ecommerce-api/vendor/laravel/framework/src/Illuminate/Database/Connection.php(605): PDO->prepare('update \"categor...')
#1 /Users/zawhtetnaung/Documents/Webprojects/ecommerce-api/vendor/laravel/framework/src/Illuminate/Database/Connection.php(827): Illuminate\\Database\\Connection->{closure:Illuminate\\Database\\Connection::affectingStatement():597}('update \"categor...', Array)
#2 /Users/zawhtetnaung/Documents/Webprojects/ecommerce-api/vendor/laravel/framework/src/Illuminate/Database/Connection.php(794): Illuminate\\Database\\Connection->runQueryCallback('update \"categor...', Array, Object(Closure))
#3 /Users/zawhtetnaung/Documents/Webprojects/ecommerce-api/vendor/laravel/framework/src/Illuminate/Database/Connection.php(597): Illuminate\\Database\\Connection->run('update \"categor...', Array, Object(Closure))
#4 /Users/zawhtetnaung/Documents/Webprojects/ecommerce-api/vendor/laravel/framework/src/Illuminate/Database/Connection.php(549): Illuminate\\Database\\Connection->affectingStatement('update \"categor...', Array)
#5 /Users/zawhtetnaung/Documents/Webprojects/ecommerce-api/vendor/laravel/framework/src/Illuminate/Database/Query/Builder.php(4118): Illuminate\\Database\\Connection->update('update \"categor...', Array)
#6 /Users/zawhtetnaung/Documents/Webprojects/ecommerce-api/vendor/laravel/framework/src/Illuminate/Database/Eloquent/Builder.php(1266): Illuminate\\Database\\Query\\Builder->update(Object(Illuminate\\Support\\Collection))
#7 /Users/zawhtetnaung/Documents/Webprojects/ecommerce-api/vendor/laravel/framework/src/Illuminate/Database/Eloquent/Model.php(1316): Illuminate\\Database\\Eloquent\\Builder->update(Array)
#8 /Users/zawhtetnaung/Documents/Webprojects/ecommerce-api/vendor/laravel/framework/src/Illuminate/Database/Eloquent/Model.php(1233): Illuminate\\Database\\Eloquent\\Model->performUpdate(Object(Illuminate\\Database\\Eloquent\\Builder))
#9 /Users/zawhtetnaung/Documents/Webprojects/ecommerce-api/vendor/laravel/framework/src/Illuminate/Database/Eloquent/Model.php(1090): Illuminate\\Database\\Eloquent\\Model->save(Array)
#10 /Users/zawhtetnaung/Documents/Webprojects/ecommerce-api/app/Http/Controllers/Api/CategoryController.php(98): Illuminate\\Database\\Eloquent\\Model->update(Array)
#11 /Users/zawhtetnaung/Documents/Webprojects/ecommerce-api/vendor/laravel/framework/src/Illuminate/Routing/ControllerDispatcher.php(46): App\\Http\\Controllers\\Api\\CategoryController->update(Object(Illuminate\\Http\\Request), Object(App\\Models\\Category))
#12 /Users/zawhtetnaung/Documents/Webprojects/ecommerce-api/vendor/laravel/framework/src/Illuminate/Routing/Route.php(265): Illuminate\\Routing\\ControllerDispatcher->dispatch(Object(Illuminate\\Routing\\Route), Object(App\\Http\\Controllers\\Api\\CategoryController), 'update')
#13 /Users/zawhtetnaung/Documents/Webprojects/ecommerce-api/vendor/laravel/framework/src/Illuminate/Routing/Route.php(211): Illuminate\\Routing\\Route->runController()
#14 /Users/zawhtetnaung/Documents/Webprojects/ecommerce-api/vendor/laravel/framework/src/Illuminate/Routing/Router.php(822): Illuminate\\Routing\\Route->run()
#15 /Users/zawhtetnaung/Documents/Webprojects/ecommerce-api/vendor/laravel/framework/src/Illuminate/Pipeline/Pipeline.php(180): Illuminate\\Routing\\Router->{closure:Illuminate\\Routing\\Router::runRouteWithinStack():821}(Object(Illuminate\\Http\\Request))
#16 /Users/zawhtetnaung/Documents/Webprojects/ecommerce-api/vendor/laravel/framework/src/Illuminate/Routing/Middleware/SubstituteBindings.php(50): Illuminate\\Pipeline\\Pipeline->{closure:Illuminate\\Pipeline\\Pipeline::prepareDestination():178}(Object(Illuminate\\Http\\Request))
#17 /Users/zawhtetnaung/Documents/Webprojects/ecommerce-api/vendor/laravel/framework/src/Illuminate/Pipeline/Pipeline.php(219): Illuminate\\Routing\\Middleware\\SubstituteBindings->handle(Object(Illuminate\\Http\\Request), Object(Closure))
#18 /Users/zawhtetnaung/Documents/Webprojects/ecommerce-api/vendor/laravel/framework/src/Illuminate/Auth/Middleware/Authenticate.php(63): Illuminate\\Pipeline\\Pipeline->{closure:{closure:Illuminate\\Pipeline\\Pipeline::carry():194}:195}(Object(Illuminate\\Http\\Request))
#19 /Users/zawhtetnaung/Documents/Webprojects/ecommerce-api/vendor/laravel/framework/src/Illuminate/Pipeline/Pipeline.php(219): Illuminate\\Auth\\Middleware\\Authenticate->handle(Object(Illuminate\\Http\\Request), Object(Closure), 'sanctum')
#20 /Users/zawhtetnaung/Documents/Webprojects/ecommerce-api/vendor/laravel/framework/src/Illuminate/Pipeline/Pipeline.php(137): Illuminate\\Pipeline\\Pipeline->{closure:{closure:Illuminate\\Pipeline\\Pipeline::carry():194}:195}(Object(Illuminate\\Http\\Request))
#21 /Users/zawhtetnaung/Documents/Webprojects/ecommerce-api/vendor/laravel/framework/src/Illuminate/Routing/Router.php(821): Illuminate\\Pipeline\\Pipeline->then(Object(Closure))
#22 /Users/zawhtetnaung/Documents/Webprojects/ecommerce-api/vendor/laravel/framework/src/Illuminate/Routing/Router.php(800): Illuminate\\Routing\\Router->runRouteWithinStack(Object(Illuminate\\Routing\\Route), Object(Illuminate\\Http\\Request))
#23 /Users/zawhtetnaung/Documents/Webprojects/ecommerce-api/vendor/laravel/framework/src/Illuminate/Routing/Router.php(764): Illuminate\\Routing\\Router->runRoute(Object(Illuminate\\Http\\Request), Object(Illuminate\\Routing\\Route))
#24 /Users/zawhtetnaung/Documents/Webprojects/ecommerce-api/vendor/laravel/framework/src/Illuminate/Routing/Router.php(753): Illuminate\\Routing\\Router->dispatchToRoute(Object(Illuminate\\Http\\Request))
#25 /Users/zawhtetnaung/Documents/Webprojects/ecommerce-api/vendor/laravel/framework/src/Illuminate/Foundation/Http/Kernel.php(200): Illuminate\\Routing\\Router->dispatch(Object(Illuminate\\Http\\Request))
#26 /Users/zawhtetnaung/Documents/Webprojects/ecommerce-api/vendor/laravel/framework/src/Illuminate/Pipeline/Pipeline.php(180): Illuminate\\Foundation\\Http\\Kernel->{closure:Illuminate\\Foundation\\Http\\Kernel::dispatchToRouter():197}(Object(Illuminate\\Http\\Request))
#27 /Users/zawhtetnaung/Documents/Webprojects/ecommerce-api/vendor/laravel/framework/src/Illuminate/Foundation/Http/Middleware/TransformsRequest.php(21): Illuminate\\Pipeline\\Pipeline->{closure:Illuminate\\Pipeline\\Pipeline::prepareDestination():178}(Object(Illuminate\\Http\\Request))
#28 /Users/zawhtetnaung/Documents/Webprojects/ecommerce-api/vendor/laravel/framework/src/Illuminate/Foundation/Http/Middleware/ConvertEmptyStringsToNull.php(31): Illuminate\\Foundation\\Http\\Middleware\\TransformsRequest->handle(Object(Illuminate\\Http\\Request), Object(Closure))
#29 /Users/zawhtetnaung/Documents/Webprojects/ecommerce-api/vendor/laravel/framework/src/Illuminate/Pipeline/Pipeline.php(219): Illuminate\\Foundation\\Http\\Middleware\\ConvertEmptyStringsToNull->handle(Object(Illuminate\\Http\\Request), Object(Closure))
#30 /Users/zawhtetnaung/Documents/Webprojects/ecommerce-api/vendor/laravel/framework/src/Illuminate/Foundation/Http/Middleware/TransformsRequest.php(21): Illuminate\\Pipeline\\Pipeline->{closure:{closure:Illuminate\\Pipeline\\Pipeline::carry():194}:195}(Object(Illuminate\\Http\\Request))
#31 /Users/zawhtetnaung/Documents/Webprojects/ecommerce-api/vendor/laravel/framework/src/Illuminate/Foundation/Http/Middleware/TrimStrings.php(51): Illuminate\\Foundation\\Http\\Middleware\\TransformsRequest->handle(Object(Illuminate\\Http\\Request), Object(Closure))
#32 /Users/zawhtetnaung/Documents/Webprojects/ecommerce-api/vendor/laravel/framework/src/Illuminate/Pipeline/Pipeline.php(219): Illuminate\\Foundation\\Http\\Middleware\\TrimStrings->handle(Object(Illuminate\\Http\\Request), Object(Closure))
#33 /Users/zawhtetnaung/Documents/Webprojects/ecommerce-api/vendor/laravel/framework/src/Illuminate/Http/Middleware/ValidatePostSize.php(27): Illuminate\\Pipeline\\Pipeline->{closure:{closure:Illuminate\\Pipeline\\Pipeline::carry():194}:195}(Object(Illuminate\\Http\\Request))
#34 /Users/zawhtetnaung/Documents/Webprojects/ecommerce-api/vendor/laravel/framework/src/Illuminate/Pipeline/Pipeline.php(219): Illuminate\\Http\\Middleware\\ValidatePostSize->handle(Object(Illuminate\\Http\\Request), Object(Closure))
#35 /Users/zawhtetnaung/Documents/Webprojects/ecommerce-api/vendor/laravel/framework/src/Illuminate/Foundation/Http/Middleware/PreventRequestsDuringMaintenance.php(109): Illuminate\\Pipeline\\Pipeline->{closure:{closure:Illuminate\\Pipeline\\Pipeline::carry():194}:195}(Object(Illuminate\\Http\\Request))
#36 /Users/zawhtetnaung/Documents/Webprojects/ecommerce-api/vendor/laravel/framework/src/Illuminate/Pipeline/Pipeline.php(219): Illuminate\\Foundation\\Http\\Middleware\\PreventRequestsDuringMaintenance->handle(Object(Illuminate\\Http\\Request), Object(Closure))
#37 /Users/zawhtetnaung/Documents/Webprojects/ecommerce-api/vendor/laravel/framework/src/Illuminate/Http/Middleware/HandleCors.php(74): Illuminate\\Pipeline\\Pipeline->{closure:{closure:Illuminate\\Pipeline\\Pipeline::carry():194}:195}(Object(Illuminate\\Http\\Request))
#38 /Users/zawhtetnaung/Documents/Webprojects/ecommerce-api/vendor/laravel/framework/src/Illuminate/Pipeline/Pipeline.php(219): Illuminate\\Http\\Middleware\\HandleCors->handle(Object(Illuminate\\Http\\Request), Object(Closure))
#39 /Users/zawhtetnaung/Documents/Webprojects/ecommerce-api/vendor/laravel/framework/src/Illuminate/Http/Middleware/TrustProxies.php(58): Illuminate\\Pipeline\\Pipeline->{closure:{closure:Illuminate\\Pipeline\\Pipeline::carry():194}:195}(Object(Illuminate\\Http\\Request))
#40 /Users/zawhtetnaung/Documents/Webprojects/ecommerce-api/vendor/laravel/framework/src/Illuminate/Pipeline/Pipeline.php(219): Illuminate\\Http\\Middleware\\TrustProxies->handle(Object(Illuminate\\Http\\Request), Object(Closure))
#41 /Users/zawhtetnaung/Documents/Webprojects/ecommerce-api/vendor/laravel/framework/src/Illuminate/Foundation/Http/Middleware/InvokeDeferredCallbacks.php(22): Illuminate\\Pipeline\\Pipeline->{closure:{closure:Illuminate\\Pipeline\\Pipeline::carry():194}:195}(Object(Illuminate\\Http\\Request))
#42 /Users/zawhtetnaung/Documents/Webprojects/ecommerce-api/vendor/laravel/framework/src/Illuminate/Pipeline/Pipeline.php(219): Illuminate\\Foundation\\Http\\Middleware\\InvokeDeferredCallbacks->handle(Object(Illuminate\\Http\\Request), Object(Closure))
#43 /Users/zawhtetnaung/Documents/Webprojects/ecommerce-api/vendor/laravel/framework/src/Illuminate/Http/Middleware/ValidatePathEncoding.php(26): Illuminate\\Pipeline\\Pipeline->{closure:{closure:Illuminate\\Pipeline\\Pipeline::carry():194}:195}(Object(Illuminate\\Http\\Request))
#44 /Users/zawhtetnaung/Documents/Webprojects/ecommerce-api/vendor/laravel/framework/src/Illuminate/Pipeline/Pipeline.php(219): Illuminate\\Http\\Middleware\\ValidatePathEncoding->handle(Object(Illuminate\\Http\\Request), Object(Closure))
#45 /Users/zawhtetnaung/Documents/Webprojects/ecommerce-api/vendor/laravel/framework/src/Illuminate/Pipeline/Pipeline.php(137): Illuminate\\Pipeline\\Pipeline->{closure:{closure:Illuminate\\Pipeline\\Pipeline::carry():194}:195}(Object(Illuminate\\Http\\Request))
#46 /Users/zawhtetnaung/Documents/Webprojects/ecommerce-api/vendor/laravel/framework/src/Illuminate/Foundation/Http/Kernel.php(175): Illuminate\\Pipeline\\Pipeline->then(Object(Closure))
#47 /Users/zawhtetnaung/Documents/Webprojects/ecommerce-api/vendor/laravel/framework/src/Illuminate/Foundation/Http/Kernel.php(144): Illuminate\\Foundation\\Http\\Kernel->sendRequestThroughRouter(Object(Illuminate\\Http\\Request))
#48 /Users/zawhtetnaung/Documents/Webprojects/ecommerce-api/vendor/laravel/framework/src/Illuminate/Foundation/Application.php(1220): Illuminate\\Foundation\\Http\\Kernel->handle(Object(Illuminate\\Http\\Request))
#49 /Users/zawhtetnaung/Documents/Webprojects/ecommerce-api/public/index.php(20): Illuminate\\Foundation\\Application->handleRequest(Object(Illuminate\\Http\\Request))
#50 /Users/zawhtetnaung/Documents/Webprojects/ecommerce-api/vendor/laravel/framework/src/Illuminate/Foundation/resources/server.php(23): require_once('/Users/zawhtetn...')
#51 {main}
"} 
[2026-02-07 13:51:54] local.ERROR: Writing to directory /Users/zawhtetnaung/.config/psysh is not allowed. {"exception":"[object] (ErrorException(code: 0): Writing to directory /Users/zawhtetnaung/.config/psysh is not allowed. at /Users/zawhtetnaung/Documents/Webprojects/ecommerce-api/vendor/psy/psysh/src/ConfigPaths.php:458)
[stacktrace]
#0 /Users/zawhtetnaung/Documents/Webprojects/ecommerce-api/vendor/laravel/framework/src/Illuminate/Foundation/Bootstrap/HandleExceptions.php(258): Illuminate\\Foundation\\Bootstrap\\HandleExceptions->handleError(1024, 'Writing to dire...', '/Users/zawhtetn...', 458)
#1 [internal function]: Illuminate\\Foundation\\Bootstrap\\HandleExceptions->{closure:Illuminate\\Foundation\\Bootstrap\\HandleExceptions::forwardsTo():257}(1024, 'Writing to dire...', '/Users/zawhtetn...', 458)
#2 /Users/zawhtetnaung/Documents/Webprojects/ecommerce-api/vendor/psy/psysh/src/ConfigPaths.php(458): trigger_error('Writing to dire...', 1024)
#3 /Users/zawhtetnaung/Documents/Webprojects/ecommerce-api/vendor/psy/psysh/src/ConfigPaths.php(487): Psy\\ConfigPaths::ensureDir('/Users/zawhtetn...')
#4 /Users/zawhtetnaung/Documents/Webprojects/ecommerce-api/vendor/psy/psysh/src/Configuration.php(968): Psy\\ConfigPaths::touchFileWithMkdir('/Users/zawhtetn...')
#5 /Users/zawhtetnaung/Documents/Webprojects/ecommerce-api/vendor/psy/psysh/src/Configuration.php(1000): Psy\\Configuration->setHistoryFile('/Users/zawhtetn...')
#6 /Users/zawhtetnaung/Documents/Webprojects/ecommerce-api/vendor/psy/psysh/src/Configuration.php(1137): Psy\\Configuration->getHistoryFile()
#7 /Users/zawhtetnaung/Documents/Webprojects/ecommerce-api/vendor/psy/psysh/src/Shell.php(173): Psy\\Configuration->getReadline()
#8 /Users/zawhtetnaung/Documents/Webprojects/ecommerce-api/vendor/psy/psysh/src/Shell.php(1636): Psy\\Shell->boot()
#9 /Users/zawhtetnaung/Documents/Webprojects/ecommerce-api/vendor/laravel/tinker/src/Console/TinkerCommand.php(76): Psy\\Shell->execute('\\\\App\\\\Models\\\\Eve...')
#10 /Users/zawhtetnaung/Documents/Webprojects/ecommerce-api/vendor/laravel/framework/src/Illuminate/Container/BoundMethod.php(36): Laravel\\Tinker\\Console\\TinkerCommand->handle()
#11 /Users/zawhtetnaung/Documents/Webprojects/ecommerce-api/vendor/laravel/framework/src/Illuminate/Container/Util.php(43): Illuminate\\Container\\BoundMethod::{closure:Illuminate\\Container\\BoundMethod::call():35}()
#12 /Users/zawhtetnaung/Documents/Webprojects/ecommerce-api/vendor/laravel/framework/src/Illuminate/Container/BoundMethod.php(96): Illuminate\\Container\\Util::unwrapIfClosure(Object(Closure))
#13 /Users/zawhtetnaung/Documents/Webprojects/ecommerce-api/vendor/laravel/framework/src/Illuminate/Container/BoundMethod.php(35): Illuminate\\Container\\BoundMethod::callBoundMethod(Object(Illuminate\\Foundation\\Application), Array, Object(Closure))
#14 /Users/zawhtetnaung/Documents/Webprojects/ecommerce-api/vendor/laravel/framework/src/Illuminate/Container/Container.php(799): Illuminate\\Container\\BoundMethod::call(Object(Illuminate\\Foundation\\Application), Array, Array, NULL)
#15 /Users/zawhtetnaung/Documents/Webprojects/ecommerce-api/vendor/laravel/framework/src/Illuminate/Console/Command.php(211): Illuminate\\Container\\Container->call(Array)
#16 /Users/zawhtetnaung/Documents/Webprojects/ecommerce-api/vendor/symfony/console/Command/Command.php(341): Illuminate\\Console\\Command->execute(Object(Symfony\\Component\\Console\\Input\\ArgvInput), Object(Illuminate\\Console\\OutputStyle))
#17 /Users/zawhtetnaung/Documents/Webprojects/ecommerce-api/vendor/laravel/framework/src/Illuminate/Console/Command.php(180): Symfony\\Component\\Console\\Command\\Command->run(Object(Symfony\\Component\\Console\\Input\\ArgvInput), Object(Illuminate\\Console\\OutputStyle))
#18 /Users/zawhtetnaung/Documents/Webprojects/ecommerce-api/vendor/symfony/console/Application.php(1102): Illuminate\\Console\\Command->run(Object(Symfony\\Component\\Console\\Input\\ArgvInput), Object(Symfony\\Component\\Console\\Output\\ConsoleOutput))
#19 /Users/zawhtetnaung/Documents/Webprojects/ecommerce-api/vendor/symfony/console/Application.php(356): Symfony\\Component\\Console\\Application->doRunCommand(Object(Laravel\\Tinker\\Console\\TinkerCommand), Object(Symfony\\Component\\Console\\Input\\ArgvInput), Object(Symfony\\Component\\Console\\Output\\ConsoleOutput))
#20 /Users/zawhtetnaung/Documents/Webprojects/ecommerce-api/vendor/symfony/console/Application.php(195): Symfony\\Component\\Console\\Application->doRun(Object(Symfony\\Component\\Console\\Input\\ArgvInput), Object(Symfony\\Component\\Console\\Output\\ConsoleOutput))
#21 /Users/zawhtetnaung/Documents/Webprojects/ecommerce-api/vendor/laravel/framework/src/Illuminate/Foundation/Console/Kernel.php(198): Symfony\\Component\\Console\\Application->run(Object(Symfony\\Component\\Console\\Input\\ArgvInput), Object(Symfony\\Component\\Console\\Output\\ConsoleOutput))
#22 /Users/zawhtetnaung/Documents/Webprojects/ecommerce-api/vendor/laravel/framework/src/Illuminate/Foundation/Application.php(1235): Illuminate\\Foundation\\Console\\Kernel->handle(Object(Symfony\\Component\\Console\\Input\\ArgvInput), Object(Symfony\\Component\\Console\\Output\\ConsoleOutput))
#23 /Users/zawhtetnaung/Documents/Webprojects/ecommerce-api/artisan(16): Illuminate\\Foundation\\Application->handleCommand(Object(Symfony\\Component\\Console\\Input\\ArgvInput))
#24 {main}
"} 
[2026-04-22 14:18:40] local.ERROR: SQLSTATE[HY000] [2002] Operation not permitted (Connection: mysql, Host: 127.0.0.1, Port: 3306, Database: messaraliving, SQL: select exists (select 1 from information_schema.tables where table_schema = schema() and table_name = 'migrations' and table_type in ('BASE TABLE', 'SYSTEM VERSIONED')) as `exists`) {"exception":"[object] (Illuminate\\Database\\QueryException(code: 2002): SQLSTATE[HY000] [2002] Operation not permitted (Connection: mysql, Host: 127.0.0.1, Port: 3306, Database: messaraliving, SQL: select exists (select 1 from information_schema.tables where table_schema = schema() and table_name = 'migrations' and table_type in ('BASE TABLE', 'SYSTEM VERSIONED')) as `exists`) at /Users/zawhtetnaung/Documents/Webprojects/ecommerce-api/vendor/laravel/framework/src/Illuminate/Database/Connection.php:838)
[stacktrace]
#0 /Users/zawhtetnaung/Documents/Webprojects/ecommerce-api/vendor/laravel/framework/src/Illuminate/Database/Connection.php(794): Illuminate\\Database\\Connection->runQueryCallback('select exists (...', Array, Object(Closure))
#1 /Users/zawhtetnaung/Documents/Webprojects/ecommerce-api/vendor/laravel/framework/src/Illuminate/Database/Connection.php(411): Illuminate\\Database\\Connection->run('select exists (...', Array, Object(Closure))
#2 /Users/zawhtetnaung/Documents/Webprojects/ecommerce-api/vendor/laravel/framework/src/Illuminate/Database/Connection.php(357): Illuminate\\Database\\Connection->select('select exists (...', Array, true)
#3 /Users/zawhtetnaung/Documents/Webprojects/ecommerce-api/vendor/laravel/framework/src/Illuminate/Database/Connection.php(374): Illuminate\\Database\\Connection->selectOne('select exists (...', Array, true)
#4 /Users/zawhtetnaung/Documents/Webprojects/ecommerce-api/vendor/laravel/framework/src/Illuminate/Database/Schema/Builder.php(176): Illuminate\\Database\\Connection->scalar('select exists (...')
#5 /Users/zawhtetnaung/Documents/Webprojects/ecommerce-api/vendor/laravel/framework/src/Illuminate/Database/Migrations/DatabaseMigrationRepository.php(185): Illuminate\\Database\\Schema\\Builder->hasTable('migrations')
#6 /Users/zawhtetnaung/Documents/Webprojects/ecommerce-api/vendor/laravel/framework/src/Illuminate/Database/Migrations/Migrator.php(756): Illuminate\\Database\\Migrations\\DatabaseMigrationRepository->repositoryExists()
#7 /Users/zawhtetnaung/Documents/Webprojects/ecommerce-api/vendor/laravel/framework/src/Illuminate/Database/Console/Migrations/MigrateCommand.php(164): Illuminate\\Database\\Migrations\\Migrator->repositoryExists()
#8 /Users/zawhtetnaung/Documents/Webprojects/ecommerce-api/vendor/laravel/framework/src/Illuminate/Support/helpers.php(329): Illuminate\\Database\\Console\\Migrations\\MigrateCommand->{closure:Illuminate\\Database\\Console\\Migrations\\MigrateCommand::repositoryExists():164}(1)
#9 /Users/zawhtetnaung/Documents/Webprojects/ecommerce-api/vendor/laravel/framework/src/Illuminate/Database/Console/Migrations/MigrateCommand.php(164): retry(1, Object(Closure), 0, Object(Closure))
#10 /Users/zawhtetnaung/Documents/Webprojects/ecommerce-api/vendor/laravel/framework/src/Illuminate/Database/Console/Migrations/MigrateCommand.php(140): Illuminate\\Database\\Console\\Migrations\\MigrateCommand->repositoryExists()
#11 /Users/zawhtetnaung/Documents/Webprojects/ecommerce-api/vendor/laravel/framework/src/Illuminate/Database/Console/Migrations/MigrateCommand.php(110): Illuminate\\Database\\Console\\Migrations\\MigrateCommand->prepareDatabase()
#12 /Users/zawhtetnaung/Documents/Webprojects/ecommerce-api/vendor/laravel/framework/src/Illuminate/Database/Migrations/Migrator.php(669): Illuminate\\Database\\Console\\Migrations\\MigrateCommand->{closure:Illuminate\\Database\\Console\\Migrations\\MigrateCommand::runMigrations():109}()
#13 /Users/zawhtetnaung/Documents/Webprojects/ecommerce-api/vendor/laravel/framework/src/Illuminate/Database/Console/Migrations/MigrateCommand.php(109): Illuminate\\Database\\Migrations\\Migrator->usingConnection(NULL, Object(Closure))
#14 /Users/zawhtetnaung/Documents/Webprojects/ecommerce-api/vendor/laravel/framework/src/Illuminate/Database/Console/Migrations/MigrateCommand.php(88): Illuminate\\Database\\Console\\Migrations\\MigrateCommand->runMigrations()
#15 /Users/zawhtetnaung/Documents/Webprojects/ecommerce-api/vendor/laravel/framework/src/Illuminate/Container/BoundMethod.php(36): Illuminate\\Database\\Console\\Migrations\\MigrateCommand->handle()
#16 /Users/zawhtetnaung/Documents/Webprojects/ecommerce-api/vendor/laravel/framework/src/Illuminate/Container/Util.php(43): Illuminate\\Container\\BoundMethod::{closure:Illuminate\\Container\\BoundMethod::call():35}()
#17 /Users/zawhtetnaung/Documents/Webprojects/ecommerce-api/vendor/laravel/framework/src/Illuminate/Container/BoundMethod.php(96): Illuminate\\Container\\Util::unwrapIfClosure(Object(Closure))
#18 /Users/zawhtetnaung/Documents/Webprojects/ecommerce-api/vendor/laravel/framework/src/Illuminate/Container/BoundMethod.php(35): Illuminate\\Container\\BoundMethod::callBoundMethod(Object(Illuminate\\Foundation\\Application), Array, Object(Closure))
#19 /Users/zawhtetnaung/Documents/Webprojects/ecommerce-api/vendor/laravel/framework/src/Illuminate/Container/Container.php(799): Illuminate\\Container\\BoundMethod::call(Object(Illuminate\\Foundation\\Application), Array, Array, NULL)
#20 /Users/zawhtetnaung/Documents/Webprojects/ecommerce-api/vendor/laravel/framework/src/Illuminate/Console/Command.php(211): Illuminate\\Container\\Container->call(Array)
#21 /Users/zawhtetnaung/Documents/Webprojects/ecommerce-api/vendor/symfony/console/Command/Command.php(341): Illuminate\\Console\\Command->execute(Object(Symfony\\Component\\Console\\Input\\ArgvInput), Object(Illuminate\\Console\\OutputStyle))
#22 /Users/zawhtetnaung/Documents/Webprojects/ecommerce-api/vendor/laravel/framework/src/Illuminate/Console/Command.php(180): Symfony\\Component\\Console\\Command\\Command->run(Object(Symfony\\Component\\Console\\Input\\ArgvInput), Object(Illuminate\\Console\\OutputStyle))
#23 /Users/zawhtetnaung/Documents/Webprojects/ecommerce-api/vendor/symfony/console/Application.php(1102): Illuminate\\Console\\Command->run(Object(Symfony\\Component\\Console\\Input\\ArgvInput), Object(Symfony\\Component\\Console\\Output\\ConsoleOutput))
#24 /Users/zawhtetnaung/Documents/Webprojects/ecommerce-api/vendor/symfony/console/Application.php(356): Symfony\\Component\\Console\\Application->doRunCommand(Object(Illuminate\\Database\\Console\\Migrations\\MigrateCommand), Object(Symfony\\Component\\Console\\Input\\ArgvInput), Object(Symfony\\Component\\Console\\Output\\ConsoleOutput))
#25 /Users/zawhtetnaung/Documents/Webprojects/ecommerce-api/vendor/symfony/console/Application.php(195): Symfony\\Component\\Console\\Application->doRun(Object(Symfony\\Component\\Console\\Input\\ArgvInput), Object(Symfony\\Component\\Console\\Output\\ConsoleOutput))
#26 /Users/zawhtetnaung/Documents/Webprojects/ecommerce-api/vendor/laravel/framework/src/Illuminate/Foundation/Console/Kernel.php(198): Symfony\\Component\\Console\\Application->run(Object(Symfony\\Component\\Console\\Input\\ArgvInput), Object(Symfony\\Component\\Console\\Output\\ConsoleOutput))
#27 /Users/zawhtetnaung/Documents/Webprojects/ecommerce-api/vendor/laravel/framework/src/Illuminate/Foundation/Application.php(1235): Illuminate\\Foundation\\Console\\Kernel->handle(Object(Symfony\\Component\\Console\\Input\\ArgvInput), Object(Symfony\\Component\\Console\\Output\\ConsoleOutput))
#28 /Users/zawhtetnaung/Documents/Webprojects/ecommerce-api/artisan(16): Illuminate\\Foundation\\Application->handleCommand(Object(Symfony\\Component\\Console\\Input\\ArgvInput))
#29 {main}

[previous exception] [object] (PDOException(code: 2002): SQLSTATE[HY000] [2002] Operation not permitted at /Users/zawhtetnaung/Documents/Webprojects/ecommerce-api/vendor/laravel/framework/src/Illuminate/Database/Connectors/Connector.php:67)
[stacktrace]
#0 /Users/zawhtetnaung/Documents/Webprojects/ecommerce-api/vendor/laravel/framework/src/Illuminate/Database/Connectors/Connector.php(67): PDO::connect('mysql:host=127....', 'messara', Object(SensitiveParameterValue), Array)
#1 /Users/zawhtetnaung/Documents/Webprojects/ecommerce-api/vendor/laravel/framework/src/Illuminate/Database/Connectors/Connector.php(44): Illuminate\\Database\\Connectors\\Connector->createPdoConnection('mysql:host=127....', 'messara', Object(SensitiveParameterValue), Array)
#2 /Users/zawhtetnaung/Documents/Webprojects/ecommerce-api/vendor/laravel/framework/src/Illuminate/Database/Connectors/MySqlConnector.php(24): Illuminate\\Database\\Connectors\\Connector->createConnection('mysql:host=127....', Array, Array)
#3 /Users/zawhtetnaung/Documents/Webprojects/ecommerce-api/vendor/laravel/framework/src/Illuminate/Database/Connectors/ConnectionFactory.php(186): Illuminate\\Database\\Connectors\\MySqlConnector->connect(Array)
#4 [internal function]: Illuminate\\Database\\Connectors\\ConnectionFactory->{closure:Illuminate\\Database\\Connectors\\ConnectionFactory::createPdoResolverWithHosts():181}()
#5 /Users/zawhtetnaung/Documents/Webprojects/ecommerce-api/vendor/laravel/framework/src/Illuminate/Database/Connection.php(1257): call_user_func(Object(Closure))
#6 /Users/zawhtetnaung/Documents/Webprojects/ecommerce-api/vendor/laravel/framework/src/Illuminate/Database/Connection.php(1295): Illuminate\\Database\\Connection->getPdo()
#7 /Users/zawhtetnaung/Documents/Webprojects/ecommerce-api/vendor/laravel/framework/src/Illuminate/Database/Connection.php(525): Illuminate\\Database\\Connection->getReadPdo()
#8 /Users/zawhtetnaung/Documents/Webprojects/ecommerce-api/vendor/laravel/framework/src/Illuminate/Database/Connection.php(420): Illuminate\\Database\\Connection->getPdoForSelect(true)
#9 /Users/zawhtetnaung/Documents/Webprojects/ecommerce-api/vendor/laravel/framework/src/Illuminate/Database/Connection.php(827): Illuminate\\Database\\Connection->{closure:Illuminate\\Database\\Connection::select():411}('select exists (...', Array)
#10 /Users/zawhtetnaung/Documents/Webprojects/ecommerce-api/vendor/laravel/framework/src/Illuminate/Database/Connection.php(794): Illuminate\\Database\\Connection->runQueryCallback('select exists (...', Array, Object(Closure))
#11 /Users/zawhtetnaung/Documents/Webprojects/ecommerce-api/vendor/laravel/framework/src/Illuminate/Database/Connection.php(411): Illuminate\\Database\\Connection->run('select exists (...', Array, Object(Closure))
#12 /Users/zawhtetnaung/Documents/Webprojects/ecommerce-api/vendor/laravel/framework/src/Illuminate/Database/Connection.php(357): Illuminate\\Database\\Connection->select('select exists (...', Array, true)
#13 /Users/zawhtetnaung/Documents/Webprojects/ecommerce-api/vendor/laravel/framework/src/Illuminate/Database/Connection.php(374): Illuminate\\Database\\Connection->selectOne('select exists (...', Array, true)
#14 /Users/zawhtetnaung/Documents/Webprojects/ecommerce-api/vendor/laravel/framework/src/Illuminate/Database/Schema/Builder.php(176): Illuminate\\Database\\Connection->scalar('select exists (...')
#15 /Users/zawhtetnaung/Documents/Webprojects/ecommerce-api/vendor/laravel/framework/src/Illuminate/Database/Migrations/DatabaseMigrationRepository.php(185): Illuminate\\Database\\Schema\\Builder->hasTable('migrations')
#16 /Users/zawhtetnaung/Documents/Webprojects/ecommerce-api/vendor/laravel/framework/src/Illuminate/Database/Migrations/Migrator.php(756): Illuminate\\Database\\Migrations\\DatabaseMigrationRepository->repositoryExists()
#17 /Users/zawhtetnaung/Documents/Webprojects/ecommerce-api/vendor/laravel/framework/src/Illuminate/Database/Console/Migrations/MigrateCommand.php(164): Illuminate\\Database\\Migrations\\Migrator->repositoryExists()
#18 /Users/zawhtetnaung/Documents/Webprojects/ecommerce-api/vendor/laravel/framework/src/Illuminate/Support/helpers.php(329): Illuminate\\Database\\Console\\Migrations\\MigrateCommand->{closure:Illuminate\\Database\\Console\\Migrations\\MigrateCommand::repositoryExists():164}(1)
#19 /Users/zawhtetnaung/Documents/Webprojects/ecommerce-api/vendor/laravel/framework/src/Illuminate/Database/Console/Migrations/MigrateCommand.php(164): retry(1, Object(Closure), 0, Object(Closure))
#20 /Users/zawhtetnaung/Documents/Webprojects/ecommerce-api/vendor/laravel/framework/src/Illuminate/Database/Console/Migrations/MigrateCommand.php(140): Illuminate\\Database\\Console\\Migrations\\MigrateCommand->repositoryExists()
#21 /Users/zawhtetnaung/Documents/Webprojects/ecommerce-api/vendor/laravel/framework/src/Illuminate/Database/Console/Migrations/MigrateCommand.php(110): Illuminate\\Database\\Console\\Migrations\\MigrateCommand->prepareDatabase()
#22 /Users/zawhtetnaung/Documents/Webprojects/ecommerce-api/vendor/laravel/framework/src/Illuminate/Database/Migrations/Migrator.php(669): Illuminate\\Database\\Console\\Migrations\\MigrateCommand->{closure:Illuminate\\Database\\Console\\Migrations\\MigrateCommand::runMigrations():109}()
#23 /Users/zawhtetnaung/Documents/Webprojects/ecommerce-api/vendor/laravel/framework/src/Illuminate/Database/Console/Migrations/MigrateCommand.php(109): Illuminate\\Database\\Migrations\\Migrator->usingConnection(NULL, Object(Closure))
#24 /Users/zawhtetnaung/Documents/Webprojects/ecommerce-api/vendor/laravel/framework/src/Illuminate/Database/Console/Migrations/MigrateCommand.php(88): Illuminate\\Database\\Console\\Migrations\\MigrateCommand->runMigrations()
#25 /Users/zawhtetnaung/Documents/Webprojects/ecommerce-api/vendor/laravel/framework/src/Illuminate/Container/BoundMethod.php(36): Illuminate\\Database\\Console\\Migrations\\MigrateCommand->handle()
#26 /Users/zawhtetnaung/Documents/Webprojects/ecommerce-api/vendor/laravel/framework/src/Illuminate/Container/Util.php(43): Illuminate\\Container\\BoundMethod::{closure:Illuminate\\Container\\BoundMethod::call():35}()
#27 /Users/zawhtetnaung/Documents/Webprojects/ecommerce-api/vendor/laravel/framework/src/Illuminate/Container/BoundMethod.php(96): Illuminate\\Container\\Util::unwrapIfClosure(Object(Closure))
#28 /Users/zawhtetnaung/Documents/Webprojects/ecommerce-api/vendor/laravel/framework/src/Illuminate/Container/BoundMethod.php(35): Illuminate\\Container\\BoundMethod::callBoundMethod(Object(Illuminate\\Foundation\\Application), Array, Object(Closure))
#29 /Users/zawhtetnaung/Documents/Webprojects/ecommerce-api/vendor/laravel/framework/src/Illuminate/Container/Container.php(799): Illuminate\\Container\\BoundMethod::call(Object(Illuminate\\Foundation\\Application), Array, Array, NULL)
#30 /Users/zawhtetnaung/Documents/Webprojects/ecommerce-api/vendor/laravel/framework/src/Illuminate/Console/Command.php(211): Illuminate\\Container\\Container->call(Array)
#31 /Users/zawhtetnaung/Documents/Webprojects/ecommerce-api/vendor/symfony/console/Command/Command.php(341): Illuminate\\Console\\Command->execute(Object(Symfony\\Component\\Console\\Input\\ArgvInput), Object(Illuminate\\Console\\OutputStyle))
#32 /Users/zawhtetnaung/Documents/Webprojects/ecommerce-api/vendor/laravel/framework/src/Illuminate/Console/Command.php(180): Symfony\\Component\\Console\\Command\\Command->run(Object(Symfony\\Component\\Console\\Input\\ArgvInput), Object(Illuminate\\Console\\OutputStyle))
#33 /Users/zawhtetnaung/Documents/Webprojects/ecommerce-api/vendor/symfony/console/Application.php(1102): Illuminate\\Console\\Command->run(Object(Symfony\\Component\\Console\\Input\\ArgvInput), Object(Symfony\\Component\\Console\\Output\\ConsoleOutput))
#34 /Users/zawhtetnaung/Documents/Webprojects/ecommerce-api/vendor/symfony/console/Application.php(356): Symfony\\Component\\Console\\Application->doRunCommand(Object(Illuminate\\Database\\Console\\Migrations\\MigrateCommand), Object(Symfony\\Component\\Console\\Input\\ArgvInput), Object(Symfony\\Component\\Console\\Output\\ConsoleOutput))
#35 /Users/zawhtetnaung/Documents/Webprojects/ecommerce-api/vendor/symfony/console/Application.php(195): Symfony\\Component\\Console\\Application->doRun(Object(Symfony\\Component\\Console\\Input\\ArgvInput), Object(Symfony\\Component\\Console\\Output\\ConsoleOutput))
#36 /Users/zawhtetnaung/Documents/Webprojects/ecommerce-api/vendor/laravel/framework/src/Illuminate/Foundation/Console/Kernel.php(198): Symfony\\Component\\Console\\Application->run(Object(Symfony\\Component\\Console\\Input\\ArgvInput), Object(Symfony\\Component\\Console\\Output\\ConsoleOutput))
#37 /Users/zawhtetnaung/Documents/Webprojects/ecommerce-api/vendor/laravel/framework/src/Illuminate/Foundation/Application.php(1235): Illuminate\\Foundation\\Console\\Kernel->handle(Object(Symfony\\Component\\Console\\Input\\ArgvInput), Object(Symfony\\Component\\Console\\Output\\ConsoleOutput))
#38 /Users/zawhtetnaung/Documents/Webprojects/ecommerce-api/artisan(16): Illuminate\\Foundation\\Application->handleCommand(Object(Symfony\\Component\\Console\\Input\\ArgvInput))
#39 {main}
"} 
[2026-04-22 14:20:09] local.ERROR: SQLSTATE[HY000]: General error: 1824 Failed to open the referenced table 'colors' (Connection: mysql, Host: 127.0.0.1, Port: 3306, Database: messaraliving, SQL: alter table `color_product` add constraint `color_product_color_id_foreign` foreign key (`color_id`) references `colors` (`id`) on delete cascade) {"exception":"[object] (Illuminate\\Database\\QueryException(code: HY000): SQLSTATE[HY000]: General error: 1824 Failed to open the referenced table 'colors' (Connection: mysql, Host: 127.0.0.1, Port: 3306, Database: messaraliving, SQL: alter table `color_product` add constraint `color_product_color_id_foreign` foreign key (`color_id`) references `colors` (`id`) on delete cascade) at /Users/zawhtetnaung/Documents/Webprojects/ecommerce-api/vendor/laravel/framework/src/Illuminate/Database/Connection.php:838)
[stacktrace]
#0 /Users/zawhtetnaung/Documents/Webprojects/ecommerce-api/vendor/laravel/framework/src/Illuminate/Database/Connection.php(794): Illuminate\\Database\\Connection->runQueryCallback('alter table `co...', Array, Object(Closure))
#1 /Users/zawhtetnaung/Documents/Webprojects/ecommerce-api/vendor/laravel/framework/src/Illuminate/Database/Connection.php(573): Illuminate\\Database\\Connection->run('alter table `co...', Array, Object(Closure))
#2 /Users/zawhtetnaung/Documents/Webprojects/ecommerce-api/vendor/laravel/framework/src/Illuminate/Database/Schema/Blueprint.php(121): Illuminate\\Database\\Connection->statement('alter table `co...')
#3 /Users/zawhtetnaung/Documents/Webprojects/ecommerce-api/vendor/laravel/framework/src/Illuminate/Database/Schema/Builder.php(684): Illuminate\\Database\\Schema\\Blueprint->build()
#4 /Users/zawhtetnaung/Documents/Webprojects/ecommerce-api/vendor/laravel/framework/src/Illuminate/Database/Schema/Builder.php(506): Illuminate\\Database\\Schema\\Builder->build(Object(Illuminate\\Database\\Schema\\Blueprint))
#5 /Users/zawhtetnaung/Documents/Webprojects/ecommerce-api/vendor/laravel/framework/src/Illuminate/Support/Facades/Facade.php(363): Illuminate\\Database\\Schema\\Builder->create('color_product', Object(Closure))
#6 /Users/zawhtetnaung/Documents/Webprojects/ecommerce-api/database/migrations/2026_02_04_145314_create_color_product_table.php(14): Illuminate\\Support\\Facades\\Facade::__callStatic('create', Array)
#7 /Users/zawhtetnaung/Documents/Webprojects/ecommerce-api/vendor/laravel/framework/src/Illuminate/Database/Migrations/Migrator.php(517): Illuminate\\Database\\Migrations\\Migration@anonymous->up()
#8 /Users/zawhtetnaung/Documents/Webprojects/ecommerce-api/vendor/laravel/framework/src/Illuminate/Database/Migrations/Migrator.php(442): Illuminate\\Database\\Migrations\\Migrator->runMethod(Object(Illuminate\\Database\\MySqlConnection), Object(Illuminate\\Database\\Migrations\\Migration@anonymous), 'up')
#9 /Users/zawhtetnaung/Documents/Webprojects/ecommerce-api/vendor/laravel/framework/src/Illuminate/Database/Migrations/Migrator.php(451): Illuminate\\Database\\Migrations\\Migrator->{closure:Illuminate\\Database\\Migrations\\Migrator::runMigration():438}()
#10 /Users/zawhtetnaung/Documents/Webprojects/ecommerce-api/vendor/laravel/framework/src/Illuminate/Database/Migrations/Migrator.php(253): Illuminate\\Database\\Migrations\\Migrator->runMigration(Object(Illuminate\\Database\\Migrations\\Migration@anonymous), 'up')
#11 /Users/zawhtetnaung/Documents/Webprojects/ecommerce-api/vendor/laravel/framework/src/Illuminate/Console/View/Components/Task.php(41): Illuminate\\Database\\Migrations\\Migrator->{closure:Illuminate\\Database\\Migrations\\Migrator::runUp():253}()
#12 /Users/zawhtetnaung/Documents/Webprojects/ecommerce-api/vendor/laravel/framework/src/Illuminate/Database/Migrations/Migrator.php(812): Illuminate\\Console\\View\\Components\\Task->render('2026_02_04_1453...', Object(Closure))
#13 /Users/zawhtetnaung/Documents/Webprojects/ecommerce-api/vendor/laravel/framework/src/Illuminate/Database/Migrations/Migrator.php(253): Illuminate\\Database\\Migrations\\Migrator->write('Illuminate\\\\Cons...', '2026_02_04_1453...', Object(Closure))
#14 /Users/zawhtetnaung/Documents/Webprojects/ecommerce-api/vendor/laravel/framework/src/Illuminate/Database/Migrations/Migrator.php(211): Illuminate\\Database\\Migrations\\Migrator->runUp('/Users/zawhtetn...', 1, false)
#15 /Users/zawhtetnaung/Documents/Webprojects/ecommerce-api/vendor/laravel/framework/src/Illuminate/Database/Migrations/Migrator.php(138): Illuminate\\Database\\Migrations\\Migrator->runPending(Array, Array)
#16 /Users/zawhtetnaung/Documents/Webprojects/ecommerce-api/vendor/laravel/framework/src/Illuminate/Database/Console/Migrations/MigrateCommand.php(116): Illuminate\\Database\\Migrations\\Migrator->run(Array, Array)
#17 /Users/zawhtetnaung/Documents/Webprojects/ecommerce-api/vendor/laravel/framework/src/Illuminate/Database/Migrations/Migrator.php(669): Illuminate\\Database\\Console\\Migrations\\MigrateCommand->{closure:Illuminate\\Database\\Console\\Migrations\\MigrateCommand::runMigrations():109}()
#18 /Users/zawhtetnaung/Documents/Webprojects/ecommerce-api/vendor/laravel/framework/src/Illuminate/Database/Console/Migrations/MigrateCommand.php(109): Illuminate\\Database\\Migrations\\Migrator->usingConnection(NULL, Object(Closure))
#19 /Users/zawhtetnaung/Documents/Webprojects/ecommerce-api/vendor/laravel/framework/src/Illuminate/Database/Console/Migrations/MigrateCommand.php(88): Illuminate\\Database\\Console\\Migrations\\MigrateCommand->runMigrations()
#20 /Users/zawhtetnaung/Documents/Webprojects/ecommerce-api/vendor/laravel/framework/src/Illuminate/Container/BoundMethod.php(36): Illuminate\\Database\\Console\\Migrations\\MigrateCommand->handle()
#21 /Users/zawhtetnaung/Documents/Webprojects/ecommerce-api/vendor/laravel/framework/src/Illuminate/Container/Util.php(43): Illuminate\\Container\\BoundMethod::{closure:Illuminate\\Container\\BoundMethod::call():35}()
#22 /Users/zawhtetnaung/Documents/Webprojects/ecommerce-api/vendor/laravel/framework/src/Illuminate/Container/BoundMethod.php(96): Illuminate\\Container\\Util::unwrapIfClosure(Object(Closure))
#23 /Users/zawhtetnaung/Documents/Webprojects/ecommerce-api/vendor/laravel/framework/src/Illuminate/Container/BoundMethod.php(35): Illuminate\\Container\\BoundMethod::callBoundMethod(Object(Illuminate\\Foundation\\Application), Array, Object(Closure))
#24 /Users/zawhtetnaung/Documents/Webprojects/ecommerce-api/vendor/laravel/framework/src/Illuminate/Container/Container.php(799): Illuminate\\Container\\BoundMethod::call(Object(Illuminate\\Foundation\\Application), Array, Array, NULL)
#25 /Users/zawhtetnaung/Documents/Webprojects/ecommerce-api/vendor/laravel/framework/src/Illuminate/Console/Command.php(211): Illuminate\\Container\\Container->call(Array)
#26 /Users/zawhtetnaung/Documents/Webprojects/ecommerce-api/vendor/symfony/console/Command/Command.php(341): Illuminate\\Console\\Command->execute(Object(Symfony\\Component\\Console\\Input\\ArgvInput), Object(Illuminate\\Console\\OutputStyle))
#27 /Users/zawhtetnaung/Documents/Webprojects/ecommerce-api/vendor/laravel/framework/src/Illuminate/Console/Command.php(180): Symfony\\Component\\Console\\Command\\Command->run(Object(Symfony\\Component\\Console\\Input\\ArgvInput), Object(Illuminate\\Console\\OutputStyle))
#28 /Users/zawhtetnaung/Documents/Webprojects/ecommerce-api/vendor/symfony/console/Application.php(1102): Illuminate\\Console\\Command->run(Object(Symfony\\Component\\Console\\Input\\ArgvInput), Object(Symfony\\Component\\Console\\Output\\ConsoleOutput))
#29 /Users/zawhtetnaung/Documents/Webprojects/ecommerce-api/vendor/symfony/console/Application.php(356): Symfony\\Component\\Console\\Application->doRunCommand(Object(Illuminate\\Database\\Console\\Migrations\\MigrateCommand), Object(Symfony\\Component\\Console\\Input\\ArgvInput), Object(Symfony\\Component\\Console\\Output\\ConsoleOutput))
#30 /Users/zawhtetnaung/Documents/Webprojects/ecommerce-api/vendor/symfony/console/Application.php(195): Symfony\\Component\\Console\\Application->doRun(Object(Symfony\\Component\\Console\\Input\\ArgvInput), Object(Symfony\\Component\\Console\\Output\\ConsoleOutput))
#31 /Users/zawhtetnaung/Documents/Webprojects/ecommerce-api/vendor/laravel/framework/src/Illuminate/Foundation/Console/Kernel.php(198): Symfony\\Component\\Console\\Application->run(Object(Symfony\\Component\\Console\\Input\\ArgvInput), Object(Symfony\\Component\\Console\\Output\\ConsoleOutput))
#32 /Users/zawhtetnaung/Documents/Webprojects/ecommerce-api/vendor/laravel/framework/src/Illuminate/Foundation/Application.php(1235): Illuminate\\Foundation\\Console\\Kernel->handle(Object(Symfony\\Component\\Console\\Input\\ArgvInput), Object(Symfony\\Component\\Console\\Output\\ConsoleOutput))
#33 /Users/zawhtetnaung/Documents/Webprojects/ecommerce-api/artisan(16): Illuminate\\Foundation\\Application->handleCommand(Object(Symfony\\Component\\Console\\Input\\ArgvInput))
#34 {main}

[previous exception] [object] (PDOException(code: HY000): SQLSTATE[HY000]: General error: 1824 Failed to open the referenced table 'colors' at /Users/zawhtetnaung/Documents/Webprojects/ecommerce-api/vendor/laravel/framework/src/Illuminate/Database/Connection.php:584)
[stacktrace]
#0 /Users/zawhtetnaung/Documents/Webprojects/ecommerce-api/vendor/laravel/framework/src/Illuminate/Database/Connection.php(584): PDOStatement->execute()
#1 /Users/zawhtetnaung/Documents/Webprojects/ecommerce-api/vendor/laravel/framework/src/Illuminate/Database/Connection.php(827): Illuminate\\Database\\Connection->{closure:Illuminate\\Database\\Connection::statement():573}('alter table `co...', Array)
#2 /Users/zawhtetnaung/Documents/Webprojects/ecommerce-api/vendor/laravel/framework/src/Illuminate/Database/Connection.php(794): Illuminate\\Database\\Connection->runQueryCallback('alter table `co...', Array, Object(Closure))
#3 /Users/zawhtetnaung/Documents/Webprojects/ecommerce-api/vendor/laravel/framework/src/Illuminate/Database/Connection.php(573): Illuminate\\Database\\Connection->run('alter table `co...', Array, Object(Closure))
#4 /Users/zawhtetnaung/Documents/Webprojects/ecommerce-api/vendor/laravel/framework/src/Illuminate/Database/Schema/Blueprint.php(121): Illuminate\\Database\\Connection->statement('alter table `co...')
#5 /Users/zawhtetnaung/Documents/Webprojects/ecommerce-api/vendor/laravel/framework/src/Illuminate/Database/Schema/Builder.php(684): Illuminate\\Database\\Schema\\Blueprint->build()
#6 /Users/zawhtetnaung/Documents/Webprojects/ecommerce-api/vendor/laravel/framework/src/Illuminate/Database/Schema/Builder.php(506): Illuminate\\Database\\Schema\\Builder->build(Object(Illuminate\\Database\\Schema\\Blueprint))
#7 /Users/zawhtetnaung/Documents/Webprojects/ecommerce-api/vendor/laravel/framework/src/Illuminate/Support/Facades/Facade.php(363): Illuminate\\Database\\Schema\\Builder->create('color_product', Object(Closure))
#8 /Users/zawhtetnaung/Documents/Webprojects/ecommerce-api/database/migrations/2026_02_04_145314_create_color_product_table.php(14): Illuminate\\Support\\Facades\\Facade::__callStatic('create', Array)
#9 /Users/zawhtetnaung/Documents/Webprojects/ecommerce-api/vendor/laravel/framework/src/Illuminate/Database/Migrations/Migrator.php(517): Illuminate\\Database\\Migrations\\Migration@anonymous->up()
#10 /Users/zawhtetnaung/Documents/Webprojects/ecommerce-api/vendor/laravel/framework/src/Illuminate/Database/Migrations/Migrator.php(442): Illuminate\\Database\\Migrations\\Migrator->runMethod(Object(Illuminate\\Database\\MySqlConnection), Object(Illuminate\\Database\\Migrations\\Migration@anonymous), 'up')
#11 /Users/zawhtetnaung/Documents/Webprojects/ecommerce-api/vendor/laravel/framework/src/Illuminate/Database/Migrations/Migrator.php(451): Illuminate\\Database\\Migrations\\Migrator->{closure:Illuminate\\Database\\Migrations\\Migrator::runMigration():438}()
#12 /Users/zawhtetnaung/Documents/Webprojects/ecommerce-api/vendor/laravel/framework/src/Illuminate/Database/Migrations/Migrator.php(253): Illuminate\\Database\\Migrations\\Migrator->runMigration(Object(Illuminate\\Database\\Migrations\\Migration@anonymous), 'up')
#13 /Users/zawhtetnaung/Documents/Webprojects/ecommerce-api/vendor/laravel/framework/src/Illuminate/Console/View/Components/Task.php(41): Illuminate\\Database\\Migrations\\Migrator->{closure:Illuminate\\Database\\Migrations\\Migrator::runUp():253}()
#14 /Users/zawhtetnaung/Documents/Webprojects/ecommerce-api/vendor/laravel/framework/src/Illuminate/Database/Migrations/Migrator.php(812): Illuminate\\Console\\View\\Components\\Task->render('2026_02_04_1453...', Object(Closure))
#15 /Users/zawhtetnaung/Documents/Webprojects/ecommerce-api/vendor/laravel/framework/src/Illuminate/Database/Migrations/Migrator.php(253): Illuminate\\Database\\Migrations\\Migrator->write('Illuminate\\\\Cons...', '2026_02_04_1453...', Object(Closure))
#16 /Users/zawhtetnaung/Documents/Webprojects/ecommerce-api/vendor/laravel/framework/src/Illuminate/Database/Migrations/Migrator.php(211): Illuminate\\Database\\Migrations\\Migrator->runUp('/Users/zawhtetn...', 1, false)
#17 /Users/zawhtetnaung/Documents/Webprojects/ecommerce-api/vendor/laravel/framework/src/Illuminate/Database/Migrations/Migrator.php(138): Illuminate\\Database\\Migrations\\Migrator->runPending(Array, Array)
#18 /Users/zawhtetnaung/Documents/Webprojects/ecommerce-api/vendor/laravel/framework/src/Illuminate/Database/Console/Migrations/MigrateCommand.php(116): Illuminate\\Database\\Migrations\\Migrator->run(Array, Array)
#19 /Users/zawhtetnaung/Documents/Webprojects/ecommerce-api/vendor/laravel/framework/src/Illuminate/Database/Migrations/Migrator.php(669): Illuminate\\Database\\Console\\Migrations\\MigrateCommand->{closure:Illuminate\\Database\\Console\\Migrations\\MigrateCommand::runMigrations():109}()
#20 /Users/zawhtetnaung/Documents/Webprojects/ecommerce-api/vendor/laravel/framework/src/Illuminate/Database/Console/Migrations/MigrateCommand.php(109): Illuminate\\Database\\Migrations\\Migrator->usingConnection(NULL, Object(Closure))
#21 /Users/zawhtetnaung/Documents/Webprojects/ecommerce-api/vendor/laravel/framework/src/Illuminate/Database/Console/Migrations/MigrateCommand.php(88): Illuminate\\Database\\Console\\Migrations\\MigrateCommand->runMigrations()
#22 /Users/zawhtetnaung/Documents/Webprojects/ecommerce-api/vendor/laravel/framework/src/Illuminate/Container/BoundMethod.php(36): Illuminate\\Database\\Console\\Migrations\\MigrateCommand->handle()
#23 /Users/zawhtetnaung/Documents/Webprojects/ecommerce-api/vendor/laravel/framework/src/Illuminate/Container/Util.php(43): Illuminate\\Container\\BoundMethod::{closure:Illuminate\\Container\\BoundMethod::call():35}()
#24 /Users/zawhtetnaung/Documents/Webprojects/ecommerce-api/vendor/laravel/framework/src/Illuminate/Container/BoundMethod.php(96): Illuminate\\Container\\Util::unwrapIfClosure(Object(Closure))
#25 /Users/zawhtetnaung/Documents/Webprojects/ecommerce-api/vendor/laravel/framework/src/Illuminate/Container/BoundMethod.php(35): Illuminate\\Container\\BoundMethod::callBoundMethod(Object(Illuminate\\Foundation\\Application), Array, Object(Closure))
#26 /Users/zawhtetnaung/Documents/Webprojects/ecommerce-api/vendor/laravel/framework/src/Illuminate/Container/Container.php(799): Illuminate\\Container\\BoundMethod::call(Object(Illuminate\\Foundation\\Application), Array, Array, NULL)
#27 /Users/zawhtetnaung/Documents/Webprojects/ecommerce-api/vendor/laravel/framework/src/Illuminate/Console/Command.php(211): Illuminate\\Container\\Container->call(Array)
#28 /Users/zawhtetnaung/Documents/Webprojects/ecommerce-api/vendor/symfony/console/Command/Command.php(341): Illuminate\\Console\\Command->execute(Object(Symfony\\Component\\Console\\Input\\ArgvInput), Object(Illuminate\\Console\\OutputStyle))
#29 /Users/zawhtetnaung/Documents/Webprojects/ecommerce-api/vendor/laravel/framework/src/Illuminate/Console/Command.php(180): Symfony\\Component\\Console\\Command\\Command->run(Object(Symfony\\Component\\Console\\Input\\ArgvInput), Object(Illuminate\\Console\\OutputStyle))
#30 /Users/zawhtetnaung/Documents/Webprojects/ecommerce-api/vendor/symfony/console/Application.php(1102): Illuminate\\Console\\Command->run(Object(Symfony\\Component\\Console\\Input\\ArgvInput), Object(Symfony\\Component\\Console\\Output\\ConsoleOutput))
#31 /Users/zawhtetnaung/Documents/Webprojects/ecommerce-api/vendor/symfony/console/Application.php(356): Symfony\\Component\\Console\\Application->doRunCommand(Object(Illuminate\\Database\\Console\\Migrations\\MigrateCommand), Object(Symfony\\Component\\Console\\Input\\ArgvInput), Object(Symfony\\Component\\Console\\Output\\ConsoleOutput))
#32 /Users/zawhtetnaung/Documents/Webprojects/ecommerce-api/vendor/symfony/console/Application.php(195): Symfony\\Component\\Console\\Application->doRun(Object(Symfony\\Component\\Console\\Input\\ArgvInput), Object(Symfony\\Component\\Console\\Output\\ConsoleOutput))
#33 /Users/zawhtetnaung/Documents/Webprojects/ecommerce-api/vendor/laravel/framework/src/Illuminate/Foundation/Console/Kernel.php(198): Symfony\\Component\\Console\\Application->run(Object(Symfony\\Component\\Console\\Input\\ArgvInput), Object(Symfony\\Component\\Console\\Output\\ConsoleOutput))
#34 /Users/zawhtetnaung/Documents/Webprojects/ecommerce-api/vendor/laravel/framework/src/Illuminate/Foundation/Application.php(1235): Illuminate\\Foundation\\Console\\Kernel->handle(Object(Symfony\\Component\\Console\\Input\\ArgvInput), Object(Symfony\\Component\\Console\\Output\\ConsoleOutput))
#35 /Users/zawhtetnaung/Documents/Webprojects/ecommerce-api/artisan(16): Illuminate\\Foundation\\Application->handleCommand(Object(Symfony\\Component\\Console\\Input\\ArgvInput))
#36 {main}
"} 
[2026-04-23 07:40:16] local.ERROR: SQLSTATE[HY000] [2002] Connection refused (Connection: mysql, Host: 127.0.0.1, Port: 3306, Database: messaraliving, SQL: select `id`, `name`, `slug`, `image_path` from `categories` where `is_active` = 1 order by `name` asc) {"exception":"[object] (Illuminate\\Database\\QueryException(code: 2002): SQLSTATE[HY000] [2002] Connection refused (Connection: mysql, Host: 127.0.0.1, Port: 3306, Database: messaraliving, SQL: select `id`, `name`, `slug`, `image_path` from `categories` where `is_active` = 1 order by `name` asc) at /Users/zawhtetnaung/Documents/Webprojects/ecommerce-api/vendor/laravel/framework/src/Illuminate/Database/Connection.php:838)
[stacktrace]
#0 /Users/zawhtetnaung/Documents/Webprojects/ecommerce-api/vendor/laravel/framework/src/Illuminate/Database/Connection.php(999): Illuminate\\Database\\Connection->runQueryCallback('select `id`, `n...', Array, Object(Closure))
#1 /Users/zawhtetnaung/Documents/Webprojects/ecommerce-api/vendor/laravel/framework/src/Illuminate/Database/Connection.php(978): Illuminate\\Database\\Connection->tryAgainIfCausedByLostConnection(Object(Illuminate\\Database\\QueryException), 'select `id`, `n...', Array, Object(Closure))
#2 /Users/zawhtetnaung/Documents/Webprojects/ecommerce-api/vendor/laravel/framework/src/Illuminate/Database/Connection.php(796): Illuminate\\Database\\Connection->handleQueryException(Object(Illuminate\\Database\\QueryException), 'select `id`, `n...', Array, Object(Closure))
#3 /Users/zawhtetnaung/Documents/Webprojects/ecommerce-api/vendor/laravel/framework/src/Illuminate/Database/Connection.php(411): Illuminate\\Database\\Connection->run('select `id`, `n...', Array, Object(Closure))
#4 /Users/zawhtetnaung/Documents/Webprojects/ecommerce-api/vendor/laravel/framework/src/Illuminate/Database/Query/Builder.php(3389): Illuminate\\Database\\Connection->select('select `id`, `n...', Array, true)
#5 /Users/zawhtetnaung/Documents/Webprojects/ecommerce-api/vendor/laravel/framework/src/Illuminate/Database/Query/Builder.php(3374): Illuminate\\Database\\Query\\Builder->runSelect()
#6 /Users/zawhtetnaung/Documents/Webprojects/ecommerce-api/vendor/laravel/framework/src/Illuminate/Database/Query/Builder.php(3964): Illuminate\\Database\\Query\\Builder->{closure:Illuminate\\Database\\Query\\Builder::get():3373}()
#7 /Users/zawhtetnaung/Documents/Webprojects/ecommerce-api/vendor/laravel/framework/src/Illuminate/Database/Query/Builder.php(3373): Illuminate\\Database\\Query\\Builder->onceWithColumns(Array, Object(Closure))
#8 /Users/zawhtetnaung/Documents/Webprojects/ecommerce-api/vendor/laravel/framework/src/Illuminate/Database/Eloquent/Builder.php(902): Illuminate\\Database\\Query\\Builder->get(Array)
#9 /Users/zawhtetnaung/Documents/Webprojects/ecommerce-api/vendor/laravel/framework/src/Illuminate/Database/Eloquent/Builder.php(884): Illuminate\\Database\\Eloquent\\Builder->getModels(Array)
#10 /Users/zawhtetnaung/Documents/Webprojects/ecommerce-api/app/Http/Controllers/Api/CategoryController.php(21): Illuminate\\Database\\Eloquent\\Builder->get()
#11 /Users/zawhtetnaung/Documents/Webprojects/ecommerce-api/vendor/laravel/framework/src/Illuminate/Routing/ControllerDispatcher.php(46): App\\Http\\Controllers\\Api\\CategoryController->publicIndex()
#12 /Users/zawhtetnaung/Documents/Webprojects/ecommerce-api/vendor/laravel/framework/src/Illuminate/Routing/Route.php(265): Illuminate\\Routing\\ControllerDispatcher->dispatch(Object(Illuminate\\Routing\\Route), Object(App\\Http\\Controllers\\Api\\CategoryController), 'publicIndex')
#13 /Users/zawhtetnaung/Documents/Webprojects/ecommerce-api/vendor/laravel/framework/src/Illuminate/Routing/Route.php(211): Illuminate\\Routing\\Route->runController()
#14 /Users/zawhtetnaung/Documents/Webprojects/ecommerce-api/vendor/laravel/framework/src/Illuminate/Routing/Router.php(822): Illuminate\\Routing\\Route->run()
#15 /Users/zawhtetnaung/Documents/Webprojects/ecommerce-api/vendor/laravel/framework/src/Illuminate/Pipeline/Pipeline.php(180): Illuminate\\Routing\\Router->{closure:Illuminate\\Routing\\Router::runRouteWithinStack():821}(Object(Illuminate\\Http\\Request))
#16 /Users/zawhtetnaung/Documents/Webprojects/ecommerce-api/vendor/laravel/framework/src/Illuminate/Routing/Middleware/SubstituteBindings.php(50): Illuminate\\Pipeline\\Pipeline->{closure:Illuminate\\Pipeline\\Pipeline::prepareDestination():178}(Object(Illuminate\\Http\\Request))
#17 /Users/zawhtetnaung/Documents/Webprojects/ecommerce-api/vendor/laravel/framework/src/Illuminate/Pipeline/Pipeline.php(219): Illuminate\\Routing\\Middleware\\SubstituteBindings->handle(Object(Illuminate\\Http\\Request), Object(Closure))
#18 /Users/zawhtetnaung/Documents/Webprojects/ecommerce-api/vendor/laravel/framework/src/Illuminate/Pipeline/Pipeline.php(137): Illuminate\\Pipeline\\Pipeline->{closure:{closure:Illuminate\\Pipeline\\Pipeline::carry():194}:195}(Object(Illuminate\\Http\\Request))
#19 /Users/zawhtetnaung/Documents/Webprojects/ecommerce-api/vendor/laravel/framework/src/Illuminate/Routing/Router.php(821): Illuminate\\Pipeline\\Pipeline->then(Object(Closure))
#20 /Users/zawhtetnaung/Documents/Webprojects/ecommerce-api/vendor/laravel/framework/src/Illuminate/Routing/Router.php(800): Illuminate\\Routing\\Router->runRouteWithinStack(Object(Illuminate\\Routing\\Route), Object(Illuminate\\Http\\Request))
#21 /Users/zawhtetnaung/Documents/Webprojects/ecommerce-api/vendor/laravel/framework/src/Illuminate/Routing/Router.php(764): Illuminate\\Routing\\Router->runRoute(Object(Illuminate\\Http\\Request), Object(Illuminate\\Routing\\Route))
#22 /Users/zawhtetnaung/Documents/Webprojects/ecommerce-api/vendor/laravel/framework/src/Illuminate/Routing/Router.php(753): Illuminate\\Routing\\Router->dispatchToRoute(Object(Illuminate\\Http\\Request))
#23 /Users/zawhtetnaung/Documents/Webprojects/ecommerce-api/vendor/laravel/framework/src/Illuminate/Foundation/Http/Kernel.php(200): Illuminate\\Routing\\Router->dispatch(Object(Illuminate\\Http\\Request))
#24 /Users/zawhtetnaung/Documents/Webprojects/ecommerce-api/vendor/laravel/framework/src/Illuminate/Pipeline/Pipeline.php(180): Illuminate\\Foundation\\Http\\Kernel->{closure:Illuminate\\Foundation\\Http\\Kernel::dispatchToRouter():197}(Object(Illuminate\\Http\\Request))
#25 /Users/zawhtetnaung/Documents/Webprojects/ecommerce-api/vendor/laravel/framework/src/Illuminate/Foundation/Http/Middleware/TransformsRequest.php(21): Illuminate\\Pipeline\\Pipeline->{closure:Illuminate\\Pipeline\\Pipeline::prepareDestination():178}(Object(Illuminate\\Http\\Request))
#26 /Users/zawhtetnaung/Documents/Webprojects/ecommerce-api/vendor/laravel/framework/src/Illuminate/Foundation/Http/Middleware/ConvertEmptyStringsToNull.php(31): Illuminate\\Foundation\\Http\\Middleware\\TransformsRequest->handle(Object(Illuminate\\Http\\Request), Object(Closure))
#27 /Users/zawhtetnaung/Documents/Webprojects/ecommerce-api/vendor/laravel/framework/src/Illuminate/Pipeline/Pipeline.php(219): Illuminate\\Foundation\\Http\\Middleware\\ConvertEmptyStringsToNull->handle(Object(Illuminate\\Http\\Request), Object(Closure))
#28 /Users/zawhtetnaung/Documents/Webprojects/ecommerce-api/vendor/laravel/framework/src/Illuminate/Foundation/Http/Middleware/TransformsRequest.php(21): Illuminate\\Pipeline\\Pipeline->{closure:{closure:Illuminate\\Pipeline\\Pipeline::carry():194}:195}(Object(Illuminate\\Http\\Request))
#29 /Users/zawhtetnaung/Documents/Webprojects/ecommerce-api/vendor/laravel/framework/src/Illuminate/Foundation/Http/Middleware/TrimStrings.php(51): Illuminate\\Foundation\\Http\\Middleware\\TransformsRequest->handle(Object(Illuminate\\Http\\Request), Object(Closure))
#30 /Users/zawhtetnaung/Documents/Webprojects/ecommerce-api/vendor/laravel/framework/src/Illuminate/Pipeline/Pipeline.php(219): Illuminate\\Foundation\\Http\\Middleware\\TrimStrings->handle(Object(Illuminate\\Http\\Request), Object(Closure))
#31 /Users/zawhtetnaung/Documents/Webprojects/ecommerce-api/vendor/laravel/framework/src/Illuminate/Http/Middleware/ValidatePostSize.php(27): Illuminate\\Pipeline\\Pipeline->{closure:{closure:Illuminate\\Pipeline\\Pipeline::carry():194}:195}(Object(Illuminate\\Http\\Request))
#32 /Users/zawhtetnaung/Documents/Webprojects/ecommerce-api/vendor/laravel/framework/src/Illuminate/Pipeline/Pipeline.php(219): Illuminate\\Http\\Middleware\\ValidatePostSize->handle(Object(Illuminate\\Http\\Request), Object(Closure))
#33 /Users/zawhtetnaung/Documents/Webprojects/ecommerce-api/vendor/laravel/framework/src/Illuminate/Foundation/Http/Middleware/PreventRequestsDuringMaintenance.php(109): Illuminate\\Pipeline\\Pipeline->{closure:{closure:Illuminate\\Pipeline\\Pipeline::carry():194}:195}(Object(Illuminate\\Http\\Request))
#34 /Users/zawhtetnaung/Documents/Webprojects/ecommerce-api/vendor/laravel/framework/src/Illuminate/Pipeline/Pipeline.php(219): Illuminate\\Foundation\\Http\\Middleware\\PreventRequestsDuringMaintenance->handle(Object(Illuminate\\Http\\Request), Object(Closure))
#35 /Users/zawhtetnaung/Documents/Webprojects/ecommerce-api/vendor/laravel/framework/src/Illuminate/Http/Middleware/HandleCors.php(74): Illuminate\\Pipeline\\Pipeline->{closure:{closure:Illuminate\\Pipeline\\Pipeline::carry():194}:195}(Object(Illuminate\\Http\\Request))
#36 /Users/zawhtetnaung/Documents/Webprojects/ecommerce-api/vendor/laravel/framework/src/Illuminate/Pipeline/Pipeline.php(219): Illuminate\\Http\\Middleware\\HandleCors->handle(Object(Illuminate\\Http\\Request), Object(Closure))
#37 /Users/zawhtetnaung/Documents/Webprojects/ecommerce-api/vendor/laravel/framework/src/Illuminate/Http/Middleware/TrustProxies.php(58): Illuminate\\Pipeline\\Pipeline->{closure:{closure:Illuminate\\Pipeline\\Pipeline::carry():194}:195}(Object(Illuminate\\Http\\Request))
#38 /Users/zawhtetnaung/Documents/Webprojects/ecommerce-api/vendor/laravel/framework/src/Illuminate/Pipeline/Pipeline.php(219): Illuminate\\Http\\Middleware\\TrustProxies->handle(Object(Illuminate\\Http\\Request), Object(Closure))
#39 /Users/zawhtetnaung/Documents/Webprojects/ecommerce-api/vendor/laravel/framework/src/Illuminate/Foundation/Http/Middleware/InvokeDeferredCallbacks.php(22): Illuminate\\Pipeline\\Pipeline->{closure:{closure:Illuminate\\Pipeline\\Pipeline::carry():194}:195}(Object(Illuminate\\Http\\Request))
#40 /Users/zawhtetnaung/Documents/Webprojects/ecommerce-api/vendor/laravel/framework/src/Illuminate/Pipeline/Pipeline.php(219): Illuminate\\Foundation\\Http\\Middleware\\InvokeDeferredCallbacks->handle(Object(Illuminate\\Http\\Request), Object(Closure))
#41 /Users/zawhtetnaung/Documents/Webprojects/ecommerce-api/vendor/laravel/framework/src/Illuminate/Http/Middleware/ValidatePathEncoding.php(26): Illuminate\\Pipeline\\Pipeline->{closure:{closure:Illuminate\\Pipeline\\Pipeline::carry():194}:195}(Object(Illuminate\\Http\\Request))
#42 /Users/zawhtetnaung/Documents/Webprojects/ecommerce-api/vendor/laravel/framework/src/Illuminate/Pipeline/Pipeline.php(219): Illuminate\\Http\\Middleware\\ValidatePathEncoding->handle(Object(Illuminate\\Http\\Request), Object(Closure))
#43 /Users/zawhtetnaung/Documents/Webprojects/ecommerce-api/vendor/laravel/framework/src/Illuminate/Pipeline/Pipeline.php(137): Illuminate\\Pipeline\\Pipeline->{closure:{closure:Illuminate\\Pipeline\\Pipeline::carry():194}:195}(Object(Illuminate\\Http\\Request))
#44 /Users/zawhtetnaung/Documents/Webprojects/ecommerce-api/vendor/laravel/framework/src/Illuminate/Foundation/Http/Kernel.php(175): Illuminate\\Pipeline\\Pipeline->then(Object(Closure))
#45 /Users/zawhtetnaung/Documents/Webprojects/ecommerce-api/vendor/laravel/framework/src/Illuminate/Foundation/Http/Kernel.php(144): Illuminate\\Foundation\\Http\\Kernel->sendRequestThroughRouter(Object(Illuminate\\Http\\Request))
#46 /Users/zawhtetnaung/Documents/Webprojects/ecommerce-api/vendor/laravel/framework/src/Illuminate/Foundation/Application.php(1220): Illuminate\\Foundation\\Http\\Kernel->handle(Object(Illuminate\\Http\\Request))
#47 /Users/zawhtetnaung/Documents/Webprojects/ecommerce-api/public/index.php(20): Illuminate\\Foundation\\Application->handleRequest(Object(Illuminate\\Http\\Request))
#48 /Users/zawhtetnaung/Documents/Webprojects/ecommerce-api/vendor/laravel/framework/src/Illuminate/Foundation/resources/server.php(23): require_once('/Users/zawhtetn...')
#49 {main}

[previous exception] [object] (PDOException(code: 2002): SQLSTATE[HY000] [2002] Connection refused at /Users/zawhtetnaung/Documents/Webprojects/ecommerce-api/vendor/laravel/framework/src/Illuminate/Database/Connectors/Connector.php:67)
[stacktrace]
#0 /Users/zawhtetnaung/Documents/Webprojects/ecommerce-api/vendor/laravel/framework/src/Illuminate/Database/Connectors/Connector.php(67): PDO::connect('mysql:host=127....', 'messara', Object(SensitiveParameterValue), Array)
#1 /Users/zawhtetnaung/Documents/Webprojects/ecommerce-api/vendor/laravel/framework/src/Illuminate/Database/Connectors/Connector.php(85): Illuminate\\Database\\Connectors\\Connector->createPdoConnection('mysql:host=127....', 'messara', Object(SensitiveParameterValue), Array)
#2 /Users/zawhtetnaung/Documents/Webprojects/ecommerce-api/vendor/laravel/framework/src/Illuminate/Database/Connectors/Connector.php(48): Illuminate\\Database\\Connectors\\Connector->tryAgainIfCausedByLostConnection(Object(PDOException), 'mysql:host=127....', 'messara', Object(SensitiveParameterValue), Array)
#3 /Users/zawhtetnaung/Documents/Webprojects/ecommerce-api/vendor/laravel/framework/src/Illuminate/Database/Connectors/MySqlConnector.php(24): Illuminate\\Database\\Connectors\\Connector->createConnection('mysql:host=127....', Array, Array)
#4 /Users/zawhtetnaung/Documents/Webprojects/ecommerce-api/vendor/laravel/framework/src/Illuminate/Database/Connectors/ConnectionFactory.php(186): Illuminate\\Database\\Connectors\\MySqlConnector->connect(Array)
#5 [internal function]: Illuminate\\Database\\Connectors\\ConnectionFactory->{closure:Illuminate\\Database\\Connectors\\ConnectionFactory::createPdoResolverWithHosts():181}()
#6 /Users/zawhtetnaung/Documents/Webprojects/ecommerce-api/vendor/laravel/framework/src/Illuminate/Database/Connection.php(1257): call_user_func(Object(Closure))
#7 /Users/zawhtetnaung/Documents/Webprojects/ecommerce-api/vendor/laravel/framework/src/Illuminate/Database/Connection.php(1295): Illuminate\\Database\\Connection->getPdo()
#8 /Users/zawhtetnaung/Documents/Webprojects/ecommerce-api/vendor/laravel/framework/src/Illuminate/Database/Connection.php(525): Illuminate\\Database\\Connection->getReadPdo()
#9 /Users/zawhtetnaung/Documents/Webprojects/ecommerce-api/vendor/laravel/framework/src/Illuminate/Database/Connection.php(420): Illuminate\\Database\\Connection->getPdoForSelect(true)
#10 /Users/zawhtetnaung/Documents/Webprojects/ecommerce-api/vendor/laravel/framework/src/Illuminate/Database/Connection.php(827): Illuminate\\Database\\Connection->{closure:Illuminate\\Database\\Connection::select():411}('select `id`, `n...', Array)
#11 /Users/zawhtetnaung/Documents/Webprojects/ecommerce-api/vendor/laravel/framework/src/Illuminate/Database/Connection.php(999): Illuminate\\Database\\Connection->runQueryCallback('select `id`, `n...', Array, Object(Closure))
#12 /Users/zawhtetnaung/Documents/Webprojects/ecommerce-api/vendor/laravel/framework/src/Illuminate/Database/Connection.php(978): Illuminate\\Database\\Connection->tryAgainIfCausedByLostConnection(Object(Illuminate\\Database\\QueryException), 'select `id`, `n...', Array, Object(Closure))
#13 /Users/zawhtetnaung/Documents/Webprojects/ecommerce-api/vendor/laravel/framework/src/Illuminate/Database/Connection.php(796): Illuminate\\Database\\Connection->handleQueryException(Object(Illuminate\\Database\\QueryException), 'select `id`, `n...', Array, Object(Closure))
#14 /Users/zawhtetnaung/Documents/Webprojects/ecommerce-api/vendor/laravel/framework/src/Illuminate/Database/Connection.php(411): Illuminate\\Database\\Connection->run('select `id`, `n...', Array, Object(Closure))
#15 /Users/zawhtetnaung/Documents/Webprojects/ecommerce-api/vendor/laravel/framework/src/Illuminate/Database/Query/Builder.php(3389): Illuminate\\Database\\Connection->select('select `id`, `n...', Array, true)
#16 /Users/zawhtetnaung/Documents/Webprojects/ecommerce-api/vendor/laravel/framework/src/Illuminate/Database/Query/Builder.php(3374): Illuminate\\Database\\Query\\Builder->runSelect()
#17 /Users/zawhtetnaung/Documents/Webprojects/ecommerce-api/vendor/laravel/framework/src/Illuminate/Database/Query/Builder.php(3964): Illuminate\\Database\\Query\\Builder->{closure:Illuminate\\Database\\Query\\Builder::get():3373}()
#18 /Users/zawhtetnaung/Documents/Webprojects/ecommerce-api/vendor/laravel/framework/src/Illuminate/Database/Query/Builder.php(3373): Illuminate\\Database\\Query\\Builder->onceWithColumns(Array, Object(Closure))
#19 /Users/zawhtetnaung/Documents/Webprojects/ecommerce-api/vendor/laravel/framework/src/Illuminate/Database/Eloquent/Builder.php(902): Illuminate\\Database\\Query\\Builder->get(Array)
#20 /Users/zawhtetnaung/Documents/Webprojects/ecommerce-api/vendor/laravel/framework/src/Illuminate/Database/Eloquent/Builder.php(884): Illuminate\\Database\\Eloquent\\Builder->getModels(Array)
#21 /Users/zawhtetnaung/Documents/Webprojects/ecommerce-api/app/Http/Controllers/Api/CategoryController.php(21): Illuminate\\Database\\Eloquent\\Builder->get()
#22 /Users/zawhtetnaung/Documents/Webprojects/ecommerce-api/vendor/laravel/framework/src/Illuminate/Routing/ControllerDispatcher.php(46): App\\Http\\Controllers\\Api\\CategoryController->publicIndex()
#23 /Users/zawhtetnaung/Documents/Webprojects/ecommerce-api/vendor/laravel/framework/src/Illuminate/Routing/Route.php(265): Illuminate\\Routing\\ControllerDispatcher->dispatch(Object(Illuminate\\Routing\\Route), Object(App\\Http\\Controllers\\Api\\CategoryController), 'publicIndex')
#24 /Users/zawhtetnaung/Documents/Webprojects/ecommerce-api/vendor/laravel/framework/src/Illuminate/Routing/Route.php(211): Illuminate\\Routing\\Route->runController()
#25 /Users/zawhtetnaung/Documents/Webprojects/ecommerce-api/vendor/laravel/framework/src/Illuminate/Routing/Router.php(822): Illuminate\\Routing\\Route->run()
#26 /Users/zawhtetnaung/Documents/Webprojects/ecommerce-api/vendor/laravel/framework/src/Illuminate/Pipeline/Pipeline.php(180): Illuminate\\Routing\\Router->{closure:Illuminate\\Routing\\Router::runRouteWithinStack():821}(Object(Illuminate\\Http\\Request))
#27 /Users/zawhtetnaung/Documents/Webprojects/ecommerce-api/vendor/laravel/framework/src/Illuminate/Routing/Middleware/SubstituteBindings.php(50): Illuminate\\Pipeline\\Pipeline->{closure:Illuminate\\Pipeline\\Pipeline::prepareDestination():178}(Object(Illuminate\\Http\\Request))
#28 /Users/zawhtetnaung/Documents/Webprojects/ecommerce-api/vendor/laravel/framework/src/Illuminate/Pipeline/Pipeline.php(219): Illuminate\\Routing\\Middleware\\SubstituteBindings->handle(Object(Illuminate\\Http\\Request), Object(Closure))
#29 /Users/zawhtetnaung/Documents/Webprojects/ecommerce-api/vendor/laravel/framework/src/Illuminate/Pipeline/Pipeline.php(137): Illuminate\\Pipeline\\Pipeline->{closure:{closure:Illuminate\\Pipeline\\Pipeline::carry():194}:195}(Object(Illuminate\\Http\\Request))
#30 /Users/zawhtetnaung/Documents/Webprojects/ecommerce-api/vendor/laravel/framework/src/Illuminate/Routing/Router.php(821): Illuminate\\Pipeline\\Pipeline->then(Object(Closure))
#31 /Users/zawhtetnaung/Documents/Webprojects/ecommerce-api/vendor/laravel/framework/src/Illuminate/Routing/Router.php(800): Illuminate\\Routing\\Router->runRouteWithinStack(Object(Illuminate\\Routing\\Route), Object(Illuminate\\Http\\Request))
#32 /Users/zawhtetnaung/Documents/Webprojects/ecommerce-api/vendor/laravel/framework/src/Illuminate/Routing/Router.php(764): Illuminate\\Routing\\Router->runRoute(Object(Illuminate\\Http\\Request), Object(Illuminate\\Routing\\Route))
#33 /Users/zawhtetnaung/Documents/Webprojects/ecommerce-api/vendor/laravel/framework/src/Illuminate/Routing/Router.php(753): Illuminate\\Routing\\Router->dispatchToRoute(Object(Illuminate\\Http\\Request))
#34 /Users/zawhtetnaung/Documents/Webprojects/ecommerce-api/vendor/laravel/framework/src/Illuminate/Foundation/Http/Kernel.php(200): Illuminate\\Routing\\Router->dispatch(Object(Illuminate\\Http\\Request))
#35 /Users/zawhtetnaung/Documents/Webprojects/ecommerce-api/vendor/laravel/framework/src/Illuminate/Pipeline/Pipeline.php(180): Illuminate\\Foundation\\Http\\Kernel->{closure:Illuminate\\Foundation\\Http\\Kernel::dispatchToRouter():197}(Object(Illuminate\\Http\\Request))
#36 /Users/zawhtetnaung/Documents/Webprojects/ecommerce-api/vendor/laravel/framework/src/Illuminate/Foundation/Http/Middleware/TransformsRequest.php(21): Illuminate\\Pipeline\\Pipeline->{closure:Illuminate\\Pipeline\\Pipeline::prepareDestination():178}(Object(Illuminate\\Http\\Request))
#37 /Users/zawhtetnaung/Documents/Webprojects/ecommerce-api/vendor/laravel/framework/src/Illuminate/Foundation/Http/Middleware/ConvertEmptyStringsToNull.php(31): Illuminate\\Foundation\\Http\\Middleware\\TransformsRequest->handle(Object(Illuminate\\Http\\Request), Object(Closure))
#38 /Users/zawhtetnaung/Documents/Webprojects/ecommerce-api/vendor/laravel/framework/src/Illuminate/Pipeline/Pipeline.php(219): Illuminate\\Foundation\\Http\\Middleware\\ConvertEmptyStringsToNull->handle(Object(Illuminate\\Http\\Request), Object(Closure))
#39 /Users/zawhtetnaung/Documents/Webprojects/ecommerce-api/vendor/laravel/framework/src/Illuminate/Foundation/Http/Middleware/TransformsRequest.php(21): Illuminate\\Pipeline\\Pipeline->{closure:{closure:Illuminate\\Pipeline\\Pipeline::carry():194}:195}(Object(Illuminate\\Http\\Request))
#40 /Users/zawhtetnaung/Documents/Webprojects/ecommerce-api/vendor/laravel/framework/src/Illuminate/Foundation/Http/Middleware/TrimStrings.php(51): Illuminate\\Foundation\\Http\\Middleware\\TransformsRequest->handle(Object(Illuminate\\Http\\Request), Object(Closure))
#41 /Users/zawhtetnaung/Documents/Webprojects/ecommerce-api/vendor/laravel/framework/src/Illuminate/Pipeline/Pipeline.php(219): Illuminate\\Foundation\\Http\\Middleware\\TrimStrings->handle(Object(Illuminate\\Http\\Request), Object(Closure))
#42 /Users/zawhtetnaung/Documents/Webprojects/ecommerce-api/vendor/laravel/framework/src/Illuminate/Http/Middleware/ValidatePostSize.php(27): Illuminate\\Pipeline\\Pipeline->{closure:{closure:Illuminate\\Pipeline\\Pipeline::carry():194}:195}(Object(Illuminate\\Http\\Request))
#43 /Users/zawhtetnaung/Documents/Webprojects/ecommerce-api/vendor/laravel/framework/src/Illuminate/Pipeline/Pipeline.php(219): Illuminate\\Http\\Middleware\\ValidatePostSize->handle(Object(Illuminate\\Http\\Request), Object(Closure))
#44 /Users/zawhtetnaung/Documents/Webprojects/ecommerce-api/vendor/laravel/framework/src/Illuminate/Foundation/Http/Middleware/PreventRequestsDuringMaintenance.php(109): Illuminate\\Pipeline\\Pipeline->{closure:{closure:Illuminate\\Pipeline\\Pipeline::carry():194}:195}(Object(Illuminate\\Http\\Request))
#45 /Users/zawhtetnaung/Documents/Webprojects/ecommerce-api/vendor/laravel/framework/src/Illuminate/Pipeline/Pipeline.php(219): Illuminate\\Foundation\\Http\\Middleware\\PreventRequestsDuringMaintenance->handle(Object(Illuminate\\Http\\Request), Object(Closure))
#46 /Users/zawhtetnaung/Documents/Webprojects/ecommerce-api/vendor/laravel/framework/src/Illuminate/Http/Middleware/HandleCors.php(74): Illuminate\\Pipeline\\Pipeline->{closure:{closure:Illuminate\\Pipeline\\Pipeline::carry():194}:195}(Object(Illuminate\\Http\\Request))
#47 /Users/zawhtetnaung/Documents/Webprojects/ecommerce-api/vendor/laravel/framework/src/Illuminate/Pipeline/Pipeline.php(219): Illuminate\\Http\\Middleware\\HandleCors->handle(Object(Illuminate\\Http\\Request), Object(Closure))
#48 /Users/zawhtetnaung/Documents/Webprojects/ecommerce-api/vendor/laravel/framework/src/Illuminate/Http/Middleware/TrustProxies.php(58): Illuminate\\Pipeline\\Pipeline->{closure:{closure:Illuminate\\Pipeline\\Pipeline::carry():194}:195}(Object(Illuminate\\Http\\Request))
#49 /Users/zawhtetnaung/Documents/Webprojects/ecommerce-api/vendor/laravel/framework/src/Illuminate/Pipeline/Pipeline.php(219): Illuminate\\Http\\Middleware\\TrustProxies->handle(Object(Illuminate\\Http\\Request), Object(Closure))
#50 /Users/zawhtetnaung/Documents/Webprojects/ecommerce-api/vendor/laravel/framework/src/Illuminate/Foundation/Http/Middleware/InvokeDeferredCallbacks.php(22): Illuminate\\Pipeline\\Pipeline->{closure:{closure:Illuminate\\Pipeline\\Pipeline::carry():194}:195}(Object(Illuminate\\Http\\Request))
#51 /Users/zawhtetnaung/Documents/Webprojects/ecommerce-api/vendor/laravel/framework/src/Illuminate/Pipeline/Pipeline.php(219): Illuminate\\Foundation\\Http\\Middleware\\InvokeDeferredCallbacks->handle(Object(Illuminate\\Http\\Request), Object(Closure))
#52 /Users/zawhtetnaung/Documents/Webprojects/ecommerce-api/vendor/laravel/framework/src/Illuminate/Http/Middleware/ValidatePathEncoding.php(26): Illuminate\\Pipeline\\Pipeline->{closure:{closure:Illuminate\\Pipeline\\Pipeline::carry():194}:195}(Object(Illuminate\\Http\\Request))
#53 /Users/zawhtetnaung/Documents/Webprojects/ecommerce-api/vendor/laravel/framework/src/Illuminate/Pipeline/Pipeline.php(219): Illuminate\\Http\\Middleware\\ValidatePathEncoding->handle(Object(Illuminate\\Http\\Request), Object(Closure))
#54 /Users/zawhtetnaung/Documents/Webprojects/ecommerce-api/vendor/laravel/framework/src/Illuminate/Pipeline/Pipeline.php(137): Illuminate\\Pipeline\\Pipeline->{closure:{closure:Illuminate\\Pipeline\\Pipeline::carry():194}:195}(Object(Illuminate\\Http\\Request))
#55 /Users/zawhtetnaung/Documents/Webprojects/ecommerce-api/vendor/laravel/framework/src/Illuminate/Foundation/Http/Kernel.php(175): Illuminate\\Pipeline\\Pipeline->then(Object(Closure))
#56 /Users/zawhtetnaung/Documents/Webprojects/ecommerce-api/vendor/laravel/framework/src/Illuminate/Foundation/Http/Kernel.php(144): Illuminate\\Foundation\\Http\\Kernel->sendRequestThroughRouter(Object(Illuminate\\Http\\Request))
#57 /Users/zawhtetnaung/Documents/Webprojects/ecommerce-api/vendor/laravel/framework/src/Illuminate/Foundation/Application.php(1220): Illuminate\\Foundation\\Http\\Kernel->handle(Object(Illuminate\\Http\\Request))
#58 /Users/zawhtetnaung/Documents/Webprojects/ecommerce-api/public/index.php(20): Illuminate\\Foundation\\Application->handleRequest(Object(Illuminate\\Http\\Request))
#59 /Users/zawhtetnaung/Documents/Webprojects/ecommerce-api/vendor/laravel/framework/src/Illuminate/Foundation/resources/server.php(23): require_once('/Users/zawhtetn...')
#60 {main}
"} 
[2026-04-23 07:40:16] local.ERROR: SQLSTATE[HY000] [2002] Connection refused (Connection: mysql, Host: 127.0.0.1, Port: 3306, Database: messaraliving, SQL: select `id`, `name`, `slug`, `image_path` from `categories` where `is_active` = 1 order by `name` asc) {"exception":"[object] (Illuminate\\Database\\QueryException(code: 2002): SQLSTATE[HY000] [2002] Connection refused (Connection: mysql, Host: 127.0.0.1, Port: 3306, Database: messaraliving, SQL: select `id`, `name`, `slug`, `image_path` from `categories` where `is_active` = 1 order by `name` asc) at /Users/zawhtetnaung/Documents/Webprojects/ecommerce-api/vendor/laravel/framework/src/Illuminate/Database/Connection.php:838)
[stacktrace]
#0 /Users/zawhtetnaung/Documents/Webprojects/ecommerce-api/vendor/laravel/framework/src/Illuminate/Database/Connection.php(999): Illuminate\\Database\\Connection->runQueryCallback('select `id`, `n...', Array, Object(Closure))
#1 /Users/zawhtetnaung/Documents/Webprojects/ecommerce-api/vendor/laravel/framework/src/Illuminate/Database/Connection.php(978): Illuminate\\Database\\Connection->tryAgainIfCausedByLostConnection(Object(Illuminate\\Database\\QueryException), 'select `id`, `n...', Array, Object(Closure))
#2 /Users/zawhtetnaung/Documents/Webprojects/ecommerce-api/vendor/laravel/framework/src/Illuminate/Database/Connection.php(796): Illuminate\\Database\\Connection->handleQueryException(Object(Illuminate\\Database\\QueryException), 'select `id`, `n...', Array, Object(Closure))
#3 /Users/zawhtetnaung/Documents/Webprojects/ecommerce-api/vendor/laravel/framework/src/Illuminate/Database/Connection.php(411): Illuminate\\Database\\Connection->run('select `id`, `n...', Array, Object(Closure))
#4 /Users/zawhtetnaung/Documents/Webprojects/ecommerce-api/vendor/laravel/framework/src/Illuminate/Database/Query/Builder.php(3389): Illuminate\\Database\\Connection->select('select `id`, `n...', Array, true)
#5 /Users/zawhtetnaung/Documents/Webprojects/ecommerce-api/vendor/laravel/framework/src/Illuminate/Database/Query/Builder.php(3374): Illuminate\\Database\\Query\\Builder->runSelect()
#6 /Users/zawhtetnaung/Documents/Webprojects/ecommerce-api/vendor/laravel/framework/src/Illuminate/Database/Query/Builder.php(3964): Illuminate\\Database\\Query\\Builder->{closure:Illuminate\\Database\\Query\\Builder::get():3373}()
#7 /Users/zawhtetnaung/Documents/Webprojects/ecommerce-api/vendor/laravel/framework/src/Illuminate/Database/Query/Builder.php(3373): Illuminate\\Database\\Query\\Builder->onceWithColumns(Array, Object(Closure))
#8 /Users/zawhtetnaung/Documents/Webprojects/ecommerce-api/vendor/laravel/framework/src/Illuminate/Database/Eloquent/Builder.php(902): Illuminate\\Database\\Query\\Builder->get(Array)
#9 /Users/zawhtetnaung/Documents/Webprojects/ecommerce-api/vendor/laravel/framework/src/Illuminate/Database/Eloquent/Builder.php(884): Illuminate\\Database\\Eloquent\\Builder->getModels(Array)
#10 /Users/zawhtetnaung/Documents/Webprojects/ecommerce-api/app/Http/Controllers/Api/CategoryController.php(21): Illuminate\\Database\\Eloquent\\Builder->get()
#11 /Users/zawhtetnaung/Documents/Webprojects/ecommerce-api/vendor/laravel/framework/src/Illuminate/Routing/ControllerDispatcher.php(46): App\\Http\\Controllers\\Api\\CategoryController->publicIndex()
#12 /Users/zawhtetnaung/Documents/Webprojects/ecommerce-api/vendor/laravel/framework/src/Illuminate/Routing/Route.php(265): Illuminate\\Routing\\ControllerDispatcher->dispatch(Object(Illuminate\\Routing\\Route), Object(App\\Http\\Controllers\\Api\\CategoryController), 'publicIndex')
#13 /Users/zawhtetnaung/Documents/Webprojects/ecommerce-api/vendor/laravel/framework/src/Illuminate/Routing/Route.php(211): Illuminate\\Routing\\Route->runController()
#14 /Users/zawhtetnaung/Documents/Webprojects/ecommerce-api/vendor/laravel/framework/src/Illuminate/Routing/Router.php(822): Illuminate\\Routing\\Route->run()
#15 /Users/zawhtetnaung/Documents/Webprojects/ecommerce-api/vendor/laravel/framework/src/Illuminate/Pipeline/Pipeline.php(180): Illuminate\\Routing\\Router->{closure:Illuminate\\Routing\\Router::runRouteWithinStack():821}(Object(Illuminate\\Http\\Request))
#16 /Users/zawhtetnaung/Documents/Webprojects/ecommerce-api/vendor/laravel/framework/src/Illuminate/Routing/Middleware/SubstituteBindings.php(50): Illuminate\\Pipeline\\Pipeline->{closure:Illuminate\\Pipeline\\Pipeline::prepareDestination():178}(Object(Illuminate\\Http\\Request))
#17 /Users/zawhtetnaung/Documents/Webprojects/ecommerce-api/vendor/laravel/framework/src/Illuminate/Pipeline/Pipeline.php(219): Illuminate\\Routing\\Middleware\\SubstituteBindings->handle(Object(Illuminate\\Http\\Request), Object(Closure))
#18 /Users/zawhtetnaung/Documents/Webprojects/ecommerce-api/vendor/laravel/framework/src/Illuminate/Pipeline/Pipeline.php(137): Illuminate\\Pipeline\\Pipeline->{closure:{closure:Illuminate\\Pipeline\\Pipeline::carry():194}:195}(Object(Illuminate\\Http\\Request))
#19 /Users/zawhtetnaung/Documents/Webprojects/ecommerce-api/vendor/laravel/framework/src/Illuminate/Routing/Router.php(821): Illuminate\\Pipeline\\Pipeline->then(Object(Closure))
#20 /Users/zawhtetnaung/Documents/Webprojects/ecommerce-api/vendor/laravel/framework/src/Illuminate/Routing/Router.php(800): Illuminate\\Routing\\Router->runRouteWithinStack(Object(Illuminate\\Routing\\Route), Object(Illuminate\\Http\\Request))
#21 /Users/zawhtetnaung/Documents/Webprojects/ecommerce-api/vendor/laravel/framework/src/Illuminate/Routing/Router.php(764): Illuminate\\Routing\\Router->runRoute(Object(Illuminate\\Http\\Request), Object(Illuminate\\Routing\\Route))
#22 /Users/zawhtetnaung/Documents/Webprojects/ecommerce-api/vendor/laravel/framework/src/Illuminate/Routing/Router.php(753): Illuminate\\Routing\\Router->dispatchToRoute(Object(Illuminate\\Http\\Request))
#23 /Users/zawhtetnaung/Documents/Webprojects/ecommerce-api/vendor/laravel/framework/src/Illuminate/Foundation/Http/Kernel.php(200): Illuminate\\Routing\\Router->dispatch(Object(Illuminate\\Http\\Request))
#24 /Users/zawhtetnaung/Documents/Webprojects/ecommerce-api/vendor/laravel/framework/src/Illuminate/Pipeline/Pipeline.php(180): Illuminate\\Foundation\\Http\\Kernel->{closure:Illuminate\\Foundation\\Http\\Kernel::dispatchToRouter():197}(Object(Illuminate\\Http\\Request))
#25 /Users/zawhtetnaung/Documents/Webprojects/ecommerce-api/vendor/laravel/framework/src/Illuminate/Foundation/Http/Middleware/TransformsRequest.php(21): Illuminate\\Pipeline\\Pipeline->{closure:Illuminate\\Pipeline\\Pipeline::prepareDestination():178}(Object(Illuminate\\Http\\Request))
#26 /Users/zawhtetnaung/Documents/Webprojects/ecommerce-api/vendor/laravel/framework/src/Illuminate/Foundation/Http/Middleware/ConvertEmptyStringsToNull.php(31): Illuminate\\Foundation\\Http\\Middleware\\TransformsRequest->handle(Object(Illuminate\\Http\\Request), Object(Closure))
#27 /Users/zawhtetnaung/Documents/Webprojects/ecommerce-api/vendor/laravel/framework/src/Illuminate/Pipeline/Pipeline.php(219): Illuminate\\Foundation\\Http\\Middleware\\ConvertEmptyStringsToNull->handle(Object(Illuminate\\Http\\Request), Object(Closure))
#28 /Users/zawhtetnaung/Documents/Webprojects/ecommerce-api/vendor/laravel/framework/src/Illuminate/Foundation/Http/Middleware/TransformsRequest.php(21): Illuminate\\Pipeline\\Pipeline->{closure:{closure:Illuminate\\Pipeline\\Pipeline::carry():194}:195}(Object(Illuminate\\Http\\Request))
#29 /Users/zawhtetnaung/Documents/Webprojects/ecommerce-api/vendor/laravel/framework/src/Illuminate/Foundation/Http/Middleware/TrimStrings.php(51): Illuminate\\Foundation\\Http\\Middleware\\TransformsRequest->handle(Object(Illuminate\\Http\\Request), Object(Closure))
#30 /Users/zawhtetnaung/Documents/Webprojects/ecommerce-api/vendor/laravel/framework/src/Illuminate/Pipeline/Pipeline.php(219): Illuminate\\Foundation\\Http\\Middleware\\TrimStrings->handle(Object(Illuminate\\Http\\Request), Object(Closure))
#31 /Users/zawhtetnaung/Documents/Webprojects/ecommerce-api/vendor/laravel/framework/src/Illuminate/Http/Middleware/ValidatePostSize.php(27): Illuminate\\Pipeline\\Pipeline->{closure:{closure:Illuminate\\Pipeline\\Pipeline::carry():194}:195}(Object(Illuminate\\Http\\Request))
#32 /Users/zawhtetnaung/Documents/Webprojects/ecommerce-api/vendor/laravel/framework/src/Illuminate/Pipeline/Pipeline.php(219): Illuminate\\Http\\Middleware\\ValidatePostSize->handle(Object(Illuminate\\Http\\Request), Object(Closure))
#33 /Users/zawhtetnaung/Documents/Webprojects/ecommerce-api/vendor/laravel/framework/src/Illuminate/Foundation/Http/Middleware/PreventRequestsDuringMaintenance.php(109): Illuminate\\Pipeline\\Pipeline->{closure:{closure:Illuminate\\Pipeline\\Pipeline::carry():194}:195}(Object(Illuminate\\Http\\Request))
#34 /Users/zawhtetnaung/Documents/Webprojects/ecommerce-api/vendor/laravel/framework/src/Illuminate/Pipeline/Pipeline.php(219): Illuminate\\Foundation\\Http\\Middleware\\PreventRequestsDuringMaintenance->handle(Object(Illuminate\\Http\\Request), Object(Closure))
#35 /Users/zawhtetnaung/Documents/Webprojects/ecommerce-api/vendor/laravel/framework/src/Illuminate/Http/Middleware/HandleCors.php(74): Illuminate\\Pipeline\\Pipeline->{closure:{closure:Illuminate\\Pipeline\\Pipeline::carry():194}:195}(Object(Illuminate\\Http\\Request))
#36 /Users/zawhtetnaung/Documents/Webprojects/ecommerce-api/vendor/laravel/framework/src/Illuminate/Pipeline/Pipeline.php(219): Illuminate\\Http\\Middleware\\HandleCors->handle(Object(Illuminate\\Http\\Request), Object(Closure))
#37 /Users/zawhtetnaung/Documents/Webprojects/ecommerce-api/vendor/laravel/framework/src/Illuminate/Http/Middleware/TrustProxies.php(58): Illuminate\\Pipeline\\Pipeline->{closure:{closure:Illuminate\\Pipeline\\Pipeline::carry():194}:195}(Object(Illuminate\\Http\\Request))
#38 /Users/zawhtetnaung/Documents/Webprojects/ecommerce-api/vendor/laravel/framework/src/Illuminate/Pipeline/Pipeline.php(219): Illuminate\\Http\\Middleware\\TrustProxies->handle(Object(Illuminate\\Http\\Request), Object(Closure))
#39 /Users/zawhtetnaung/Documents/Webprojects/ecommerce-api/vendor/laravel/framework/src/Illuminate/Foundation/Http/Middleware/InvokeDeferredCallbacks.php(22): Illuminate\\Pipeline\\Pipeline->{closure:{closure:Illuminate\\Pipeline\\Pipeline::carry():194}:195}(Object(Illuminate\\Http\\Request))
#40 /Users/zawhtetnaung/Documents/Webprojects/ecommerce-api/vendor/laravel/framework/src/Illuminate/Pipeline/Pipeline.php(219): Illuminate\\Foundation\\Http\\Middleware\\InvokeDeferredCallbacks->handle(Object(Illuminate\\Http\\Request), Object(Closure))
#41 /Users/zawhtetnaung/Documents/Webprojects/ecommerce-api/vendor/laravel/framework/src/Illuminate/Http/Middleware/ValidatePathEncoding.php(26): Illuminate\\Pipeline\\Pipeline->{closure:{closure:Illuminate\\Pipeline\\Pipeline::carry():194}:195}(Object(Illuminate\\Http\\Request))
#42 /Users/zawhtetnaung/Documents/Webprojects/ecommerce-api/vendor/laravel/framework/src/Illuminate/Pipeline/Pipeline.php(219): Illuminate\\Http\\Middleware\\ValidatePathEncoding->handle(Object(Illuminate\\Http\\Request), Object(Closure))
#43 /Users/zawhtetnaung/Documents/Webprojects/ecommerce-api/vendor/laravel/framework/src/Illuminate/Pipeline/Pipeline.php(137): Illuminate\\Pipeline\\Pipeline->{closure:{closure:Illuminate\\Pipeline\\Pipeline::carry():194}:195}(Object(Illuminate\\Http\\Request))
#44 /Users/zawhtetnaung/Documents/Webprojects/ecommerce-api/vendor/laravel/framework/src/Illuminate/Foundation/Http/Kernel.php(175): Illuminate\\Pipeline\\Pipeline->then(Object(Closure))
#45 /Users/zawhtetnaung/Documents/Webprojects/ecommerce-api/vendor/laravel/framework/src/Illuminate/Foundation/Http/Kernel.php(144): Illuminate\\Foundation\\Http\\Kernel->sendRequestThroughRouter(Object(Illuminate\\Http\\Request))
#46 /Users/zawhtetnaung/Documents/Webprojects/ecommerce-api/vendor/laravel/framework/src/Illuminate/Foundation/Application.php(1220): Illuminate\\Foundation\\Http\\Kernel->handle(Object(Illuminate\\Http\\Request))
#47 /Users/zawhtetnaung/Documents/Webprojects/ecommerce-api/public/index.php(20): Illuminate\\Foundation\\Application->handleRequest(Object(Illuminate\\Http\\Request))
#48 /Users/zawhtetnaung/Documents/Webprojects/ecommerce-api/vendor/laravel/framework/src/Illuminate/Foundation/resources/server.php(23): require_once('/Users/zawhtetn...')
#49 {main}

[previous exception] [object] (PDOException(code: 2002): SQLSTATE[HY000] [2002] Connection refused at /Users/zawhtetnaung/Documents/Webprojects/ecommerce-api/vendor/laravel/framework/src/Illuminate/Database/Connectors/Connector.php:67)
[stacktrace]
#0 /Users/zawhtetnaung/Documents/Webprojects/ecommerce-api/vendor/laravel/framework/src/Illuminate/Database/Connectors/Connector.php(67): PDO::connect('mysql:host=127....', 'messara', Object(SensitiveParameterValue), Array)
#1 /Users/zawhtetnaung/Documents/Webprojects/ecommerce-api/vendor/laravel/framework/src/Illuminate/Database/Connectors/Connector.php(85): Illuminate\\Database\\Connectors\\Connector->createPdoConnection('mysql:host=127....', 'messara', Object(SensitiveParameterValue), Array)
#2 /Users/zawhtetnaung/Documents/Webprojects/ecommerce-api/vendor/laravel/framework/src/Illuminate/Database/Connectors/Connector.php(48): Illuminate\\Database\\Connectors\\Connector->tryAgainIfCausedByLostConnection(Object(PDOException), 'mysql:host=127....', 'messara', Object(SensitiveParameterValue), Array)
#3 /Users/zawhtetnaung/Documents/Webprojects/ecommerce-api/vendor/laravel/framework/src/Illuminate/Database/Connectors/MySqlConnector.php(24): Illuminate\\Database\\Connectors\\Connector->createConnection('mysql:host=127....', Array, Array)
#4 /Users/zawhtetnaung/Documents/Webprojects/ecommerce-api/vendor/laravel/framework/src/Illuminate/Database/Connectors/ConnectionFactory.php(186): Illuminate\\Database\\Connectors\\MySqlConnector->connect(Array)
#5 [internal function]: Illuminate\\Database\\Connectors\\ConnectionFactory->{closure:Illuminate\\Database\\Connectors\\ConnectionFactory::createPdoResolverWithHosts():181}()
#6 /Users/zawhtetnaung/Documents/Webprojects/ecommerce-api/vendor/laravel/framework/src/Illuminate/Database/Connection.php(1257): call_user_func(Object(Closure))
#7 /Users/zawhtetnaung/Documents/Webprojects/ecommerce-api/vendor/laravel/framework/src/Illuminate/Database/Connection.php(1295): Illuminate\\Database\\Connection->getPdo()
#8 /Users/zawhtetnaung/Documents/Webprojects/ecommerce-api/vendor/laravel/framework/src/Illuminate/Database/Connection.php(525): Illuminate\\Database\\Connection->getReadPdo()
#9 /Users/zawhtetnaung/Documents/Webprojects/ecommerce-api/vendor/laravel/framework/src/Illuminate/Database/Connection.php(420): Illuminate\\Database\\Connection->getPdoForSelect(true)
#10 /Users/zawhtetnaung/Documents/Webprojects/ecommerce-api/vendor/laravel/framework/src/Illuminate/Database/Connection.php(827): Illuminate\\Database\\Connection->{closure:Illuminate\\Database\\Connection::select():411}('select `id`, `n...', Array)
#11 /Users/zawhtetnaung/Documents/Webprojects/ecommerce-api/vendor/laravel/framework/src/Illuminate/Database/Connection.php(999): Illuminate\\Database\\Connection->runQueryCallback('select `id`, `n...', Array, Object(Closure))
#12 /Users/zawhtetnaung/Documents/Webprojects/ecommerce-api/vendor/laravel/framework/src/Illuminate/Database/Connection.php(978): Illuminate\\Database\\Connection->tryAgainIfCausedByLostConnection(Object(Illuminate\\Database\\QueryException), 'select `id`, `n...', Array, Object(Closure))
#13 /Users/zawhtetnaung/Documents/Webprojects/ecommerce-api/vendor/laravel/framework/src/Illuminate/Database/Connection.php(796): Illuminate\\Database\\Connection->handleQueryException(Object(Illuminate\\Database\\QueryException), 'select `id`, `n...', Array, Object(Closure))
#14 /Users/zawhtetnaung/Documents/Webprojects/ecommerce-api/vendor/laravel/framework/src/Illuminate/Database/Connection.php(411): Illuminate\\Database\\Connection->run('select `id`, `n...', Array, Object(Closure))
#15 /Users/zawhtetnaung/Documents/Webprojects/ecommerce-api/vendor/laravel/framework/src/Illuminate/Database/Query/Builder.php(3389): Illuminate\\Database\\Connection->select('select `id`, `n...', Array, true)
#16 /Users/zawhtetnaung/Documents/Webprojects/ecommerce-api/vendor/laravel/framework/src/Illuminate/Database/Query/Builder.php(3374): Illuminate\\Database\\Query\\Builder->runSelect()
#17 /Users/zawhtetnaung/Documents/Webprojects/ecommerce-api/vendor/laravel/framework/src/Illuminate/Database/Query/Builder.php(3964): Illuminate\\Database\\Query\\Builder->{closure:Illuminate\\Database\\Query\\Builder::get():3373}()
#18 /Users/zawhtetnaung/Documents/Webprojects/ecommerce-api/vendor/laravel/framework/src/Illuminate/Database/Query/Builder.php(3373): Illuminate\\Database\\Query\\Builder->onceWithColumns(Array, Object(Closure))
#19 /Users/zawhtetnaung/Documents/Webprojects/ecommerce-api/vendor/laravel/framework/src/Illuminate/Database/Eloquent/Builder.php(902): Illuminate\\Database\\Query\\Builder->get(Array)
#20 /Users/zawhtetnaung/Documents/Webprojects/ecommerce-api/vendor/laravel/framework/src/Illuminate/Database/Eloquent/Builder.php(884): Illuminate\\Database\\Eloquent\\Builder->getModels(Array)
#21 /Users/zawhtetnaung/Documents/Webprojects/ecommerce-api/app/Http/Controllers/Api/CategoryController.php(21): Illuminate\\Database\\Eloquent\\Builder->get()
#22 /Users/zawhtetnaung/Documents/Webprojects/ecommerce-api/vendor/laravel/framework/src/Illuminate/Routing/ControllerDispatcher.php(46): App\\Http\\Controllers\\Api\\CategoryController->publicIndex()
#23 /Users/zawhtetnaung/Documents/Webprojects/ecommerce-api/vendor/laravel/framework/src/Illuminate/Routing/Route.php(265): Illuminate\\Routing\\ControllerDispatcher->dispatch(Object(Illuminate\\Routing\\Route), Object(App\\Http\\Controllers\\Api\\CategoryController), 'publicIndex')
#24 /Users/zawhtetnaung/Documents/Webprojects/ecommerce-api/vendor/laravel/framework/src/Illuminate/Routing/Route.php(211): Illuminate\\Routing\\Route->runController()
#25 /Users/zawhtetnaung/Documents/Webprojects/ecommerce-api/vendor/laravel/framework/src/Illuminate/Routing/Router.php(822): Illuminate\\Routing\\Route->run()
#26 /Users/zawhtetnaung/Documents/Webprojects/ecommerce-api/vendor/laravel/framework/src/Illuminate/Pipeline/Pipeline.php(180): Illuminate\\Routing\\Router->{closure:Illuminate\\Routing\\Router::runRouteWithinStack():821}(Object(Illuminate\\Http\\Request))
#27 /Users/zawhtetnaung/Documents/Webprojects/ecommerce-api/vendor/laravel/framework/src/Illuminate/Routing/Middleware/SubstituteBindings.php(50): Illuminate\\Pipeline\\Pipeline->{closure:Illuminate\\Pipeline\\Pipeline::prepareDestination():178}(Object(Illuminate\\Http\\Request))
#28 /Users/zawhtetnaung/Documents/Webprojects/ecommerce-api/vendor/laravel/framework/src/Illuminate/Pipeline/Pipeline.php(219): Illuminate\\Routing\\Middleware\\SubstituteBindings->handle(Object(Illuminate\\Http\\Request), Object(Closure))
#29 /Users/zawhtetnaung/Documents/Webprojects/ecommerce-api/vendor/laravel/framework/src/Illuminate/Pipeline/Pipeline.php(137): Illuminate\\Pipeline\\Pipeline->{closure:{closure:Illuminate\\Pipeline\\Pipeline::carry():194}:195}(Object(Illuminate\\Http\\Request))
#30 /Users/zawhtetnaung/Documents/Webprojects/ecommerce-api/vendor/laravel/framework/src/Illuminate/Routing/Router.php(821): Illuminate\\Pipeline\\Pipeline->then(Object(Closure))
#31 /Users/zawhtetnaung/Documents/Webprojects/ecommerce-api/vendor/laravel/framework/src/Illuminate/Routing/Router.php(800): Illuminate\\Routing\\Router->runRouteWithinStack(Object(Illuminate\\Routing\\Route), Object(Illuminate\\Http\\Request))
#32 /Users/zawhtetnaung/Documents/Webprojects/ecommerce-api/vendor/laravel/framework/src/Illuminate/Routing/Router.php(764): Illuminate\\Routing\\Router->runRoute(Object(Illuminate\\Http\\Request), Object(Illuminate\\Routing\\Route))
#33 /Users/zawhtetnaung/Documents/Webprojects/ecommerce-api/vendor/laravel/framework/src/Illuminate/Routing/Router.php(753): Illuminate\\Routing\\Router->dispatchToRoute(Object(Illuminate\\Http\\Request))
#34 /Users/zawhtetnaung/Documents/Webprojects/ecommerce-api/vendor/laravel/framework/src/Illuminate/Foundation/Http/Kernel.php(200): Illuminate\\Routing\\Router->dispatch(Object(Illuminate\\Http\\Request))
#35 /Users/zawhtetnaung/Documents/Webprojects/ecommerce-api/vendor/laravel/framework/src/Illuminate/Pipeline/Pipeline.php(180): Illuminate\\Foundation\\Http\\Kernel->{closure:Illuminate\\Foundation\\Http\\Kernel::dispatchToRouter():197}(Object(Illuminate\\Http\\Request))
#36 /Users/zawhtetnaung/Documents/Webprojects/ecommerce-api/vendor/laravel/framework/src/Illuminate/Foundation/Http/Middleware/TransformsRequest.php(21): Illuminate\\Pipeline\\Pipeline->{closure:Illuminate\\Pipeline\\Pipeline::prepareDestination():178}(Object(Illuminate\\Http\\Request))
#37 /Users/zawhtetnaung/Documents/Webprojects/ecommerce-api/vendor/laravel/framework/src/Illuminate/Foundation/Http/Middleware/ConvertEmptyStringsToNull.php(31): Illuminate\\Foundation\\Http\\Middleware\\TransformsRequest->handle(Object(Illuminate\\Http\\Request), Object(Closure))
#38 /Users/zawhtetnaung/Documents/Webprojects/ecommerce-api/vendor/laravel/framework/src/Illuminate/Pipeline/Pipeline.php(219): Illuminate\\Foundation\\Http\\Middleware\\ConvertEmptyStringsToNull->handle(Object(Illuminate\\Http\\Request), Object(Closure))
#39 /Users/zawhtetnaung/Documents/Webprojects/ecommerce-api/vendor/laravel/framework/src/Illuminate/Foundation/Http/Middleware/TransformsRequest.php(21): Illuminate\\Pipeline\\Pipeline->{closure:{closure:Illuminate\\Pipeline\\Pipeline::carry():194}:195}(Object(Illuminate\\Http\\Request))
#40 /Users/zawhtetnaung/Documents/Webprojects/ecommerce-api/vendor/laravel/framework/src/Illuminate/Foundation/Http/Middleware/TrimStrings.php(51): Illuminate\\Foundation\\Http\\Middleware\\TransformsRequest->handle(Object(Illuminate\\Http\\Request), Object(Closure))
#41 /Users/zawhtetnaung/Documents/Webprojects/ecommerce-api/vendor/laravel/framework/src/Illuminate/Pipeline/Pipeline.php(219): Illuminate\\Foundation\\Http\\Middleware\\TrimStrings->handle(Object(Illuminate\\Http\\Request), Object(Closure))
#42 /Users/zawhtetnaung/Documents/Webprojects/ecommerce-api/vendor/laravel/framework/src/Illuminate/Http/Middleware/ValidatePostSize.php(27): Illuminate\\Pipeline\\Pipeline->{closure:{closure:Illuminate\\Pipeline\\Pipeline::carry():194}:195}(Object(Illuminate\\Http\\Request))
#43 /Users/zawhtetnaung/Documents/Webprojects/ecommerce-api/vendor/laravel/framework/src/Illuminate/Pipeline/Pipeline.php(219): Illuminate\\Http\\Middleware\\ValidatePostSize->handle(Object(Illuminate\\Http\\Request), Object(Closure))
#44 /Users/zawhtetnaung/Documents/Webprojects/ecommerce-api/vendor/laravel/framework/src/Illuminate/Foundation/Http/Middleware/PreventRequestsDuringMaintenance.php(109): Illuminate\\Pipeline\\Pipeline->{closure:{closure:Illuminate\\Pipeline\\Pipeline::carry():194}:195}(Object(Illuminate\\Http\\Request))
#45 /Users/zawhtetnaung/Documents/Webprojects/ecommerce-api/vendor/laravel/framework/src/Illuminate/Pipeline/Pipeline.php(219): Illuminate\\Foundation\\Http\\Middleware\\PreventRequestsDuringMaintenance->handle(Object(Illuminate\\Http\\Request), Object(Closure))
#46 /Users/zawhtetnaung/Documents/Webprojects/ecommerce-api/vendor/laravel/framework/src/Illuminate/Http/Middleware/HandleCors.php(74): Illuminate\\Pipeline\\Pipeline->{closure:{closure:Illuminate\\Pipeline\\Pipeline::carry():194}:195}(Object(Illuminate\\Http\\Request))
#47 /Users/zawhtetnaung/Documents/Webprojects/ecommerce-api/vendor/laravel/framework/src/Illuminate/Pipeline/Pipeline.php(219): Illuminate\\Http\\Middleware\\HandleCors->handle(Object(Illuminate\\Http\\Request), Object(Closure))
#48 /Users/zawhtetnaung/Documents/Webprojects/ecommerce-api/vendor/laravel/framework/src/Illuminate/Http/Middleware/TrustProxies.php(58): Illuminate\\Pipeline\\Pipeline->{closure:{closure:Illuminate\\Pipeline\\Pipeline::carry():194}:195}(Object(Illuminate\\Http\\Request))
#49 /Users/zawhtetnaung/Documents/Webprojects/ecommerce-api/vendor/laravel/framework/src/Illuminate/Pipeline/Pipeline.php(219): Illuminate\\Http\\Middleware\\TrustProxies->handle(Object(Illuminate\\Http\\Request), Object(Closure))
#50 /Users/zawhtetnaung/Documents/Webprojects/ecommerce-api/vendor/laravel/framework/src/Illuminate/Foundation/Http/Middleware/InvokeDeferredCallbacks.php(22): Illuminate\\Pipeline\\Pipeline->{closure:{closure:Illuminate\\Pipeline\\Pipeline::carry():194}:195}(Object(Illuminate\\Http\\Request))
#51 /Users/zawhtetnaung/Documents/Webprojects/ecommerce-api/vendor/laravel/framework/src/Illuminate/Pipeline/Pipeline.php(219): Illuminate\\Foundation\\Http\\Middleware\\InvokeDeferredCallbacks->handle(Object(Illuminate\\Http\\Request), Object(Closure))
#52 /Users/zawhtetnaung/Documents/Webprojects/ecommerce-api/vendor/laravel/framework/src/Illuminate/Http/Middleware/ValidatePathEncoding.php(26): Illuminate\\Pipeline\\Pipeline->{closure:{closure:Illuminate\\Pipeline\\Pipeline::carry():194}:195}(Object(Illuminate\\Http\\Request))
#53 /Users/zawhtetnaung/Documents/Webprojects/ecommerce-api/vendor/laravel/framework/src/Illuminate/Pipeline/Pipeline.php(219): Illuminate\\Http\\Middleware\\ValidatePathEncoding->handle(Object(Illuminate\\Http\\Request), Object(Closure))
#54 /Users/zawhtetnaung/Documents/Webprojects/ecommerce-api/vendor/laravel/framework/src/Illuminate/Pipeline/Pipeline.php(137): Illuminate\\Pipeline\\Pipeline->{closure:{closure:Illuminate\\Pipeline\\Pipeline::carry():194}:195}(Object(Illuminate\\Http\\Request))
#55 /Users/zawhtetnaung/Documents/Webprojects/ecommerce-api/vendor/laravel/framework/src/Illuminate/Foundation/Http/Kernel.php(175): Illuminate\\Pipeline\\Pipeline->then(Object(Closure))
#56 /Users/zawhtetnaung/Documents/Webprojects/ecommerce-api/vendor/laravel/framework/src/Illuminate/Foundation/Http/Kernel.php(144): Illuminate\\Foundation\\Http\\Kernel->sendRequestThroughRouter(Object(Illuminate\\Http\\Request))
#57 /Users/zawhtetnaung/Documents/Webprojects/ecommerce-api/vendor/laravel/framework/src/Illuminate/Foundation/Application.php(1220): Illuminate\\Foundation\\Http\\Kernel->handle(Object(Illuminate\\Http\\Request))
#58 /Users/zawhtetnaung/Documents/Webprojects/ecommerce-api/public/index.php(20): Illuminate\\Foundation\\Application->handleRequest(Object(Illuminate\\Http\\Request))
#59 /Users/zawhtetnaung/Documents/Webprojects/ecommerce-api/vendor/laravel/framework/src/Illuminate/Foundation/resources/server.php(23): require_once('/Users/zawhtetn...')
#60 {main}
"} 
