0 verbose cli C:\Program Files\nodejs\node.exe C:\Program Files\nodejs\node_modules\npm\bin\npm-cli.js
1 info using npm@11.9.0
2 info using node@v24.14.0
3 silly config load:file:C:\Program Files\nodejs\node_modules\npm\npmrc
4 silly config load:file:C:\Users\zaw\Desktop\messaraliving_react_laravel\ecommerce-react\.npmrc
5 silly config load:file:C:\Users\zaw\.npmrc
6 silly config load:file:C:\Users\zaw\AppData\Roaming\npm\etc\npmrc
7 verbose title npm install
8 verbose argv "install" "--cache" ".npm-cache"
9 verbose logfile logs-max:10 dir:C:\Users\zaw\Desktop\messaraliving_react_laravel\ecommerce-react\.npm-cache\_logs\2026-07-14T12_34_55_868Z-
10 verbose logfile C:\Users\zaw\Desktop\messaraliving_react_laravel\ecommerce-react\.npm-cache\_logs\2026-07-14T12_34_55_868Z-debug-0.log
11 silly logfile done cleaning log files
12 silly packumentCache heap:4496293888 maxSize:1124073472 maxEntrySize:562036736
13 silly idealTree buildDeps
14 silly reify mark retired [
14 silly reify   'C:\\Users\\zaw\\Desktop\\messaraliving_react_laravel\\ecommerce-react\\node_modules\\caniuse-lite'
14 silly reify ]
15 silly reify moves {
15 silly reify   'C:\\Users\\zaw\\Desktop\\messaraliving_react_laravel\\ecommerce-react\\node_modules\\caniuse-lite': 'C:\\Users\\zaw\\Desktop\\messaraliving_react_laravel\\ecommerce-react\\node_modules\\.caniuse-lite-CtHKVKkP'
15 silly reify }
16 silly audit bulk request {
16 silly audit   '@babel/code-frame': [ '7.29.0' ],
16 silly audit   '@babel/compat-data': [ '7.29.0' ],
16 silly audit   '@babel/core': [ '7.29.0' ],
16 silly audit   '@babel/generator': [ '7.29.0' ],
16 silly audit   '@babel/helper-compilation-targets': [ '7.28.6' ],
16 silly audit   '@babel/helper-globals': [ '7.28.0' ],
16 silly audit   '@babel/helper-module-imports': [ '7.28.6' ],
16 silly audit   '@babel/helper-module-transforms': [ '7.28.6' ],
16 silly audit   '@babel/helper-plugin-utils': [ '7.28.6' ],
16 silly audit   '@babel/helper-string-parser': [ '7.27.1' ],
16 silly audit   '@babel/helper-validator-identifier': [ '7.28.5' ],
16 silly audit   '@babel/helper-validator-option': [ '7.27.1' ],
16 silly audit   '@babel/helpers': [ '7.28.6' ],
16 silly audit   '@babel/parser': [ '7.29.0' ],
16 silly audit   '@babel/plugin-transform-react-jsx-self': [ '7.27.1' ],
16 silly audit   '@babel/plugin-transform-react-jsx-source': [ '7.27.1' ],
16 silly audit   '@babel/runtime': [ '7.28.6' ],
16 silly audit   '@babel/template': [ '7.28.6' ],
16 silly audit   '@babel/traverse': [ '7.29.0' ],
16 silly audit   '@babel/types': [ '7.29.0' ],
16 silly audit   '@coreui/coreui': [ '5.5.0' ],
16 silly audit   '@coreui/icons': [ '3.0.1' ],
16 silly audit   '@coreui/icons-react': [ '2.3.0' ],
16 silly audit   '@coreui/react': [ '5.9.2' ],
16 silly audit   '@emotion/babel-plugin': [ '11.13.5' ],
16 silly audit   'convert-source-map': [ '1.9.0', '2.0.0' ],
16 silly audit   stylis: [ '4.2.0', '4.3.6' ],
16 silly audit   '@emotion/cache': [ '11.14.0' ],
16 silly audit   '@emotion/hash': [ '0.9.2' ],
16 silly audit   '@emotion/is-prop-valid': [ '1.4.0' ],
16 silly audit   '@emotion/memoize': [ '0.9.0' ],
16 silly audit   '@emotion/react': [ '11.14.0' ],
16 silly audit   '@emotion/serialize': [ '1.3.3' ],
16 silly audit   '@emotion/sheet': [ '1.4.0' ],
16 silly audit   '@emotion/unitless': [ '0.10.0' ],
16 silly audit   '@emotion/use-insertion-effect-with-fallbacks': [ '1.2.0' ],
16 silly audit   '@emotion/utils': [ '1.4.2' ],
16 silly audit   '@emotion/weak-memoize': [ '0.4.0' ],
16 silly audit   '@esbuild/aix-ppc64': [ '0.21.5' ],
16 silly audit   '@esbuild/android-arm': [ '0.21.5' ],
16 silly audit   '@esbuild/android-arm64': [ '0.21.5' ],
16 silly audit   '@esbuild/android-x64': [ '0.21.5' ],
16 silly audit   '@esbuild/darwin-arm64': [ '0.21.5' ],
16 silly audit   '@esbuild/darwin-x64': [ '0.21.5' ],
16 silly audit   '@esbuild/freebsd-arm64': [ '0.21.5' ],
16 silly audit   '@esbuild/freebsd-x64': [ '0.21.5' ],
16 silly audit   '@esbuild/linux-arm': [ '0.21.5' ],
16 silly audit   '@esbuild/linux-arm64': [ '0.21.5' ],
16 silly audit   '@esbuild/linux-ia32': [ '0.21.5' ],
16 silly audit   '@esbuild/linux-loong64': [ '0.21.5' ],
16 silly audit   '@esbuild/linux-mips64el': [ '0.21.5' ],
16 silly audit   '@esbuild/linux-ppc64': [ '0.21.5' ],
16 silly audit   '@esbuild/linux-riscv64': [ '0.21.5' ],
16 silly audit   '@esbuild/linux-s390x': [ '0.21.5' ],
16 silly audit   '@esbuild/linux-x64': [ '0.21.5' ],
16 silly audit   '@esbuild/netbsd-x64': [ '0.21.5' ],
16 silly audit   '@esbuild/openbsd-x64': [ '0.21.5' ],
16 silly audit   '@esbuild/sunos-x64': [ '0.21.5' ],
16 silly audit   '@esbuild/win32-arm64': [ '0.21.5' ],
16 silly audit   '@esbuild/win32-ia32': [ '0.21.5' ],
16 silly audit   '@esbuild/win32-x64': [ '0.21.5' ],
16 silly audit   '@floating-ui/core': [ '1.7.4' ],
16 silly audit   '@floating-ui/dom': [ '1.7.5' ],
16 silly audit   '@floating-ui/utils': [ '0.2.10' ],
16 silly audit   '@jridgewell/gen-mapping': [ '0.3.13' ],
16 silly audit   '@jridgewell/remapping': [ '2.3.5' ],
16 silly audit   '@jridgewell/resolve-uri': [ '3.1.2' ],
16 silly audit   '@jridgewell/sourcemap-codec': [ '1.5.5' ],
16 silly audit   '@jridgewell/trace-mapping': [ '0.3.31' ],
16 silly audit   '@popperjs/core': [ '2.11.8' ],
16 silly audit   '@remix-run/router': [ '1.23.2' ],
16 silly audit   '@rolldown/pluginutils': [ '1.0.0-beta.27' ],
16 silly audit   '@rollup/rollup-android-arm-eabi': [ '4.57.1' ],
16 silly audit   '@rollup/rollup-android-arm64': [ '4.57.1' ],
16 silly audit   '@rollup/rollup-darwin-arm64': [ '4.57.1' ],
16 silly audit   '@rollup/rollup-darwin-x64': [ '4.57.1' ],
16 silly audit   '@rollup/rollup-freebsd-arm64': [ '4.57.1' ],
16 silly audit   '@rollup/rollup-freebsd-x64': [ '4.57.1' ],
16 silly audit   '@rollup/rollup-linux-arm-gnueabihf': [ '4.57.1' ],
16 silly audit   '@rollup/rollup-linux-arm-musleabihf': [ '4.57.1' ],
16 silly audit   '@rollup/rollup-linux-arm64-gnu': [ '4.57.1' ],
16 silly audit   '@rollup/rollup-linux-arm64-musl': [ '4.57.1' ],
16 silly audit   '@rollup/rollup-linux-loong64-gnu': [ '4.57.1' ],
16 silly audit   '@rollup/rollup-linux-loong64-musl': [ '4.57.1' ],
16 silly audit   '@rollup/rollup-linux-ppc64-gnu': [ '4.57.1' ],
16 silly audit   '@rollup/rollup-linux-ppc64-musl': [ '4.57.1' ],
16 silly audit   '@rollup/rollup-linux-riscv64-gnu': [ '4.57.1' ],
16 silly audit   '@rollup/rollup-linux-riscv64-musl': [ '4.57.1' ],
16 silly audit   '@rollup/rollup-linux-s390x-gnu': [ '4.57.1' ],
16 silly audit   '@rollup/rollup-linux-x64-gnu': [ '4.57.1' ],
16 silly audit   '@rollup/rollup-linux-x64-musl': [ '4.57.1' ],
16 silly audit   '@rollup/rollup-openbsd-x64': [ '4.57.1' ],
16 silly audit   '@rollup/rollup-openharmony-arm64': [ '4.57.1' ],
16 silly audit   '@rollup/rollup-win32-arm64-msvc': [ '4.57.1' ],
16 silly audit   '@rollup/rollup-win32-ia32-msvc': [ '4.57.1' ],
16 silly audit   '@rollup/rollup-win32-x64-gnu': [ '4.57.1' ],
16 silly audit   '@rollup/rollup-win32-x64-msvc': [ '4.57.1' ],
16 silly audit   '@types/babel__core': [ '7.20.5' ],
16 silly audit   '@types/babel__generator': [ '7.27.0' ],
16 silly audit   '@types/babel__template': [ '7.4.4' ],
16 silly audit   '@types/babel__traverse': [ '7.28.0' ],
16 silly audit   '@types/estree': [ '1.0.8' ],
16 silly audit   '@types/parse-json': [ '4.0.2' ],
16 silly audit   '@types/react': [ '19.2.11' ],
16 silly audit   '@types/react-transition-group': [ '4.4.12' ],
16 silly audit   '@types/stylis': [ '4.2.7' ],
16 silly audit   '@vitejs/plugin-react': [ '4.7.0' ],
16 silly audit   asynckit: [ '0.4.0' ],
16 silly audit   axios: [ '1.13.4' ],
16 silly audit   'babel-plugin-macros': [ '3.1.0' ],
16 silly audit   'baseline-browser-mapping': [ '2.9.19' ],
16 silly audit   browserslist: [ '4.28.1' ],
16 silly audit   'call-bind-apply-helpers': [ '1.0.2' ],
16 silly audit   callsites: [ '3.1.0' ],
16 silly audit   camelize: [ '1.0.1' ],
16 silly audit   'caniuse-lite': [ '1.0.30001767' ],
16 silly audit   'combined-stream': [ '1.0.8' ],
16 silly audit   cosmiconfig: [ '7.1.0' ],
16 silly audit   'css-color-keywords': [ '1.0.0' ],
16 silly audit   'css-to-react-native': [ '3.2.0' ],
16 silly audit   csstype: [ '3.2.3' ],
16 silly audit   debug: [ '4.4.3' ],
16 silly audit   deepmerge: [ '4.3.1' ],
16 silly audit   'delayed-stream': [ '1.0.0' ],
16 silly audit   'dom-helpers': [ '5.2.1' ],
16 silly audit   'dunder-proto': [ '1.0.1' ],
16 silly audit   'electron-to-chromium': [ '1.5.286' ],
16 silly audit   'error-ex': [ '1.3.4' ],
16 silly audit   'es-define-property': [ '1.0.1' ],
16 silly audit   'es-errors': [ '1.3.0' ],
16 silly audit   'es-object-atoms': [ '1.1.1' ],
16 silly audit   'es-set-tostringtag': [ '2.1.0' ],
16 silly audit   esbuild: [ '0.21.5' ],
16 silly audit   escalade: [ '3.2.0' ],
16 silly audit   'escape-string-regexp': [ '4.0.0' ],
16 silly audit   'find-root': [ '1.1.0' ],
16 silly audit   'follow-redirects': [ '1.15.11' ],
16 silly audit   'form-data': [ '4.0.5' ],
16 silly audit   fsevents: [ '2.3.3' ],
16 silly audit   'function-bind': [ '1.1.2' ],
16 silly audit   gensync: [ '1.0.0-beta.2' ],
16 silly audit   'get-intrinsic': [ '1.3.0' ],
16 silly audit   'get-proto': [ '1.0.1' ],
16 silly audit   gopd: [ '1.2.0' ],
16 silly audit   'has-symbols': [ '1.1.0' ],
16 silly audit   'has-tostringtag': [ '1.0.2' ],
16 silly audit   hasown: [ '2.0.2' ],
16 silly audit   'hoist-non-react-statics': [ '3.3.2' ],
16 silly audit   'html-entities': [ '2.6.0' ],
16 silly audit   'import-fresh': [ '3.3.1' ],
16 silly audit   'is-arrayish': [ '0.2.1' ],
16 silly audit   'is-core-module': [ '2.16.1' ],
16 silly audit   'js-tokens': [ '4.0.0' ],
16 silly audit   jsesc: [ '3.1.0' ],
16 silly audit   'json-parse-even-better-errors': [ '2.3.1' ],
16 silly audit   json5: [ '2.2.3' ],
16 silly audit   'lines-and-columns': [ '1.2.4' ],
16 silly audit   'loose-envify': [ '1.4.0' ],
16 silly audit   'lru-cache': [ '5.1.1' ],
16 silly audit   'math-intrinsics': [ '1.1.0' ],
16 silly audit   'memoize-one': [ '6.0.0' ],
16 silly audit   'mime-db': [ '1.52.0' ],
16 silly audit   'mime-types': [ '2.1.35' ],
16 silly audit   ms: [ '2.1.3' ],
16 silly audit   nanoid: [ '3.3.11' ],
16 silly audit   'node-releases': [ '2.0.27' ],
16 silly audit   'object-assign': [ '4.1.1' ],
16 silly audit   'parent-module': [ '1.0.1' ],
16 silly audit   'parse-json': [ '5.2.0' ],
16 silly audit   'path-parse': [ '1.0.7' ],
16 silly audit   'path-type': [ '4.0.0' ],
16 silly audit   picocolors: [ '1.1.1' ],
16 silly audit   postcss: [ '8.5.6', '8.4.49' ],
16 silly audit   'postcss-value-parser': [ '4.2.0' ],
16 silly audit   'prop-types': [ '15.8.1' ],
16 silly audit   'proxy-from-env': [ '1.1.0' ],
16 silly audit   react: [ '18.3.1' ],
16 silly audit   'react-data-table-component': [ '7.7.0' ],
16 silly audit   'react-dom': [ '18.3.1' ],
16 silly audit   'react-is': [ '16.13.1' ],
16 silly audit   'react-refresh': [ '0.17.0' ],
16 silly audit   'react-router': [ '6.30.3' ],
16 silly audit   'react-router-dom': [ '6.30.3' ],
16 silly audit   'react-select': [ '5.10.2' ],
16 silly audit   'react-transition-group': [ '4.4.5' ],
16 silly audit   resolve: [ '1.22.11' ],
16 silly audit   'resolve-from': [ '4.0.0' ],
16 silly audit   rollup: [ '4.57.1' ],
16 silly audit   scheduler: [ '0.23.2' ],
16 silly audit   semver: [ '6.3.1' ],
16 silly audit   shallowequal: [ '1.1.0' ],
16 silly audit   'source-map': [ '0.5.7' ],
16 silly audit   'source-map-js': [ '1.2.1' ],
16 silly audit   'styled-components': [ '6.3.8' ],
16 silly audit   'supports-preserve-symlinks-flag': [ '1.0.0' ],
16 silly audit   tslib: [ '2.8.1' ],
16 silly audit   'update-browserslist-db': [ '1.2.3' ],
16 silly audit   'use-isomorphic-layout-effect': [ '1.2.1' ],
16 silly audit   vite: [ '5.4.21' ],
16 silly audit   yallist: [ '3.1.1' ],
16 silly audit   yaml: [ '1.10.2' ]
16 silly audit }
17 http fetch GET 200 https://registry.npmjs.org/npm 226ms
18 http cache yaml@https://registry.npmjs.org/yaml/-/yaml-1.10.2.tgz 1ms (cache hit)
19 http cache vite@https://registry.npmjs.org/vite/-/vite-5.4.21.tgz 0ms (cache hit)
20 http cache yallist@https://registry.npmjs.org/yallist/-/yallist-3.1.1.tgz 0ms (cache hit)
21 http cache use-isomorphic-layout-effect@https://registry.npmjs.org/use-isomorphic-layout-effect/-/use-isomorphic-layout-effect-1.2.1.tgz 0ms (cache hit)
22 http cache update-browserslist-db@https://registry.npmjs.org/update-browserslist-db/-/update-browserslist-db-1.2.3.tgz 0ms (cache hit)
23 http cache tslib@https://registry.npmjs.org/tslib/-/tslib-2.8.1.tgz 0ms (cache hit)
24 http cache supports-preserve-symlinks-flag@https://registry.npmjs.org/supports-preserve-symlinks-flag/-/supports-preserve-symlinks-flag-1.0.0.tgz 0ms (cache hit)
25 http cache stylis@https://registry.npmjs.org/stylis/-/stylis-4.3.6.tgz 0ms (cache hit)
26 http cache styled-components@https://registry.npmjs.org/styled-components/-/styled-components-6.3.8.tgz 0ms (cache hit)
27 http cache shallowequal@https://registry.npmjs.org/shallowequal/-/shallowequal-1.1.0.tgz 0ms (cache hit)
28 http cache source-map-js@https://registry.npmjs.org/source-map-js/-/source-map-js-1.2.1.tgz 0ms (cache hit)
29 http cache scheduler@https://registry.npmjs.org/scheduler/-/scheduler-0.23.2.tgz 0ms (cache hit)
30 http cache source-map@https://registry.npmjs.org/source-map/-/source-map-0.5.7.tgz 0ms (cache hit)
31 http cache resolve-from@https://registry.npmjs.org/resolve-from/-/resolve-from-4.0.0.tgz 0ms (cache hit)
32 http cache semver@https://registry.npmjs.org/semver/-/semver-6.3.1.tgz 0ms (cache hit)
33 http cache rollup@https://registry.npmjs.org/rollup/-/rollup-4.57.1.tgz 0ms (cache hit)
34 http cache react-select@https://registry.npmjs.org/react-select/-/react-select-5.10.2.tgz 0ms (cache hit)
35 http cache resolve@https://registry.npmjs.org/resolve/-/resolve-1.22.11.tgz 0ms (cache hit)
36 http cache react-transition-group@https://registry.npmjs.org/react-transition-group/-/react-transition-group-4.4.5.tgz 0ms (cache hit)
37 http cache react-router@https://registry.npmjs.org/react-router/-/react-router-6.30.3.tgz 0ms (cache hit)
38 http cache react-router-dom@https://registry.npmjs.org/react-router-dom/-/react-router-dom-6.30.3.tgz 0ms (cache hit)
39 http cache react-data-table-component@https://registry.npmjs.org/react-data-table-component/-/react-data-table-component-7.7.0.tgz 0ms (cache hit)
40 http cache react-refresh@https://registry.npmjs.org/react-refresh/-/react-refresh-0.17.0.tgz 0ms (cache hit)
41 http cache react-is@https://registry.npmjs.org/react-is/-/react-is-16.13.1.tgz 0ms (cache hit)
42 http cache react-dom@https://registry.npmjs.org/react-dom/-/react-dom-18.3.1.tgz 0ms (cache hit)
43 http cache prop-types@https://registry.npmjs.org/prop-types/-/prop-types-15.8.1.tgz 0ms (cache hit)
44 http cache react@https://registry.npmjs.org/react/-/react-18.3.1.tgz 0ms (cache hit)
45 http cache proxy-from-env@https://registry.npmjs.org/proxy-from-env/-/proxy-from-env-1.1.0.tgz 0ms (cache hit)
46 http cache postcss-value-parser@https://registry.npmjs.org/postcss-value-parser/-/postcss-value-parser-4.2.0.tgz 0ms (cache hit)
47 http cache picocolors@https://registry.npmjs.org/picocolors/-/picocolors-1.1.1.tgz 0ms (cache hit)
48 http cache postcss@https://registry.npmjs.org/postcss/-/postcss-8.5.6.tgz 0ms (cache hit)
49 http cache path-type@https://registry.npmjs.org/path-type/-/path-type-4.0.0.tgz 0ms (cache hit)
50 http cache path-parse@https://registry.npmjs.org/path-parse/-/path-parse-1.0.7.tgz 0ms (cache hit)
51 http cache parent-module@https://registry.npmjs.org/parent-module/-/parent-module-1.0.1.tgz 1ms (cache hit)
52 http cache parse-json@https://registry.npmjs.org/parse-json/-/parse-json-5.2.0.tgz 0ms (cache hit)
53 http cache node-releases@https://registry.npmjs.org/node-releases/-/node-releases-2.0.27.tgz 0ms (cache hit)
54 http cache ms@https://registry.npmjs.org/ms/-/ms-2.1.3.tgz 0ms (cache hit)
55 http cache mime-types@https://registry.npmjs.org/mime-types/-/mime-types-2.1.35.tgz 0ms (cache hit)
56 http cache object-assign@https://registry.npmjs.org/object-assign/-/object-assign-4.1.1.tgz 0ms (cache hit)
57 http cache mime-db@https://registry.npmjs.org/mime-db/-/mime-db-1.52.0.tgz 0ms (cache hit)
58 http cache memoize-one@https://registry.npmjs.org/memoize-one/-/memoize-one-6.0.0.tgz 0ms (cache hit)
59 http cache nanoid@https://registry.npmjs.org/nanoid/-/nanoid-3.3.11.tgz 0ms (cache hit)
60 http cache math-intrinsics@https://registry.npmjs.org/math-intrinsics/-/math-intrinsics-1.1.0.tgz 0ms (cache hit)
61 http cache loose-envify@https://registry.npmjs.org/loose-envify/-/loose-envify-1.4.0.tgz 0ms (cache hit)
62 http cache lru-cache@https://registry.npmjs.org/lru-cache/-/lru-cache-5.1.1.tgz 0ms (cache hit)
63 http cache json5@https://registry.npmjs.org/json5/-/json5-2.2.3.tgz 0ms (cache hit)
64 http cache json-parse-even-better-errors@https://registry.npmjs.org/json-parse-even-better-errors/-/json-parse-even-better-errors-2.3.1.tgz 0ms (cache hit)
65 http cache js-tokens@https://registry.npmjs.org/js-tokens/-/js-tokens-4.0.0.tgz 0ms (cache hit)
66 http cache is-arrayish@https://registry.npmjs.org/is-arrayish/-/is-arrayish-0.2.1.tgz 0ms (cache hit)
67 http cache jsesc@https://registry.npmjs.org/jsesc/-/jsesc-3.1.0.tgz 0ms (cache hit)
68 http cache lines-and-columns@https://registry.npmjs.org/lines-and-columns/-/lines-and-columns-1.2.4.tgz 0ms (cache hit)
69 http cache is-core-module@https://registry.npmjs.org/is-core-module/-/is-core-module-2.16.1.tgz 0ms (cache hit)
70 http cache import-fresh@https://registry.npmjs.org/import-fresh/-/import-fresh-3.3.1.tgz 0ms (cache hit)
71 http cache html-entities@https://registry.npmjs.org/html-entities/-/html-entities-2.6.0.tgz 0ms (cache hit)
72 http cache hasown@https://registry.npmjs.org/hasown/-/hasown-2.0.2.tgz 0ms (cache hit)
73 http cache has-tostringtag@https://registry.npmjs.org/has-tostringtag/-/has-tostringtag-1.0.2.tgz 0ms (cache hit)
74 http cache hoist-non-react-statics@https://registry.npmjs.org/hoist-non-react-statics/-/hoist-non-react-statics-3.3.2.tgz 0ms (cache hit)
75 http cache has-symbols@https://registry.npmjs.org/has-symbols/-/has-symbols-1.1.0.tgz 0ms (cache hit)
76 http cache get-proto@https://registry.npmjs.org/get-proto/-/get-proto-1.0.1.tgz 0ms (cache hit)
77 http cache gopd@https://registry.npmjs.org/gopd/-/gopd-1.2.0.tgz 0ms (cache hit)
78 http cache gensync@https://registry.npmjs.org/gensync/-/gensync-1.0.0-beta.2.tgz 0ms (cache hit)
79 http cache get-intrinsic@https://registry.npmjs.org/get-intrinsic/-/get-intrinsic-1.3.0.tgz 0ms (cache hit)
80 http cache function-bind@https://registry.npmjs.org/function-bind/-/function-bind-1.1.2.tgz 0ms (cache hit)
81 http cache form-data@https://registry.npmjs.org/form-data/-/form-data-4.0.5.tgz 0ms (cache hit)
82 http cache follow-redirects@https://registry.npmjs.org/follow-redirects/-/follow-redirects-1.15.11.tgz 0ms (cache hit)
83 http cache escape-string-regexp@https://registry.npmjs.org/escape-string-regexp/-/escape-string-regexp-4.0.0.tgz 0ms (cache hit)
84 http cache find-root@https://registry.npmjs.org/find-root/-/find-root-1.1.0.tgz 0ms (cache hit)
85 http cache esbuild@https://registry.npmjs.org/esbuild/-/esbuild-0.21.5.tgz 0ms (cache hit)
86 http cache escalade@https://registry.npmjs.org/escalade/-/escalade-3.2.0.tgz 0ms (cache hit)
87 http cache es-set-tostringtag@https://registry.npmjs.org/es-set-tostringtag/-/es-set-tostringtag-2.1.0.tgz 0ms (cache hit)
88 http cache es-errors@https://registry.npmjs.org/es-errors/-/es-errors-1.3.0.tgz 0ms (cache hit)
89 http cache es-object-atoms@https://registry.npmjs.org/es-object-atoms/-/es-object-atoms-1.1.1.tgz 0ms (cache hit)
90 http cache dunder-proto@https://registry.npmjs.org/dunder-proto/-/dunder-proto-1.0.1.tgz 0ms (cache hit)
91 http cache es-define-property@https://registry.npmjs.org/es-define-property/-/es-define-property-1.0.1.tgz 0ms (cache hit)
92 http cache error-ex@https://registry.npmjs.org/error-ex/-/error-ex-1.3.4.tgz 0ms (cache hit)
93 http cache dom-helpers@https://registry.npmjs.org/dom-helpers/-/dom-helpers-5.2.1.tgz 0ms (cache hit)
94 http cache electron-to-chromium@https://registry.npmjs.org/electron-to-chromium/-/electron-to-chromium-1.5.286.tgz 0ms (cache hit)
95 http cache deepmerge@https://registry.npmjs.org/deepmerge/-/deepmerge-4.3.1.tgz 0ms (cache hit)
96 http cache delayed-stream@https://registry.npmjs.org/delayed-stream/-/delayed-stream-1.0.0.tgz 0ms (cache hit)
97 http cache debug@https://registry.npmjs.org/debug/-/debug-4.4.3.tgz 0ms (cache hit)
98 http cache csstype@https://registry.npmjs.org/csstype/-/csstype-3.2.3.tgz 0ms (cache hit)
99 http cache css-to-react-native@https://registry.npmjs.org/css-to-react-native/-/css-to-react-native-3.2.0.tgz 0ms (cache hit)
100 http cache cosmiconfig@https://registry.npmjs.org/cosmiconfig/-/cosmiconfig-7.1.0.tgz 0ms (cache hit)
101 http cache css-color-keywords@https://registry.npmjs.org/css-color-keywords/-/css-color-keywords-1.0.0.tgz 0ms (cache hit)
102 http cache combined-stream@https://registry.npmjs.org/combined-stream/-/combined-stream-1.0.8.tgz 0ms (cache hit)
103 http cache camelize@https://registry.npmjs.org/camelize/-/camelize-1.0.1.tgz 0ms (cache hit)
104 http cache convert-source-map@https://registry.npmjs.org/convert-source-map/-/convert-source-map-2.0.0.tgz 0ms (cache hit)
105 http cache call-bind-apply-helpers@https://registry.npmjs.org/call-bind-apply-helpers/-/call-bind-apply-helpers-1.0.2.tgz 0ms (cache hit)
106 http cache callsites@https://registry.npmjs.org/callsites/-/callsites-3.1.0.tgz 0ms (cache hit)
107 http cache browserslist@https://registry.npmjs.org/browserslist/-/browserslist-4.28.1.tgz 0ms (cache hit)
108 http cache babel-plugin-macros@https://registry.npmjs.org/babel-plugin-macros/-/babel-plugin-macros-3.1.0.tgz 0ms (cache hit)
109 http cache baseline-browser-mapping@https://registry.npmjs.org/baseline-browser-mapping/-/baseline-browser-mapping-2.9.19.tgz 0ms (cache hit)
110 http cache @vitejs/plugin-react@https://registry.npmjs.org/@vitejs/plugin-react/-/plugin-react-4.7.0.tgz 0ms (cache hit)
111 http cache @types/stylis@https://registry.npmjs.org/@types/stylis/-/stylis-4.2.7.tgz 0ms (cache hit)
112 http cache asynckit@https://registry.npmjs.org/asynckit/-/asynckit-0.4.0.tgz 0ms (cache hit)
113 http cache axios@https://registry.npmjs.org/axios/-/axios-1.13.4.tgz 0ms (cache hit)
114 http cache @types/react-transition-group@https://registry.npmjs.org/@types/react-transition-group/-/react-transition-group-4.4.12.tgz 0ms (cache hit)
115 http cache @types/estree@https://registry.npmjs.org/@types/estree/-/estree-1.0.8.tgz 0ms (cache hit)
116 http cache @types/react@https://registry.npmjs.org/@types/react/-/react-19.2.11.tgz 0ms (cache hit)
117 http cache @types/babel__traverse@https://registry.npmjs.org/@types/babel__traverse/-/babel__traverse-7.28.0.tgz 0ms (cache hit)
118 http cache @types/parse-json@https://registry.npmjs.org/@types/parse-json/-/parse-json-4.0.2.tgz 0ms (cache hit)
119 http cache @types/babel__template@https://registry.npmjs.org/@types/babel__template/-/babel__template-7.4.4.tgz 0ms (cache hit)
120 http cache @types/babel__core@https://registry.npmjs.org/@types/babel__core/-/babel__core-7.20.5.tgz 0ms (cache hit)
121 http cache @types/babel__generator@https://registry.npmjs.org/@types/babel__generator/-/babel__generator-7.27.0.tgz 0ms (cache hit)
122 http cache @rollup/rollup-win32-x64-gnu@https://registry.npmjs.org/@rollup/rollup-win32-x64-gnu/-/rollup-win32-x64-gnu-4.57.1.tgz 0ms (cache hit)
123 http cache @rolldown/pluginutils@https://registry.npmjs.org/@rolldown/pluginutils/-/pluginutils-1.0.0-beta.27.tgz 0ms (cache hit)
124 http cache @rollup/rollup-win32-x64-msvc@https://registry.npmjs.org/@rollup/rollup-win32-x64-msvc/-/rollup-win32-x64-msvc-4.57.1.tgz 0ms (cache hit)
125 http cache @remix-run/router@https://registry.npmjs.org/@remix-run/router/-/router-1.23.2.tgz 0ms (cache hit)
126 http cache @popperjs/core@https://registry.npmjs.org/@popperjs/core/-/core-2.11.8.tgz 0ms (cache hit)
127 http cache @jridgewell/trace-mapping@https://registry.npmjs.org/@jridgewell/trace-mapping/-/trace-mapping-0.3.31.tgz 0ms (cache hit)
128 http cache @jridgewell/sourcemap-codec@https://registry.npmjs.org/@jridgewell/sourcemap-codec/-/sourcemap-codec-1.5.5.tgz 0ms (cache hit)
129 http cache @jridgewell/remapping@https://registry.npmjs.org/@jridgewell/remapping/-/remapping-2.3.5.tgz 0ms (cache hit)
130 http cache @jridgewell/resolve-uri@https://registry.npmjs.org/@jridgewell/resolve-uri/-/resolve-uri-3.1.2.tgz 0ms (cache hit)
131 http cache @jridgewell/gen-mapping@https://registry.npmjs.org/@jridgewell/gen-mapping/-/gen-mapping-0.3.13.tgz 0ms (cache hit)
132 http cache @floating-ui/core@https://registry.npmjs.org/@floating-ui/core/-/core-1.7.4.tgz 0ms (cache hit)
133 http cache @esbuild/win32-x64@https://registry.npmjs.org/@esbuild/win32-x64/-/win32-x64-0.21.5.tgz 0ms (cache hit)
134 http cache @floating-ui/dom@https://registry.npmjs.org/@floating-ui/dom/-/dom-1.7.5.tgz 0ms (cache hit)
135 http cache @emotion/weak-memoize@https://registry.npmjs.org/@emotion/weak-memoize/-/weak-memoize-0.4.0.tgz 0ms (cache hit)
136 http cache @floating-ui/utils@https://registry.npmjs.org/@floating-ui/utils/-/utils-0.2.10.tgz 0ms (cache hit)
137 http cache @emotion/unitless@https://registry.npmjs.org/@emotion/unitless/-/unitless-0.10.0.tgz 0ms (cache hit)
138 http cache @emotion/utils@https://registry.npmjs.org/@emotion/utils/-/utils-1.4.2.tgz 0ms (cache hit)
139 http cache @emotion/use-insertion-effect-with-fallbacks@https://registry.npmjs.org/@emotion/use-insertion-effect-with-fallbacks/-/use-insertion-effect-with-fallbacks-1.2.0.tgz 0ms (cache hit)
140 http cache @emotion/serialize@https://registry.npmjs.org/@emotion/serialize/-/serialize-1.3.3.tgz 0ms (cache hit)
141 http cache @emotion/memoize@https://registry.npmjs.org/@emotion/memoize/-/memoize-0.9.0.tgz 0ms (cache hit)
142 http cache @emotion/sheet@https://registry.npmjs.org/@emotion/sheet/-/sheet-1.4.0.tgz 0ms (cache hit)
143 http cache @emotion/react@https://registry.npmjs.org/@emotion/react/-/react-11.14.0.tgz 0ms (cache hit)
144 http cache @emotion/cache@https://registry.npmjs.org/@emotion/cache/-/cache-11.14.0.tgz 0ms (cache hit)
145 http cache @emotion/is-prop-valid@https://registry.npmjs.org/@emotion/is-prop-valid/-/is-prop-valid-1.4.0.tgz 0ms (cache hit)
146 http cache @emotion/babel-plugin@https://registry.npmjs.org/@emotion/babel-plugin/-/babel-plugin-11.13.5.tgz 0ms (cache hit)
147 http cache @coreui/react@https://registry.npmjs.org/@coreui/react/-/react-5.9.2.tgz 0ms (cache hit)
148 http cache @emotion/hash@https://registry.npmjs.org/@emotion/hash/-/hash-0.9.2.tgz 0ms (cache hit)
149 http cache @coreui/coreui@https://registry.npmjs.org/@coreui/coreui/-/coreui-5.5.0.tgz 0ms (cache hit)
150 http cache @coreui/icons-react@https://registry.npmjs.org/@coreui/icons-react/-/icons-react-2.3.0.tgz 0ms (cache hit)
151 http cache @coreui/icons@https://registry.npmjs.org/@coreui/icons/-/icons-3.0.1.tgz 0ms (cache hit)
152 http cache @babel/traverse@https://registry.npmjs.org/@babel/traverse/-/traverse-7.29.0.tgz 0ms (cache hit)
153 http cache @babel/types@https://registry.npmjs.org/@babel/types/-/types-7.29.0.tgz 0ms (cache hit)
154 http cache @babel/runtime@https://registry.npmjs.org/@babel/runtime/-/runtime-7.28.6.tgz 0ms (cache hit)
155 http cache @babel/plugin-transform-react-jsx-source@https://registry.npmjs.org/@babel/plugin-transform-react-jsx-source/-/plugin-transform-react-jsx-source-7.27.1.tgz 0ms (cache hit)
156 http cache @babel/template@https://registry.npmjs.org/@babel/template/-/template-7.28.6.tgz 0ms (cache hit)
157 http cache @babel/plugin-transform-react-jsx-self@https://registry.npmjs.org/@babel/plugin-transform-react-jsx-self/-/plugin-transform-react-jsx-self-7.27.1.tgz 0ms (cache hit)
158 http cache @babel/helpers@https://registry.npmjs.org/@babel/helpers/-/helpers-7.28.6.tgz 0ms (cache hit)
159 http cache @babel/parser@https://registry.npmjs.org/@babel/parser/-/parser-7.29.0.tgz 0ms (cache hit)
160 http cache @babel/helper-validator-identifier@https://registry.npmjs.org/@babel/helper-validator-identifier/-/helper-validator-identifier-7.28.5.tgz 0ms (cache hit)
161 http cache @babel/helper-validator-option@https://registry.npmjs.org/@babel/helper-validator-option/-/helper-validator-option-7.27.1.tgz 0ms (cache hit)
162 http cache @babel/helper-string-parser@https://registry.npmjs.org/@babel/helper-string-parser/-/helper-string-parser-7.27.1.tgz 0ms (cache hit)
163 http cache @babel/helper-module-transforms@https://registry.npmjs.org/@babel/helper-module-transforms/-/helper-module-transforms-7.28.6.tgz 0ms (cache hit)
164 http cache @babel/helper-plugin-utils@https://registry.npmjs.org/@babel/helper-plugin-utils/-/helper-plugin-utils-7.28.6.tgz 0ms (cache hit)
165 http cache @babel/helper-module-imports@https://registry.npmjs.org/@babel/helper-module-imports/-/helper-module-imports-7.28.6.tgz 0ms (cache hit)
166 http cache @babel/helper-globals@https://registry.npmjs.org/@babel/helper-globals/-/helper-globals-7.28.0.tgz 0ms (cache hit)
167 http cache @babel/helper-compilation-targets@https://registry.npmjs.org/@babel/helper-compilation-targets/-/helper-compilation-targets-7.28.6.tgz 0ms (cache hit)
168 http cache @babel/generator@https://registry.npmjs.org/@babel/generator/-/generator-7.29.0.tgz 0ms (cache hit)
169 http cache @babel/core@https://registry.npmjs.org/@babel/core/-/core-7.29.0.tgz 0ms (cache hit)
170 http cache caniuse-lite@https://registry.npmjs.org/caniuse-lite/-/caniuse-lite-1.0.30001767.tgz 0ms (cache hit)
171 http cache @babel/compat-data@https://registry.npmjs.org/@babel/compat-data/-/compat-data-7.29.0.tgz 0ms (cache hit)
172 http cache @babel/code-frame@https://registry.npmjs.org/@babel/code-frame/-/code-frame-7.29.0.tgz 0ms (cache hit)
173 http cache stylis@https://registry.npmjs.org/stylis/-/stylis-4.2.0.tgz 0ms (cache hit)
174 http cache postcss@https://registry.npmjs.org/postcss/-/postcss-8.4.49.tgz 0ms (cache hit)
175 silly tarball no local data for yaml@https://registry.npmjs.org/yaml/-/yaml-1.10.2.tgz. Extracting by manifest.
176 silly tarball no local data for vite@https://registry.npmjs.org/vite/-/vite-5.4.21.tgz. Extracting by manifest.
177 silly tarball no local data for yallist@https://registry.npmjs.org/yallist/-/yallist-3.1.1.tgz. Extracting by manifest.
178 silly tarball no local data for use-isomorphic-layout-effect@https://registry.npmjs.org/use-isomorphic-layout-effect/-/use-isomorphic-layout-effect-1.2.1.tgz. Extracting by manifest.
179 silly tarball no local data for update-browserslist-db@https://registry.npmjs.org/update-browserslist-db/-/update-browserslist-db-1.2.3.tgz. Extracting by manifest.
180 silly tarball no local data for tslib@https://registry.npmjs.org/tslib/-/tslib-2.8.1.tgz. Extracting by manifest.
181 silly tarball no local data for supports-preserve-symlinks-flag@https://registry.npmjs.org/supports-preserve-symlinks-flag/-/supports-preserve-symlinks-flag-1.0.0.tgz. Extracting by manifest.
182 silly tarball no local data for stylis@https://registry.npmjs.org/stylis/-/stylis-4.3.6.tgz. Extracting by manifest.
183 silly tarball no local data for styled-components@https://registry.npmjs.org/styled-components/-/styled-components-6.3.8.tgz. Extracting by manifest.
184 http cache stylis@https://registry.npmjs.org/stylis/-/stylis-4.2.0.tgz 0ms (cache hit)
185 http cache convert-source-map@https://registry.npmjs.org/convert-source-map/-/convert-source-map-1.9.0.tgz 0ms (cache hit)
186 silly tarball no local data for shallowequal@https://registry.npmjs.org/shallowequal/-/shallowequal-1.1.0.tgz. Extracting by manifest.
187 silly tarball no local data for source-map-js@https://registry.npmjs.org/source-map-js/-/source-map-js-1.2.1.tgz. Extracting by manifest.
188 silly tarball no local data for scheduler@https://registry.npmjs.org/scheduler/-/scheduler-0.23.2.tgz. Extracting by manifest.
189 silly tarball no local data for source-map@https://registry.npmjs.org/source-map/-/source-map-0.5.7.tgz. Extracting by manifest.
190 silly tarball no local data for resolve-from@https://registry.npmjs.org/resolve-from/-/resolve-from-4.0.0.tgz. Extracting by manifest.
191 silly tarball no local data for semver@https://registry.npmjs.org/semver/-/semver-6.3.1.tgz. Extracting by manifest.
192 silly tarball no local data for rollup@https://registry.npmjs.org/rollup/-/rollup-4.57.1.tgz. Extracting by manifest.
193 silly tarball no local data for react-select@https://registry.npmjs.org/react-select/-/react-select-5.10.2.tgz. Extracting by manifest.
194 silly tarball no local data for resolve@https://registry.npmjs.org/resolve/-/resolve-1.22.11.tgz. Extracting by manifest.
195 silly tarball no local data for react-transition-group@https://registry.npmjs.org/react-transition-group/-/react-transition-group-4.4.5.tgz. Extracting by manifest.
196 silly tarball no local data for react-router@https://registry.npmjs.org/react-router/-/react-router-6.30.3.tgz. Extracting by manifest.
197 silly tarball no local data for react-router-dom@https://registry.npmjs.org/react-router-dom/-/react-router-dom-6.30.3.tgz. Extracting by manifest.
198 silly tarball no local data for react-data-table-component@https://registry.npmjs.org/react-data-table-component/-/react-data-table-component-7.7.0.tgz. Extracting by manifest.
199 silly tarball no local data for react-refresh@https://registry.npmjs.org/react-refresh/-/react-refresh-0.17.0.tgz. Extracting by manifest.
200 silly tarball no local data for react-is@https://registry.npmjs.org/react-is/-/react-is-16.13.1.tgz. Extracting by manifest.
201 silly tarball no local data for react-dom@https://registry.npmjs.org/react-dom/-/react-dom-18.3.1.tgz. Extracting by manifest.
202 silly tarball no local data for prop-types@https://registry.npmjs.org/prop-types/-/prop-types-15.8.1.tgz. Extracting by manifest.
203 silly tarball no local data for react@https://registry.npmjs.org/react/-/react-18.3.1.tgz. Extracting by manifest.
204 silly tarball no local data for proxy-from-env@https://registry.npmjs.org/proxy-from-env/-/proxy-from-env-1.1.0.tgz. Extracting by manifest.
205 silly tarball no local data for postcss-value-parser@https://registry.npmjs.org/postcss-value-parser/-/postcss-value-parser-4.2.0.tgz. Extracting by manifest.
206 silly tarball no local data for picocolors@https://registry.npmjs.org/picocolors/-/picocolors-1.1.1.tgz. Extracting by manifest.
207 silly tarball no local data for postcss@https://registry.npmjs.org/postcss/-/postcss-8.5.6.tgz. Extracting by manifest.
208 silly tarball no local data for path-type@https://registry.npmjs.org/path-type/-/path-type-4.0.0.tgz. Extracting by manifest.
209 silly tarball no local data for path-parse@https://registry.npmjs.org/path-parse/-/path-parse-1.0.7.tgz. Extracting by manifest.
210 silly tarball no local data for parent-module@https://registry.npmjs.org/parent-module/-/parent-module-1.0.1.tgz. Extracting by manifest.
211 silly tarball no local data for parse-json@https://registry.npmjs.org/parse-json/-/parse-json-5.2.0.tgz. Extracting by manifest.
212 silly tarball no local data for node-releases@https://registry.npmjs.org/node-releases/-/node-releases-2.0.27.tgz. Extracting by manifest.
213 silly tarball no local data for ms@https://registry.npmjs.org/ms/-/ms-2.1.3.tgz. Extracting by manifest.
214 silly tarball no local data for mime-types@https://registry.npmjs.org/mime-types/-/mime-types-2.1.35.tgz. Extracting by manifest.
215 silly tarball no local data for object-assign@https://registry.npmjs.org/object-assign/-/object-assign-4.1.1.tgz. Extracting by manifest.
216 silly tarball no local data for mime-db@https://registry.npmjs.org/mime-db/-/mime-db-1.52.0.tgz. Extracting by manifest.
217 silly tarball no local data for memoize-one@https://registry.npmjs.org/memoize-one/-/memoize-one-6.0.0.tgz. Extracting by manifest.
218 silly tarball no local data for nanoid@https://registry.npmjs.org/nanoid/-/nanoid-3.3.11.tgz. Extracting by manifest.
219 silly tarball no local data for math-intrinsics@https://registry.npmjs.org/math-intrinsics/-/math-intrinsics-1.1.0.tgz. Extracting by manifest.
220 silly tarball no local data for loose-envify@https://registry.npmjs.org/loose-envify/-/loose-envify-1.4.0.tgz. Extracting by manifest.
221 silly tarball no local data for lru-cache@https://registry.npmjs.org/lru-cache/-/lru-cache-5.1.1.tgz. Extracting by manifest.
222 silly tarball no local data for json5@https://registry.npmjs.org/json5/-/json5-2.2.3.tgz. Extracting by manifest.
223 silly tarball no local data for json-parse-even-better-errors@https://registry.npmjs.org/json-parse-even-better-errors/-/json-parse-even-better-errors-2.3.1.tgz. Extracting by manifest.
224 silly tarball no local data for js-tokens@https://registry.npmjs.org/js-tokens/-/js-tokens-4.0.0.tgz. Extracting by manifest.
225 silly tarball no local data for is-arrayish@https://registry.npmjs.org/is-arrayish/-/is-arrayish-0.2.1.tgz. Extracting by manifest.
226 silly tarball no local data for jsesc@https://registry.npmjs.org/jsesc/-/jsesc-3.1.0.tgz. Extracting by manifest.
227 silly tarball no local data for lines-and-columns@https://registry.npmjs.org/lines-and-columns/-/lines-and-columns-1.2.4.tgz. Extracting by manifest.
228 silly tarball no local data for is-core-module@https://registry.npmjs.org/is-core-module/-/is-core-module-2.16.1.tgz. Extracting by manifest.
229 silly tarball no local data for import-fresh@https://registry.npmjs.org/import-fresh/-/import-fresh-3.3.1.tgz. Extracting by manifest.
230 silly tarball no local data for html-entities@https://registry.npmjs.org/html-entities/-/html-entities-2.6.0.tgz. Extracting by manifest.
231 silly tarball no local data for hasown@https://registry.npmjs.org/hasown/-/hasown-2.0.2.tgz. Extracting by manifest.
232 silly tarball no local data for has-tostringtag@https://registry.npmjs.org/has-tostringtag/-/has-tostringtag-1.0.2.tgz. Extracting by manifest.
233 silly tarball no local data for hoist-non-react-statics@https://registry.npmjs.org/hoist-non-react-statics/-/hoist-non-react-statics-3.3.2.tgz. Extracting by manifest.
234 silly tarball no local data for has-symbols@https://registry.npmjs.org/has-symbols/-/has-symbols-1.1.0.tgz. Extracting by manifest.
235 silly tarball no local data for get-proto@https://registry.npmjs.org/get-proto/-/get-proto-1.0.1.tgz. Extracting by manifest.
236 silly tarball no local data for gopd@https://registry.npmjs.org/gopd/-/gopd-1.2.0.tgz. Extracting by manifest.
237 silly tarball no local data for gensync@https://registry.npmjs.org/gensync/-/gensync-1.0.0-beta.2.tgz. Extracting by manifest.
238 silly tarball no local data for get-intrinsic@https://registry.npmjs.org/get-intrinsic/-/get-intrinsic-1.3.0.tgz. Extracting by manifest.
239 silly tarball no local data for function-bind@https://registry.npmjs.org/function-bind/-/function-bind-1.1.2.tgz. Extracting by manifest.
240 silly tarball no local data for form-data@https://registry.npmjs.org/form-data/-/form-data-4.0.5.tgz. Extracting by manifest.
241 silly tarball no local data for follow-redirects@https://registry.npmjs.org/follow-redirects/-/follow-redirects-1.15.11.tgz. Extracting by manifest.
242 silly tarball no local data for escape-string-regexp@https://registry.npmjs.org/escape-string-regexp/-/escape-string-regexp-4.0.0.tgz. Extracting by manifest.
243 silly tarball no local data for find-root@https://registry.npmjs.org/find-root/-/find-root-1.1.0.tgz. Extracting by manifest.
244 silly tarball no local data for esbuild@https://registry.npmjs.org/esbuild/-/esbuild-0.21.5.tgz. Extracting by manifest.
245 silly tarball no local data for escalade@https://registry.npmjs.org/escalade/-/escalade-3.2.0.tgz. Extracting by manifest.
246 silly tarball no local data for es-set-tostringtag@https://registry.npmjs.org/es-set-tostringtag/-/es-set-tostringtag-2.1.0.tgz. Extracting by manifest.
247 silly tarball no local data for es-errors@https://registry.npmjs.org/es-errors/-/es-errors-1.3.0.tgz. Extracting by manifest.
248 silly tarball no local data for es-object-atoms@https://registry.npmjs.org/es-object-atoms/-/es-object-atoms-1.1.1.tgz. Extracting by manifest.
249 silly tarball no local data for dunder-proto@https://registry.npmjs.org/dunder-proto/-/dunder-proto-1.0.1.tgz. Extracting by manifest.
250 silly tarball no local data for es-define-property@https://registry.npmjs.org/es-define-property/-/es-define-property-1.0.1.tgz. Extracting by manifest.
251 silly tarball no local data for error-ex@https://registry.npmjs.org/error-ex/-/error-ex-1.3.4.tgz. Extracting by manifest.
252 silly tarball no local data for dom-helpers@https://registry.npmjs.org/dom-helpers/-/dom-helpers-5.2.1.tgz. Extracting by manifest.
253 silly tarball no local data for electron-to-chromium@https://registry.npmjs.org/electron-to-chromium/-/electron-to-chromium-1.5.286.tgz. Extracting by manifest.
254 silly tarball no local data for deepmerge@https://registry.npmjs.org/deepmerge/-/deepmerge-4.3.1.tgz. Extracting by manifest.
255 silly tarball no local data for delayed-stream@https://registry.npmjs.org/delayed-stream/-/delayed-stream-1.0.0.tgz. Extracting by manifest.
256 silly tarball no local data for debug@https://registry.npmjs.org/debug/-/debug-4.4.3.tgz. Extracting by manifest.
257 silly tarball no local data for csstype@https://registry.npmjs.org/csstype/-/csstype-3.2.3.tgz. Extracting by manifest.
258 silly tarball no local data for css-to-react-native@https://registry.npmjs.org/css-to-react-native/-/css-to-react-native-3.2.0.tgz. Extracting by manifest.
259 silly tarball no local data for cosmiconfig@https://registry.npmjs.org/cosmiconfig/-/cosmiconfig-7.1.0.tgz. Extracting by manifest.
260 silly tarball no local data for css-color-keywords@https://registry.npmjs.org/css-color-keywords/-/css-color-keywords-1.0.0.tgz. Extracting by manifest.
261 silly tarball no local data for combined-stream@https://registry.npmjs.org/combined-stream/-/combined-stream-1.0.8.tgz. Extracting by manifest.
262 silly tarball no local data for camelize@https://registry.npmjs.org/camelize/-/camelize-1.0.1.tgz. Extracting by manifest.
263 silly tarball no local data for convert-source-map@https://registry.npmjs.org/convert-source-map/-/convert-source-map-2.0.0.tgz. Extracting by manifest.
264 silly tarball no local data for call-bind-apply-helpers@https://registry.npmjs.org/call-bind-apply-helpers/-/call-bind-apply-helpers-1.0.2.tgz. Extracting by manifest.
265 silly tarball no local data for callsites@https://registry.npmjs.org/callsites/-/callsites-3.1.0.tgz. Extracting by manifest.
266 silly tarball no local data for browserslist@https://registry.npmjs.org/browserslist/-/browserslist-4.28.1.tgz. Extracting by manifest.
267 silly tarball no local data for babel-plugin-macros@https://registry.npmjs.org/babel-plugin-macros/-/babel-plugin-macros-3.1.0.tgz. Extracting by manifest.
268 silly tarball no local data for baseline-browser-mapping@https://registry.npmjs.org/baseline-browser-mapping/-/baseline-browser-mapping-2.9.19.tgz. Extracting by manifest.
269 silly tarball no local data for @vitejs/plugin-react@https://registry.npmjs.org/@vitejs/plugin-react/-/plugin-react-4.7.0.tgz. Extracting by manifest.
270 silly tarball no local data for @types/stylis@https://registry.npmjs.org/@types/stylis/-/stylis-4.2.7.tgz. Extracting by manifest.
271 silly tarball no local data for asynckit@https://registry.npmjs.org/asynckit/-/asynckit-0.4.0.tgz. Extracting by manifest.
272 silly tarball no local data for axios@https://registry.npmjs.org/axios/-/axios-1.13.4.tgz. Extracting by manifest.
273 silly tarball no local data for @types/react-transition-group@https://registry.npmjs.org/@types/react-transition-group/-/react-transition-group-4.4.12.tgz. Extracting by manifest.
274 silly tarball no local data for @types/estree@https://registry.npmjs.org/@types/estree/-/estree-1.0.8.tgz. Extracting by manifest.
275 silly tarball no local data for @types/react@https://registry.npmjs.org/@types/react/-/react-19.2.11.tgz. Extracting by manifest.
276 silly tarball no local data for @types/babel__traverse@https://registry.npmjs.org/@types/babel__traverse/-/babel__traverse-7.28.0.tgz. Extracting by manifest.
277 silly tarball no local data for @types/parse-json@https://registry.npmjs.org/@types/parse-json/-/parse-json-4.0.2.tgz. Extracting by manifest.
278 silly tarball no local data for @types/babel__template@https://registry.npmjs.org/@types/babel__template/-/babel__template-7.4.4.tgz. Extracting by manifest.
279 silly tarball no local data for @types/babel__core@https://registry.npmjs.org/@types/babel__core/-/babel__core-7.20.5.tgz. Extracting by manifest.
280 silly tarball no local data for @types/babel__generator@https://registry.npmjs.org/@types/babel__generator/-/babel__generator-7.27.0.tgz. Extracting by manifest.
281 silly tarball no local data for @rollup/rollup-win32-x64-gnu@https://registry.npmjs.org/@rollup/rollup-win32-x64-gnu/-/rollup-win32-x64-gnu-4.57.1.tgz. Extracting by manifest.
282 silly tarball no local data for @rolldown/pluginutils@https://registry.npmjs.org/@rolldown/pluginutils/-/pluginutils-1.0.0-beta.27.tgz. Extracting by manifest.
283 silly tarball no local data for @rollup/rollup-win32-x64-msvc@https://registry.npmjs.org/@rollup/rollup-win32-x64-msvc/-/rollup-win32-x64-msvc-4.57.1.tgz. Extracting by manifest.
284 silly tarball no local data for @remix-run/router@https://registry.npmjs.org/@remix-run/router/-/router-1.23.2.tgz. Extracting by manifest.
285 silly tarball no local data for @popperjs/core@https://registry.npmjs.org/@popperjs/core/-/core-2.11.8.tgz. Extracting by manifest.
286 silly tarball no local data for @jridgewell/trace-mapping@https://registry.npmjs.org/@jridgewell/trace-mapping/-/trace-mapping-0.3.31.tgz. Extracting by manifest.
287 silly tarball no local data for @jridgewell/sourcemap-codec@https://registry.npmjs.org/@jridgewell/sourcemap-codec/-/sourcemap-codec-1.5.5.tgz. Extracting by manifest.
288 silly tarball no local data for @jridgewell/remapping@https://registry.npmjs.org/@jridgewell/remapping/-/remapping-2.3.5.tgz. Extracting by manifest.
289 silly tarball no local data for @jridgewell/resolve-uri@https://registry.npmjs.org/@jridgewell/resolve-uri/-/resolve-uri-3.1.2.tgz. Extracting by manifest.
290 silly tarball no local data for @jridgewell/gen-mapping@https://registry.npmjs.org/@jridgewell/gen-mapping/-/gen-mapping-0.3.13.tgz. Extracting by manifest.
291 silly tarball no local data for @floating-ui/core@https://registry.npmjs.org/@floating-ui/core/-/core-1.7.4.tgz. Extracting by manifest.
292 silly tarball no local data for @esbuild/win32-x64@https://registry.npmjs.org/@esbuild/win32-x64/-/win32-x64-0.21.5.tgz. Extracting by manifest.
293 silly tarball no local data for @floating-ui/dom@https://registry.npmjs.org/@floating-ui/dom/-/dom-1.7.5.tgz. Extracting by manifest.
294 silly tarball no local data for @emotion/weak-memoize@https://registry.npmjs.org/@emotion/weak-memoize/-/weak-memoize-0.4.0.tgz. Extracting by manifest.
295 silly tarball no local data for @floating-ui/utils@https://registry.npmjs.org/@floating-ui/utils/-/utils-0.2.10.tgz. Extracting by manifest.
296 silly tarball no local data for @emotion/unitless@https://registry.npmjs.org/@emotion/unitless/-/unitless-0.10.0.tgz. Extracting by manifest.
297 silly tarball no local data for @emotion/utils@https://registry.npmjs.org/@emotion/utils/-/utils-1.4.2.tgz. Extracting by manifest.
298 silly tarball no local data for @emotion/use-insertion-effect-with-fallbacks@https://registry.npmjs.org/@emotion/use-insertion-effect-with-fallbacks/-/use-insertion-effect-with-fallbacks-1.2.0.tgz. Extracting by manifest.
299 silly tarball no local data for @emotion/serialize@https://registry.npmjs.org/@emotion/serialize/-/serialize-1.3.3.tgz. Extracting by manifest.
300 silly tarball no local data for @emotion/memoize@https://registry.npmjs.org/@emotion/memoize/-/memoize-0.9.0.tgz. Extracting by manifest.
301 silly tarball no local data for @emotion/sheet@https://registry.npmjs.org/@emotion/sheet/-/sheet-1.4.0.tgz. Extracting by manifest.
302 silly tarball no local data for @emotion/react@https://registry.npmjs.org/@emotion/react/-/react-11.14.0.tgz. Extracting by manifest.
303 silly tarball no local data for @emotion/cache@https://registry.npmjs.org/@emotion/cache/-/cache-11.14.0.tgz. Extracting by manifest.
304 silly tarball no local data for @emotion/is-prop-valid@https://registry.npmjs.org/@emotion/is-prop-valid/-/is-prop-valid-1.4.0.tgz. Extracting by manifest.
305 silly tarball no local data for @emotion/babel-plugin@https://registry.npmjs.org/@emotion/babel-plugin/-/babel-plugin-11.13.5.tgz. Extracting by manifest.
306 silly tarball no local data for @coreui/react@https://registry.npmjs.org/@coreui/react/-/react-5.9.2.tgz. Extracting by manifest.
307 silly tarball no local data for @emotion/hash@https://registry.npmjs.org/@emotion/hash/-/hash-0.9.2.tgz. Extracting by manifest.
308 silly tarball no local data for @coreui/coreui@https://registry.npmjs.org/@coreui/coreui/-/coreui-5.5.0.tgz. Extracting by manifest.
309 silly tarball no local data for @coreui/icons-react@https://registry.npmjs.org/@coreui/icons-react/-/icons-react-2.3.0.tgz. Extracting by manifest.
310 silly tarball no local data for @coreui/icons@https://registry.npmjs.org/@coreui/icons/-/icons-3.0.1.tgz. Extracting by manifest.
311 silly tarball no local data for @babel/traverse@https://registry.npmjs.org/@babel/traverse/-/traverse-7.29.0.tgz. Extracting by manifest.
312 silly tarball no local data for @babel/types@https://registry.npmjs.org/@babel/types/-/types-7.29.0.tgz. Extracting by manifest.
313 silly tarball no local data for @babel/runtime@https://registry.npmjs.org/@babel/runtime/-/runtime-7.28.6.tgz. Extracting by manifest.
314 silly tarball no local data for @babel/plugin-transform-react-jsx-source@https://registry.npmjs.org/@babel/plugin-transform-react-jsx-source/-/plugin-transform-react-jsx-source-7.27.1.tgz. Extracting by manifest.
315 silly tarball no local data for @babel/template@https://registry.npmjs.org/@babel/template/-/template-7.28.6.tgz. Extracting by manifest.
316 silly tarball no local data for @babel/plugin-transform-react-jsx-self@https://registry.npmjs.org/@babel/plugin-transform-react-jsx-self/-/plugin-transform-react-jsx-self-7.27.1.tgz. Extracting by manifest.
317 silly tarball no local data for @babel/helpers@https://registry.npmjs.org/@babel/helpers/-/helpers-7.28.6.tgz. Extracting by manifest.
318 silly tarball no local data for @babel/parser@https://registry.npmjs.org/@babel/parser/-/parser-7.29.0.tgz. Extracting by manifest.
319 silly tarball no local data for @babel/helper-validator-identifier@https://registry.npmjs.org/@babel/helper-validator-identifier/-/helper-validator-identifier-7.28.5.tgz. Extracting by manifest.
320 silly tarball no local data for @babel/helper-validator-option@https://registry.npmjs.org/@babel/helper-validator-option/-/helper-validator-option-7.27.1.tgz. Extracting by manifest.
321 silly tarball no local data for @babel/helper-string-parser@https://registry.npmjs.org/@babel/helper-string-parser/-/helper-string-parser-7.27.1.tgz. Extracting by manifest.
322 silly tarball no local data for @babel/helper-module-transforms@https://registry.npmjs.org/@babel/helper-module-transforms/-/helper-module-transforms-7.28.6.tgz. Extracting by manifest.
323 silly tarball no local data for @babel/helper-plugin-utils@https://registry.npmjs.org/@babel/helper-plugin-utils/-/helper-plugin-utils-7.28.6.tgz. Extracting by manifest.
324 silly tarball no local data for @babel/helper-module-imports@https://registry.npmjs.org/@babel/helper-module-imports/-/helper-module-imports-7.28.6.tgz. Extracting by manifest.
325 silly tarball no local data for @babel/helper-globals@https://registry.npmjs.org/@babel/helper-globals/-/helper-globals-7.28.0.tgz. Extracting by manifest.
326 silly tarball no local data for @babel/helper-compilation-targets@https://registry.npmjs.org/@babel/helper-compilation-targets/-/helper-compilation-targets-7.28.6.tgz. Extracting by manifest.
327 silly tarball no local data for @babel/generator@https://registry.npmjs.org/@babel/generator/-/generator-7.29.0.tgz. Extracting by manifest.
328 silly tarball no local data for @babel/core@https://registry.npmjs.org/@babel/core/-/core-7.29.0.tgz. Extracting by manifest.
329 silly tarball no local data for caniuse-lite@https://registry.npmjs.org/caniuse-lite/-/caniuse-lite-1.0.30001767.tgz. Extracting by manifest.
330 silly tarball no local data for @babel/compat-data@https://registry.npmjs.org/@babel/compat-data/-/compat-data-7.29.0.tgz. Extracting by manifest.
331 silly tarball no local data for @babel/code-frame@https://registry.npmjs.org/@babel/code-frame/-/code-frame-7.29.0.tgz. Extracting by manifest.
332 silly tarball no local data for stylis@https://registry.npmjs.org/stylis/-/stylis-4.2.0.tgz. Extracting by manifest.
333 silly tarball no local data for postcss@https://registry.npmjs.org/postcss/-/postcss-8.4.49.tgz. Extracting by manifest.
334 silly tarball no local data for stylis@https://registry.npmjs.org/stylis/-/stylis-4.2.0.tgz. Extracting by manifest.
335 silly tarball no local data for convert-source-map@https://registry.npmjs.org/convert-source-map/-/convert-source-map-1.9.0.tgz. Extracting by manifest.
336 http fetch POST 200 https://registry.npmjs.org/-/npm/v1/security/advisories/bulk 567ms
337 silly audit report {
337 silly audit report   '@babel/core': [
337 silly audit report     {
337 silly audit report       id: 1120793,
337 silly audit report       url: 'https://github.com/advisories/GHSA-4x5r-pxfx-6jf8',
337 silly audit report       title: '@babel/core: Arbitrary File Read via sourceMappingURL Comment',
337 silly audit report       severity: 'low',
337 silly audit report       vulnerable_versions: '<=7.29.0',
337 silly audit report       cwe: [Array],
337 silly audit report       cvss: [Object]
337 silly audit report     }
337 silly audit report   ],
337 silly audit report   axios: [
337 silly audit report     {
337 silly audit report       id: 1118607,
337 silly audit report       url: 'https://github.com/advisories/GHSA-q8qp-cvcw-x6jj',
337 silly audit report       title: 'Axios has prototype pollution read-side gadgets in HTTP adapter that allow credential injection and request hijacking',
337 silly audit report       severity: 'high',
337 silly audit report       vulnerable_versions: '>=1.0.0 <1.15.2',
337 silly audit report       cwe: [Array],
337 silly audit report       cvss: [Object]
337 silly audit report     },
337 silly audit report     {
337 silly audit report       id: 1119404,
337 silly audit report       url: 'https://github.com/advisories/GHSA-fvcv-3m26-pcqx',
337 silly audit report       title: 'Axios has Unrestricted Cloud Metadata Exfiltration via Header Injection Chain',
337 silly audit report       severity: 'moderate',
337 silly audit report       vulnerable_versions: '>=1.0.0 <1.15.0',
337 silly audit report       cwe: [Array],
337 silly audit report       cvss: [Object]
337 silly audit report     },
337 silly audit report     {
337 silly audit report       id: 1120125,
337 silly audit report       url: 'https://github.com/advisories/GHSA-62hf-57xw-28j9',
337 silly audit report       title: 'Axios: unbounded recursion in toFormData causes DoS via deeply nested request data',
337 silly audit report       severity: 'moderate',
337 silly audit report       vulnerable_versions: '>=1.0.0 <1.15.1',
337 silly audit report       cwe: [Array],
337 silly audit report       cvss: [Object]
337 silly audit report     },
337 silly audit report     {
337 silly audit report       id: 1120547,
337 silly audit report       url: 'https://github.com/advisories/GHSA-hfxv-24rg-xrqf',
337 silly audit report       title: 'Axios: Regular Expression Denial of Service (ReDoS) via Cookie Name Injection',
337 silly audit report       severity: 'high',
337 silly audit report       vulnerable_versions: '>=1.0.0 <1.16.0',
337 silly audit report       cwe: [Array],
337 silly audit report       cvss: [Object]
337 silly audit report     },
337 silly audit report     {
337 silly audit report       id: 1120643,
337 silly audit report       url: 'https://github.com/advisories/GHSA-777c-7fjr-54vf',
337 silly audit report       title: 'Allocation of Resources Without Limits or Throttling in Axios',
337 silly audit report       severity: 'high',
337 silly audit report       vulnerable_versions: '>=1.7.0 <1.16.0',
337 silly audit report       cwe: [Array],
337 silly audit report       cvss: [Object]
337 silly audit report     },
337 silly audit report     {
337 silly audit report       id: 1120645,
337 silly audit report       url: 'https://github.com/advisories/GHSA-p92q-9vqr-4j8v',
337 silly audit report       title: 'Axios: Proxy-Authorization Credential Leak to Origin Server Across HTTP-to-HTTPS Redirect in Axios Node.js HTTP Adapter',
337 silly audit report       severity: 'high',
337 silly audit report       vulnerable_versions: '>=1.0.0 <1.16.0',
337 silly audit report       cwe: [Array],
337 silly audit report       cvss: [Object]
337 silly audit report     },
337 silly audit report     {
337 silly audit report       id: 1120647,
337 silly audit report       url: 'https://github.com/advisories/GHSA-j5f8-grm9-p9fc',
337 silly audit report       title: 'Axios: Proxy-Authorization header leaks to redirect target when proxy is re-evaluated to direct connection',
337 silly audit report       severity: 'high',
337 silly audit report       vulnerable_versions: '>=1.0.0 <1.16.0',
337 silly audit report       cwe: [Array],
337 silly audit report       cvss: [Object]
337 silly audit report     },
337 silly audit report     {
337 silly audit report       id: 1120649,
337 silly audit report       url: 'https://github.com/advisories/GHSA-3g43-6gmg-66jw',
337 silly audit report       title: 'axios Vulnerable to Credential Theft and Response Hijacking via Prototype Pollution Gadget in Config Merge',
337 silly audit report       severity: 'high',
337 silly audit report       vulnerable_versions: '>=1.0.0 <1.15.2',
337 silly audit report       cwe: [Array],
337 silly audit report       cvss: [Object]
337 silly audit report     },
337 silly audit report     {
337 silly audit report       id: 1120650,
337 silly audit report       url: 'https://github.com/advisories/GHSA-35jp-ww65-95wh',
337 silly audit report       title: 'axios Vulnerable to Full Man-in-the-Middle via Prototype Pollution Gadget in `config.proxy`',
337 silly audit report       severity: 'high',
337 silly audit report       vulnerable_versions: '>=1.0.0 <1.16.0',
337 silly audit report       cwe: [Array],
337 silly audit report       cvss: [Object]
337 silly audit report     },
337 silly audit report     {
337 silly audit report       id: 1120652,
337 silly audit report       url: 'https://github.com/advisories/GHSA-898c-q2cr-xwhg',
337 silly audit report       title: 'axios has DoS & Header Injection via Prototype Pollution Read-Side Gadgets in axios merge functions',
337 silly audit report       severity: 'moderate',
337 silly audit report       vulnerable_versions: '>=1.0.0 <1.16.0',
337 silly audit report       cwe: [Array],
337 silly audit report       cvss: [Object]
337 silly audit report     },
337 silly audit report     {
337 silly audit report       id: 1116673,
337 silly audit report       url: 'https://github.com/advisories/GHSA-3p68-rc4w-qgx5',
337 silly audit report       title: 'Axios has a NO_PROXY Hostname Normalization Bypass that Leads to SSRF',
337 silly audit report       severity: 'moderate',
337 silly audit report       vulnerable_versions: '>=1.0.0 <1.15.0',
337 silly audit report       cwe: [Array],
337 silly audit report       cvss: [Object]
337 silly audit report     },
337 silly audit report     {
337 silly audit report       id: 1117574,
337 silly audit report       url: 'https://github.com/advisories/GHSA-w9j2-pvgh-6h63',
337 silly audit report       title: 'Axios: Authentication Bypass via Prototype Pollution Gadget in `validateStatus` Merge Strategy',
337 silly audit report       severity: 'moderate',
337 silly audit report       vulnerable_versions: '>=1.0.0 <1.15.1',
337 silly audit report       cwe: [Array],
337 silly audit report       cvss: [Object]
337 silly audit report     },
337 silly audit report     {
337 silly audit report       id: 1117576,
337 silly audit report       url: 'https://github.com/advisories/GHSA-pmwg-cvhr-8vh7',
337 silly audit report       title: 'Axios: Incomplete Fix for CVE-2025-62718 — NO_PROXY Protection Bypassed via RFC 1122 Loopback Subnet (127.0.0.0/8) in Axios 1.15.0',
337 silly audit report       severity: 'high',
337 silly audit report       vulnerable_versions: '>=1.0.0 <1.15.1',
337 silly audit report       cwe: [Array],
337 silly audit report       cvss: [Object]
337 silly audit report     },
337 silly audit report     {
337 silly audit report       id: 1117577,
337 silly audit report       url: 'https://github.com/advisories/GHSA-3w6x-2g7m-8v23',
337 silly audit report       title: 'Axios: Invisible JSON Response Tampering via Prototype Pollution Gadget in `parseReviver`',
337 silly audit report       severity: 'moderate',
337 silly audit report       vulnerable_versions: '>=1.0.0 <1.15.2',
337 silly audit report       cwe: [Array],
337 silly audit report       cvss: [Object]
337 silly audit report     },
337 silly audit report     {
337 silly audit report       id: 1117580,
337 silly audit report       url: 'https://github.com/advisories/GHSA-xhjh-pmcv-23jw',
337 silly audit report       title: 'Axios: Null Byte Injection via Reverse-Encoding in AxiosURLSearchParams',
337 silly audit report       severity: 'low',
337 silly audit report       vulnerable_versions: '>=1.0.0 <1.15.1',
337 silly audit report       cwe: [Array],
337 silly audit report       cvss: [Object]
337 silly audit report     },
337 silly audit report     {
337 silly audit report       id: 1117581,
337 silly audit report       url: 'https://github.com/advisories/GHSA-445q-vr5w-6q77',
337 silly audit report       title: 'Axios: CRLF Injection in multipart/form-data body via unsanitized blob.type in formDataToStream',
337 silly audit report       severity: 'moderate',
337 silly audit report       vulnerable_versions: '>=1.0.0 <1.15.1',
337 silly audit report       cwe: [Array],
337 silly audit report       cvss: [Object]
337 silly audit report     },
337 silly audit report     {
337 silly audit report       id: 1117583,
337 silly audit report       url: 'https://github.com/advisories/GHSA-m7pr-hjqh-92cm',
337 silly audit report       title: 'Axios: no_proxy bypass via IP alias allows SSRF',
337 silly audit report       severity: 'moderate',
337 silly audit report       vulnerable_versions: '>=1.0.0 <1.15.1',
337 silly audit report       cwe: [Array],
337 silly audit report       cvss: [Object]
337 silly audit report     },
337 silly audit report     {
337 silly audit report       id: 1117587,
337 silly audit report       url: 'https://github.com/advisories/GHSA-5c9x-8gcm-mpgx',
337 silly audit report       title: "Axios' HTTP adapter-streamed uploads bypass maxBodyLength when maxRedirects: 0",
337 silly audit report       severity: 'moderate',
337 silly audit report       vulnerable_versions: '>=1.0.0 <1.15.1',
337 silly audit report       cwe: [Array],
337 silly audit report       cvss: [Object]
337 silly audit report     },
337 silly audit report     {
337 silly audit report       id: 1117589,
337 silly audit report       url: 'https://github.com/advisories/GHSA-vf2m-468p-8v99',
337 silly audit report       title: 'Axios: HTTP adapter streamed responses bypass maxContentLength',
337 silly audit report       severity: 'moderate',
337 silly audit report       vulnerable_versions: '>=1.0.0 <1.15.1',
337 silly audit report       cwe: [Array],
337 silly audit report       cvss: [Object]
337 silly audit report     },
337 silly audit report     {
337 silly audit report       id: 1117591,
337 silly audit report       url: 'https://github.com/advisories/GHSA-pf86-5x62-jrwf',
337 silly audit report       title: 'Axios: Prototype Pollution Gadgets - Response Tampering, Data Exfiltration, and Request Hijacking',
337 silly audit report       severity: 'high',
337 silly audit report       vulnerable_versions: '>=1.0.0 <1.15.1',
337 silly audit report       cwe: [Array],
337 silly audit report       cvss: [Object]
337 silly audit report     },
337 silly audit report     {
337 silly audit report       id: 1117593,
337 silly audit report       url: 'https://github.com/advisories/GHSA-6chq-wfr3-2hj9',
337 silly audit report       title: 'Axios: Header Injection via Prototype Pollution',
337 silly audit report       severity: 'high',
337 silly audit report       vulnerable_versions: '>=1.0.0 <1.15.1',
337 silly audit report       cwe: [Array],
337 silly audit report       cvss: [Object]
337 silly audit report     },
337 silly audit report     {
337 silly audit report       id: 1117595,
337 silly audit report       url: 'https://github.com/advisories/GHSA-xx6v-rp6x-q39c',
337 silly audit report       title: 'Axios: XSRF Token Cross-Origin Leakage via Prototype Pollution Gadget in `withXSRFToken` Boolean Coercion',
337 silly audit report       severity: 'moderate',
337 silly audit report       vulnerable_versions: '>=1.0.0 <1.15.1',
337 silly audit report       cwe: [Array],
337 silly audit report       cvss: [Object]
337 silly audit report     },
337 silly audit report     {
337 silly audit report       id: 1117858,
337 silly audit report       url: 'https://github.com/advisories/GHSA-43fc-jf86-j433',
337 silly audit report       title: 'Axios is Vulnerable to Denial of Service via __proto__ Key in mergeConfig',
337 silly audit report       severity: 'high',
337 silly audit report       vulnerable_versions: '>=1.0.0 <=1.13.4',
337 silly audit report       cwe: [Array],
337 silly audit report       cvss: [Object]
337 silly audit report     }
337 silly audit report   ],
337 silly audit report   esbuild: [
337 silly audit report     {
337 silly audit report       id: 1102341,
337 silly audit report       url: 'https://github.com/advisories/GHSA-67mh-4wv8-2f99',
337 silly audit report       title: 'esbuild enables any website to send any requests to the development server and read the response',
337 silly audit report       severity: 'moderate',
337 silly audit report       vulnerable_versions: '<=0.24.2',
337 silly audit report       cwe: [Array],
337 silly audit report       cvss: [Object]
337 silly audit report     }
337 silly audit report   ],
337 silly audit report   'follow-redirects': [
337 silly audit report     {
337 silly audit report       id: 1116560,
337 silly audit report       url: 'https://github.com/advisories/GHSA-r4q5-vmmm-2653',
337 silly audit report       title: 'follow-redirects leaks Custom Authentication Headers to Cross-Domain Redirect Targets',
337 silly audit report       severity: 'moderate',
337 silly audit report       vulnerable_versions: '<=1.15.11',
337 silly audit report       cwe: [Array],
337 silly audit report       cvss: [Object]
337 silly audit report     }
337 silly audit report   ],
337 silly audit report   'form-data': [
337 silly audit report     {
337 silly audit report       id: 1120743,
337 silly audit report       url: 'https://github.com/advisories/GHSA-hmw2-7cc7-3qxx',
337 silly audit report       title: 'form-data: CRLF injection in form-data via unescaped multipart field names and filenames',
337 silly audit report       severity: 'high',
337 silly audit report       vulnerable_versions: '>=4.0.0 <4.0.6',
337 silly audit report       cwe: [Array],
337 silly audit report       cvss: [Object]
337 silly audit report     }
337 silly audit report   ],
337 silly audit report   postcss: [
337 silly audit report     {
337 silly audit report       id: 1117015,
337 silly audit report       url: 'https://github.com/advisories/GHSA-qx2v-qp2m-jg93',
337 silly audit report       title: 'PostCSS has XSS via Unescaped </style> in its CSS Stringify Output',
337 silly audit report       severity: 'moderate',
337 silly audit report       vulnerable_versions: '<8.5.10',
337 silly audit report       cwe: [Array],
337 silly audit report       cvss: [Object]
337 silly audit report     }
337 silly audit report   ],
337 silly audit report   'react-router': [
337 silly audit report     {
337 silly audit report       id: 1120064,
337 silly audit report       url: 'https://github.com/advisories/GHSA-2j2x-hqr9-3h42',
337 silly audit report       title: "React Router's same-origin redirect with path starting // causes open redirect via protocol-relative URL reinterpretation",
337 silly audit report       severity: 'moderate',
337 silly audit report       vulnerable_versions: '>=6.7.0 <6.30.4',
337 silly audit report       cwe: [Array],
337 silly audit report       cvss: [Object]
337 silly audit report     }
337 silly audit report   ],
337 silly audit report   rollup: [
337 silly audit report     {
337 silly audit report       id: 1113515,
337 silly audit report       url: 'https://github.com/advisories/GHSA-mw96-cpmx-2vgc',
337 silly audit report       title: 'Rollup 4 has Arbitrary File Write via Path Traversal',
337 silly audit report       severity: 'high',
337 silly audit report       vulnerable_versions: '>=4.0.0 <4.59.0',
337 silly audit report       cwe: [Array],
337 silly audit report       cvss: [Object]
337 silly audit report     }
337 silly audit report   ],
337 silly audit report   vite: [
337 silly audit report     {
337 silly audit report       id: 1120784,
337 silly audit report       url: 'https://github.com/advisories/GHSA-v6wh-96g9-6wx3',
337 silly audit report       title: 'launch-editor: NTLMv2 hash disclosure via UNC path handling on Windows',
337 silly audit report       severity: 'moderate',
337 silly audit report       vulnerable_versions: '<=6.4.2',
337 silly audit report       cwe: [Array],
337 silly audit report       cvss: [Object]
337 silly audit report     },
337 silly audit report     {
337 silly audit report       id: 1120789,
337 silly audit report       url: 'https://github.com/advisories/GHSA-fx2h-pf6j-xcff',
337 silly audit report       title: 'vite: `server.fs.deny` bypass on Windows alternate paths',
337 silly audit report       severity: 'high',
337 silly audit report       vulnerable_versions: '<=6.4.2',
337 silly audit report       cwe: [Array],
337 silly audit report       cvss: [Object]
337 silly audit report     },
337 silly audit report     {
337 silly audit report       id: 1116229,
337 silly audit report       url: 'https://github.com/advisories/GHSA-4w7w-66w2-5vf9',
337 silly audit report       title: 'Vite Vulnerable to Path Traversal in Optimized Deps `.map` Handling',
337 silly audit report       severity: 'moderate',
337 silly audit report       vulnerable_versions: '<=6.4.1',
337 silly audit report       cwe: [Array],
337 silly audit report       cvss: [Object]
337 silly audit report     }
337 silly audit report   ],
337 silly audit report   yaml: [
337 silly audit report     {
337 silly audit report       id: 1115555,
337 silly audit report       url: 'https://github.com/advisories/GHSA-48c2-rrv3-qjmp',
337 silly audit report       title: 'yaml is vulnerable to Stack Overflow via deeply nested YAML collections',
337 silly audit report       severity: 'moderate',
337 silly audit report       vulnerable_versions: '>=1.0.0 <1.10.3',
337 silly audit report       cwe: [Array],
337 silly audit report       cvss: [Object]
337 silly audit report     }
337 silly audit report   ]
337 silly audit report }
338 silly packumentCache corgi:https://registry.npmjs.org/@babel%2fcore cache-miss
339 silly packumentCache corgi:https://registry.npmjs.org/axios cache-miss
340 silly packumentCache corgi:https://registry.npmjs.org/esbuild cache-miss
341 silly packumentCache corgi:https://registry.npmjs.org/follow-redirects cache-miss
342 silly packumentCache corgi:https://registry.npmjs.org/form-data cache-miss
343 silly packumentCache corgi:https://registry.npmjs.org/postcss cache-miss
344 silly packumentCache corgi:https://registry.npmjs.org/react-router cache-miss
345 silly packumentCache corgi:https://registry.npmjs.org/rollup cache-miss
346 silly packumentCache corgi:https://registry.npmjs.org/vite cache-miss
347 silly packumentCache corgi:https://registry.npmjs.org/yaml cache-miss
348 http fetch GET 200 https://registry.npmjs.org/semver/-/semver-6.3.1.tgz 578ms (cache miss)
349 http fetch GET 200 https://registry.npmjs.org/yallist/-/yallist-3.1.1.tgz 609ms (cache miss)
350 http fetch GET 200 https://registry.npmjs.org/resolve-from/-/resolve-from-4.0.0.tgz 652ms (cache miss)
351 http fetch GET 200 https://registry.npmjs.org/shallowequal/-/shallowequal-1.1.0.tgz 716ms (cache miss)
352 http fetch GET 200 https://registry.npmjs.org/picocolors/-/picocolors-1.1.1.tgz 758ms (cache miss)
353 http fetch GET 200 https://registry.npmjs.org/loose-envify/-/loose-envify-1.4.0.tgz 755ms (cache miss)
354 http fetch GET 200 https://registry.npmjs.org/path-parse/-/path-parse-1.0.7.tgz 762ms (cache miss)
355 http fetch GET 200 https://registry.npmjs.org/path-type/-/path-type-4.0.0.tgz 782ms (cache miss)
356 http fetch GET 200 https://registry.npmjs.org/parse-json/-/parse-json-5.2.0.tgz 782ms (cache miss)
357 http fetch GET 200 https://registry.npmjs.org/ms/-/ms-2.1.3.tgz 782ms (cache miss)
358 http fetch GET 200 https://registry.npmjs.org/parent-module/-/parent-module-1.0.1.tgz 783ms (cache miss)
359 http fetch GET 200 https://registry.npmjs.org/object-assign/-/object-assign-4.1.1.tgz 803ms (cache miss)
360 http fetch GET 200 https://registry.npmjs.org/mime-types/-/mime-types-2.1.35.tgz 804ms (cache miss)
361 http fetch GET 200 https://registry.npmjs.org/lru-cache/-/lru-cache-5.1.1.tgz 827ms (cache miss)
362 http fetch GET 200 https://registry.npmjs.org/jsesc/-/jsesc-3.1.0.tgz 849ms (cache miss)
363 http fetch GET 200 https://registry.npmjs.org/is-arrayish/-/is-arrayish-0.2.1.tgz 849ms (cache miss)
364 http fetch GET 200 https://registry.npmjs.org/has-symbols/-/has-symbols-1.1.0.tgz 845ms (cache miss)
365 http fetch GET 200 https://registry.npmjs.org/update-browserslist-db/-/update-browserslist-db-1.2.3.tgz 891ms (cache miss)
366 http fetch GET 200 https://registry.npmjs.org/has-tostringtag/-/has-tostringtag-1.0.2.tgz 866ms (cache miss)
367 http fetch GET 200 https://registry.npmjs.org/lines-and-columns/-/lines-and-columns-1.2.4.tgz 869ms (cache miss)
368 http fetch GET 200 https://registry.npmjs.org/escape-string-regexp/-/escape-string-regexp-4.0.0.tgz 864ms (cache miss)
369 http fetch GET 200 https://registry.npmjs.org/gensync/-/gensync-1.0.0-beta.2.tgz 884ms (cache miss)
370 http fetch GET 200 https://registry.npmjs.org/proxy-from-env/-/proxy-from-env-1.1.0.tgz 942ms (cache miss)
371 http fetch GET 200 https://registry.npmjs.org/json-parse-even-better-errors/-/json-parse-even-better-errors-2.3.1.tgz 933ms (cache miss)
372 http fetch GET 200 https://registry.npmjs.org/follow-redirects/-/follow-redirects-1.15.11.tgz 926ms (cache miss)
373 http fetch GET 200 https://registry.npmjs.org/import-fresh/-/import-fresh-3.3.1.tgz 935ms (cache miss)
374 http fetch GET 200 https://registry.npmjs.org/find-root/-/find-root-1.1.0.tgz 928ms (cache miss)
375 http fetch GET 200 https://registry.npmjs.org/deepmerge/-/deepmerge-4.3.1.tgz 923ms (cache miss)
376 http fetch GET 200 https://registry.npmjs.org/es-object-atoms/-/es-object-atoms-1.1.1.tgz 970ms (cache miss)
377 http fetch GET 200 https://registry.npmjs.org/escalade/-/escalade-3.2.0.tgz 974ms (cache miss)
378 http fetch GET 200 https://registry.npmjs.org/camelize/-/camelize-1.0.1.tgz 965ms (cache miss)
379 http fetch GET 200 https://registry.npmjs.org/node-releases/-/node-releases-2.0.27.tgz 1024ms (cache miss)
380 http fetch GET 200 https://registry.npmjs.org/delayed-stream/-/delayed-stream-1.0.0.tgz 1005ms (cache miss)
381 http fetch GET 200 https://registry.npmjs.org/convert-source-map/-/convert-source-map-2.0.0.tgz 1000ms (cache miss)
382 http fetch GET 200 https://registry.npmjs.org/@types/stylis/-/stylis-4.2.7.tgz 999ms (cache miss)
383 http fetch GET 200 https://registry.npmjs.org/debug/-/debug-4.4.3.tgz 1034ms (cache miss)
384 http fetch GET 200 https://registry.npmjs.org/css-color-keywords/-/css-color-keywords-1.0.0.tgz 1032ms (cache miss)
385 http fetch GET 200 https://registry.npmjs.org/callsites/-/callsites-3.1.0.tgz 1029ms (cache miss)
386 http fetch GET 200 https://registry.npmjs.org/@types/react-transition-group/-/react-transition-group-4.4.12.tgz 1027ms (cache miss)
387 http fetch GET 200 https://registry.npmjs.org/@types/estree/-/estree-1.0.8.tgz 1030ms (cache miss)
388 http fetch GET 200 https://registry.npmjs.org/asynckit/-/asynckit-0.4.0.tgz 1070ms (cache miss)
389 http fetch GET 200 https://registry.npmjs.org/error-ex/-/error-ex-1.3.4.tgz 1116ms (cache miss)
390 http fetch GET 200 https://registry.npmjs.org/combined-stream/-/combined-stream-1.0.8.tgz 1111ms (cache miss)
391 http fetch GET 200 https://registry.npmjs.org/@types/babel__core/-/babel__core-7.20.5.tgz 1131ms (cache miss)
392 http fetch GET 200 https://registry.npmjs.org/@types/babel__template/-/babel__template-7.4.4.tgz 1134ms (cache miss)
393 http fetch GET 200 https://registry.npmjs.org/@types/parse-json/-/parse-json-4.0.2.tgz 1135ms (cache miss)
394 http fetch GET 200 https://registry.npmjs.org/@emotion/weak-memoize/-/weak-memoize-0.4.0.tgz 1155ms (cache miss)
395 http fetch GET 200 https://registry.npmjs.org/@emotion/unitless/-/unitless-0.10.0.tgz 1154ms (cache miss)
396 http fetch GET 200 https://registry.npmjs.org/@types/babel__traverse/-/babel__traverse-7.28.0.tgz 1192ms (cache miss)
397 http fetch GET 200 https://registry.npmjs.org/@types/babel__generator/-/babel__generator-7.27.0.tgz 1213ms (cache miss)
398 http fetch GET 200 https://registry.npmjs.org/@emotion/memoize/-/memoize-0.9.0.tgz 1206ms (cache miss)
399 http fetch GET 200 https://registry.npmjs.org/supports-preserve-symlinks-flag/-/supports-preserve-symlinks-flag-1.0.0.tgz 1276ms (cache miss)
400 http fetch GET 200 https://registry.npmjs.org/@emotion/use-insertion-effect-with-fallbacks/-/use-insertion-effect-with-fallbacks-1.2.0.tgz 1238ms (cache miss)
401 http fetch GET 200 https://registry.npmjs.org/@emotion/sheet/-/sheet-1.4.0.tgz 1252ms (cache miss)
402 http fetch GET 200 https://registry.npmjs.org/@emotion/hash/-/hash-0.9.2.tgz 1260ms (cache miss)
403 http fetch GET 200 https://registry.npmjs.org/react-is/-/react-is-16.13.1.tgz 1328ms (cache miss)
404 http fetch GET 200 https://registry.npmjs.org/js-tokens/-/js-tokens-4.0.0.tgz 1317ms (cache miss)
405 http fetch GET 200 https://registry.npmjs.org/@babel/plugin-transform-react-jsx-self/-/plugin-transform-react-jsx-self-7.27.1.tgz 1276ms (cache miss)
406 http fetch GET 200 https://registry.npmjs.org/@babel/helper-validator-option/-/helper-validator-option-7.27.1.tgz 1286ms (cache miss)
407 http fetch GET 200 https://registry.npmjs.org/@babel/plugin-transform-react-jsx-source/-/plugin-transform-react-jsx-source-7.27.1.tgz 1290ms (cache miss)
408 http fetch GET 200 https://registry.npmjs.org/@babel/helper-globals/-/helper-globals-7.28.0.tgz 1285ms (cache miss)
409 http fetch GET 200 https://registry.npmjs.org/is-core-module/-/is-core-module-2.16.1.tgz 1398ms (cache miss)
410 http fetch GET 200 https://registry.npmjs.org/@babel/helper-validator-identifier/-/helper-validator-identifier-7.28.5.tgz 1357ms (cache miss)
411 http fetch GET 200 https://registry.npmjs.org/@babel/helper-module-imports/-/helper-module-imports-7.28.6.tgz 1364ms (cache miss)
412 http fetch GET 200 https://registry.npmjs.org/mime-db/-/mime-db-1.52.0.tgz 1426ms (cache miss)
413 http fetch GET 200 https://registry.npmjs.org/@rolldown/pluginutils/-/pluginutils-1.0.0-beta.27.tgz 1393ms (cache miss)
414 http fetch GET 200 https://registry.npmjs.org/react-refresh/-/react-refresh-0.17.0.tgz 1442ms (cache miss)
415 http fetch GET 200 https://registry.npmjs.org/hasown/-/hasown-2.0.2.tgz 1428ms (cache miss)
416 http fetch GET 200 https://registry.npmjs.org/hoist-non-react-statics/-/hoist-non-react-statics-3.3.2.tgz 1429ms (cache miss)
417 http fetch GET 200 https://registry.npmjs.org/@babel/helper-plugin-utils/-/helper-plugin-utils-7.28.6.tgz 1387ms (cache miss)
418 http fetch GET 200 https://registry.npmjs.org/form-data/-/form-data-4.0.5.tgz 1436ms (cache miss)
419 http fetch GET 200 https://registry.npmjs.org/es-set-tostringtag/-/es-set-tostringtag-2.1.0.tgz 1439ms (cache miss)
420 http fetch GET 200 https://registry.npmjs.org/esbuild/-/esbuild-0.21.5.tgz 1442ms (cache miss)
421 http fetch GET 200 https://registry.npmjs.org/@babel/code-frame/-/code-frame-7.29.0.tgz 1423ms (cache miss)
422 http fetch GET 200 https://registry.npmjs.org/convert-source-map/-/convert-source-map-1.9.0.tgz 1411ms (cache miss)
423 http fetch GET 200 https://registry.npmjs.org/babel-plugin-macros/-/babel-plugin-macros-3.1.0.tgz 1461ms (cache miss)
424 http fetch GET 200 https://registry.npmjs.org/form-data 1107ms (cache miss)
425 silly packumentCache corgi:https://registry.npmjs.org/form-data set size:undefined disposed:false
426 http fetch GET 200 https://registry.npmjs.org/@babel/helper-string-parser/-/helper-string-parser-7.27.1.tgz 1501ms (cache miss)
427 http fetch GET 200 https://registry.npmjs.org/es-define-property/-/es-define-property-1.0.1.tgz 1581ms (cache miss)
428 http fetch GET 200 https://registry.npmjs.org/follow-redirects 1181ms (cache miss)
429 silly packumentCache corgi:https://registry.npmjs.org/follow-redirects set size:undefined disposed:false
430 http fetch GET 200 https://registry.npmjs.org/@vitejs/plugin-react/-/plugin-react-4.7.0.tgz 1582ms (cache miss)
431 http fetch GET 200 https://registry.npmjs.org/gopd/-/gopd-1.2.0.tgz 1603ms (cache miss)
432 http fetch GET 200 https://registry.npmjs.org/browserslist/-/browserslist-4.28.1.tgz 1589ms (cache miss)
433 http fetch GET 200 https://registry.npmjs.org/get-intrinsic/-/get-intrinsic-1.3.0.tgz 1614ms (cache miss)
434 http fetch GET 200 https://registry.npmjs.org/@jridgewell/resolve-uri/-/resolve-uri-3.1.2.tgz 1597ms (cache miss)
435 http fetch GET 200 https://registry.npmjs.org/yaml 1244ms (cache miss)
436 silly packumentCache corgi:https://registry.npmjs.org/yaml set size:undefined disposed:false
437 http fetch GET 200 https://registry.npmjs.org/function-bind/-/function-bind-1.1.2.tgz 1679ms (cache miss)
438 http fetch GET 200 https://registry.npmjs.org/postcss-value-parser/-/postcss-value-parser-4.2.0.tgz 1705ms (cache miss)
439 http fetch GET 200 https://registry.npmjs.org/get-proto/-/get-proto-1.0.1.tgz 1709ms (cache miss)
440 http fetch GET 200 https://registry.npmjs.org/axios 1308ms (cache miss)
441 silly packumentCache corgi:https://registry.npmjs.org/axios set size:undefined disposed:false
442 http fetch GET 200 https://registry.npmjs.org/baseline-browser-mapping/-/baseline-browser-mapping-2.9.19.tgz 1754ms (cache miss)
443 http fetch GET 200 https://registry.npmjs.org/memoize-one/-/memoize-one-6.0.0.tgz 1793ms (cache miss)
444 http fetch GET 200 https://registry.npmjs.org/use-isomorphic-layout-effect/-/use-isomorphic-layout-effect-1.2.1.tgz 1824ms (cache miss)
445 http fetch GET 200 https://registry.npmjs.org/tslib/-/tslib-2.8.1.tgz 1824ms (cache miss)
446 http fetch GET 200 https://registry.npmjs.org/dunder-proto/-/dunder-proto-1.0.1.tgz 1788ms (cache miss)
447 http fetch GET 200 https://registry.npmjs.org/electron-to-chromium/-/electron-to-chromium-1.5.286.tgz 1793ms (cache miss)
448 http fetch GET 200 https://registry.npmjs.org/prop-types/-/prop-types-15.8.1.tgz 1837ms (cache miss)
449 http fetch GET 200 https://registry.npmjs.org/postcss 1416ms (cache miss)
450 silly packumentCache corgi:https://registry.npmjs.org/postcss set size:undefined disposed:false
451 http fetch GET 200 https://registry.npmjs.org/@babel%2fcore 1437ms (cache miss)
452 silly packumentCache corgi:https://registry.npmjs.org/@babel%2fcore set size:undefined disposed:false
453 http fetch GET 200 https://registry.npmjs.org/@floating-ui/dom/-/dom-1.7.5.tgz 2172ms (cache miss)
454 http fetch GET 200 https://registry.npmjs.org/@emotion/is-prop-valid/-/is-prop-valid-1.4.0.tgz 2186ms (cache miss)
455 http fetch GET 200 https://registry.npmjs.org/@floating-ui/core/-/core-1.7.4.tgz 2197ms (cache miss)
456 http fetch GET 200 https://registry.npmjs.org/scheduler/-/scheduler-0.23.2.tgz 2278ms (cache miss)
457 http fetch GET 200 https://registry.npmjs.org/call-bind-apply-helpers/-/call-bind-apply-helpers-1.0.2.tgz 2247ms (cache miss)
458 http fetch GET 200 https://registry.npmjs.org/es-errors/-/es-errors-1.3.0.tgz 2262ms (cache miss)
459 http fetch GET 200 https://registry.npmjs.org/esbuild 1898ms (cache miss)
460 silly packumentCache corgi:https://registry.npmjs.org/esbuild set size:undefined disposed:false
461 http fetch GET 200 https://registry.npmjs.org/csstype/-/csstype-3.2.3.tgz 2331ms (cache miss)
462 http fetch GET 200 https://registry.npmjs.org/@emotion/serialize/-/serialize-1.3.3.tgz 2328ms (cache miss)
463 http fetch GET 200 https://registry.npmjs.org/@babel/compat-data/-/compat-data-7.29.0.tgz 2321ms (cache miss)
464 http fetch GET 200 https://registry.npmjs.org/stylis/-/stylis-4.3.6.tgz 2439ms (cache miss)
465 http fetch GET 200 https://registry.npmjs.org/source-map-js/-/source-map-js-1.2.1.tgz 2438ms (cache miss)
466 http fetch GET 200 https://registry.npmjs.org/@types/react/-/react-19.2.11.tgz 2401ms (cache miss)
467 http fetch GET 200 https://registry.npmjs.org/@floating-ui/utils/-/utils-0.2.10.tgz 2402ms (cache miss)
468 http fetch GET 200 https://registry.npmjs.org/@babel/helper-compilation-targets/-/helper-compilation-targets-7.28.6.tgz 2388ms (cache miss)
469 http fetch GET 200 https://registry.npmjs.org/react/-/react-18.3.1.tgz 2455ms (cache miss)
470 http fetch GET 200 https://registry.npmjs.org/stylis/-/stylis-4.2.0.tgz 2377ms (cache miss)
471 http fetch GET 200 https://registry.npmjs.org/stylis/-/stylis-4.2.0.tgz 2400ms (cache miss)
472 http fetch GET 200 https://registry.npmjs.org/nanoid/-/nanoid-3.3.11.tgz 2464ms (cache miss)
473 http fetch GET 200 https://registry.npmjs.org/@babel/helper-module-transforms/-/helper-module-transforms-7.28.6.tgz 2417ms (cache miss)
474 http fetch GET 200 https://registry.npmjs.org/json5/-/json5-2.2.3.tgz 2474ms (cache miss)
475 http fetch GET 200 https://registry.npmjs.org/@babel/template/-/template-7.28.6.tgz 2429ms (cache miss)
476 http fetch GET 200 https://registry.npmjs.org/react-router 2090ms (cache miss)
477 silly packumentCache corgi:https://registry.npmjs.org/react-router set size:undefined disposed:false
478 http fetch GET 200 https://registry.npmjs.org/@emotion/utils/-/utils-1.4.2.tgz 2525ms (cache miss)
479 http fetch GET 200 https://registry.npmjs.org/@coreui/icons-react/-/icons-react-2.3.0.tgz 2597ms (cache miss)
480 http fetch GET 200 https://registry.npmjs.org/math-intrinsics/-/math-intrinsics-1.1.0.tgz 2675ms (cache miss)
481 http fetch GET 200 https://registry.npmjs.org/@rollup/rollup-win32-x64-gnu/-/rollup-win32-x64-gnu-4.57.1.tgz 2685ms (cache miss)
482 http fetch GET 200 https://registry.npmjs.org/@jridgewell/sourcemap-codec/-/sourcemap-codec-1.5.5.tgz 2692ms (cache miss)
483 http fetch GET 200 https://registry.npmjs.org/source-map/-/source-map-0.5.7.tgz 2782ms (cache miss)
484 http fetch GET 200 https://registry.npmjs.org/@emotion/babel-plugin/-/babel-plugin-11.13.5.tgz 2722ms (cache miss)
485 http fetch GET 200 https://registry.npmjs.org/vite 2356ms (cache miss)
486 silly packumentCache corgi:https://registry.npmjs.org/vite set size:undefined disposed:false
487 http fetch GET 200 https://registry.npmjs.org/@jridgewell/remapping/-/remapping-2.3.5.tgz 2799ms (cache miss)
488 http fetch GET 200 https://registry.npmjs.org/@babel/parser/-/parser-7.29.0.tgz 2794ms (cache miss)
489 http fetch GET 200 https://registry.npmjs.org/@jridgewell/gen-mapping/-/gen-mapping-0.3.13.tgz 2809ms (cache miss)
490 http fetch GET 200 https://registry.npmjs.org/html-entities/-/html-entities-2.6.0.tgz 2855ms (cache miss)
491 http fetch GET 200 https://registry.npmjs.org/react-router/-/react-router-6.30.3.tgz 2879ms (cache miss)
492 http fetch GET 200 https://registry.npmjs.org/rollup 2459ms (cache miss)
493 silly packumentCache corgi:https://registry.npmjs.org/rollup set size:undefined disposed:false
494 http fetch GET 200 https://registry.npmjs.org/@rollup/rollup-win32-x64-msvc/-/rollup-win32-x64-msvc-4.57.1.tgz 2883ms (cache miss)
495 http fetch GET 200 https://registry.npmjs.org/react-router-dom/-/react-router-dom-6.30.3.tgz 2940ms (cache miss)
496 silly packumentCache corgi:https://registry.npmjs.org/@babel%2fhelper-module-transforms cache-miss
497 silly packumentCache corgi:https://registry.npmjs.org/@babel%2fplugin-transform-react-jsx-self cache-miss
498 silly packumentCache corgi:https://registry.npmjs.org/@babel%2fplugin-transform-react-jsx-source cache-miss
499 silly packumentCache corgi:https://registry.npmjs.org/@vitejs%2fplugin-react cache-miss
500 http fetch GET 200 https://registry.npmjs.org/react-transition-group/-/react-transition-group-4.4.5.tgz 3043ms (cache miss)
501 http fetch GET 200 https://registry.npmjs.org/cosmiconfig/-/cosmiconfig-7.1.0.tgz 3021ms (cache miss)
502 http fetch GET 200 https://registry.npmjs.org/@emotion/cache/-/cache-11.14.0.tgz 3018ms (cache miss)
503 http fetch GET 200 https://registry.npmjs.org/@babel%2fplugin-transform-react-jsx-source 120ms (cache miss)
504 silly packumentCache corgi:https://registry.npmjs.org/@babel%2fplugin-transform-react-jsx-source set size:undefined disposed:false
505 http fetch GET 200 https://registry.npmjs.org/@vitejs%2fplugin-react 150ms (cache miss)
506 silly packumentCache corgi:https://registry.npmjs.org/@vitejs%2fplugin-react set size:undefined disposed:false
507 http fetch GET 200 https://registry.npmjs.org/@babel%2fplugin-transform-react-jsx-self 180ms (cache miss)
508 silly packumentCache corgi:https://registry.npmjs.org/@babel%2fplugin-transform-react-jsx-self set size:undefined disposed:false
509 http fetch GET 200 https://registry.npmjs.org/@babel%2fhelper-module-transforms 191ms (cache miss)
510 silly packumentCache corgi:https://registry.npmjs.org/@babel%2fhelper-module-transforms set size:undefined disposed:false
511 http fetch GET 200 https://registry.npmjs.org/@remix-run/router/-/router-1.23.2.tgz 3300ms (cache miss)
512 http fetch GET 200 https://registry.npmjs.org/@jridgewell/trace-mapping/-/trace-mapping-0.3.31.tgz 3307ms (cache miss)
513 http fetch GET 200 https://registry.npmjs.org/css-to-react-native/-/css-to-react-native-3.2.0.tgz 3338ms (cache miss)
514 http fetch GET 200 https://registry.npmjs.org/postcss/-/postcss-8.5.6.tgz 3375ms (cache miss)
515 http fetch GET 200 https://registry.npmjs.org/yaml/-/yaml-1.10.2.tgz 3412ms (cache miss)
516 http fetch GET 200 https://registry.npmjs.org/rollup/-/rollup-4.57.1.tgz 3455ms (cache miss)
517 silly packumentCache corgi:https://registry.npmjs.org/styled-components cache-miss
518 http fetch GET 200 https://registry.npmjs.org/postcss/-/postcss-8.4.49.tgz 3451ms (cache miss)
519 http fetch GET 200 https://registry.npmjs.org/@babel/generator/-/generator-7.29.0.tgz 3507ms (cache miss)
520 http fetch GET 200 https://registry.npmjs.org/react-data-table-component/-/react-data-table-component-7.7.0.tgz 3662ms (cache miss)
521 http fetch GET 200 https://registry.npmjs.org/vite/-/vite-5.4.21.tgz 3718ms (cache miss)
522 http fetch GET 200 https://registry.npmjs.org/styled-components 280ms (cache miss)
523 silly packumentCache corgi:https://registry.npmjs.org/styled-components set size:undefined disposed:false
524 silly packumentCache corgi:https://registry.npmjs.org/react-router-dom cache-miss
525 http fetch GET 200 https://registry.npmjs.org/react-dom/-/react-dom-18.3.1.tgz 3865ms (cache miss)
526 http fetch GET 200 https://registry.npmjs.org/@babel/traverse/-/traverse-7.29.0.tgz 3878ms (cache miss)
527 http fetch GET 200 https://registry.npmjs.org/react-router-dom 262ms (cache miss)
528 silly packumentCache corgi:https://registry.npmjs.org/react-router-dom set size:undefined disposed:false
529 silly packumentCache corgi:https://registry.npmjs.org/cosmiconfig cache-miss
530 http fetch GET 200 https://registry.npmjs.org/cosmiconfig 56ms (cache miss)
531 silly packumentCache corgi:https://registry.npmjs.org/cosmiconfig set size:undefined disposed:false
532 silly packumentCache corgi:https://registry.npmjs.org/react-data-table-component cache-miss
533 http fetch GET 200 https://registry.npmjs.org/@esbuild/win32-x64/-/win32-x64-0.21.5.tgz 5265ms (cache miss)
534 http fetch GET 200 https://registry.npmjs.org/resolve/-/resolve-1.22.11.tgz 5323ms (cache miss)
535 http fetch GET 200 https://registry.npmjs.org/react-data-table-component 107ms (cache miss)
536 silly packumentCache corgi:https://registry.npmjs.org/react-data-table-component set size:undefined disposed:false
537 http fetch GET 200 https://registry.npmjs.org/axios/-/axios-1.13.4.tgz 5389ms (cache miss)
538 http fetch GET 200 https://registry.npmjs.org/@babel/core/-/core-7.29.0.tgz 5581ms (cache miss)
539 http fetch GET 200 https://registry.npmjs.org/@emotion/react/-/react-11.14.0.tgz 5685ms (cache miss)
540 http fetch GET 200 https://registry.npmjs.org/react-select/-/react-select-5.10.2.tgz 5778ms (cache miss)
541 http fetch GET 200 https://registry.npmjs.org/@babel/types/-/types-7.29.0.tgz 6035ms (cache miss)
542 http fetch GET 200 https://registry.npmjs.org/dom-helpers/-/dom-helpers-5.2.1.tgz 6066ms (cache miss)
543 http fetch GET 200 https://registry.npmjs.org/@babel/runtime/-/runtime-7.28.6.tgz 6090ms (cache miss)
544 http fetch GET 200 https://registry.npmjs.org/styled-components/-/styled-components-6.3.8.tgz 6277ms (cache miss)
545 http fetch GET 200 https://registry.npmjs.org/@babel/helpers/-/helpers-7.28.6.tgz 6274ms (cache miss)
546 http fetch GET 200 https://registry.npmjs.org/@popperjs/core/-/core-2.11.8.tgz 6455ms (cache miss)
547 http fetch GET 200 https://registry.npmjs.org/@coreui/coreui/-/coreui-5.5.0.tgz 7312ms (cache miss)
548 http fetch GET 200 https://registry.npmjs.org/caniuse-lite/-/caniuse-lite-1.0.30001767.tgz 8427ms (cache miss)
549 http fetch GET 200 https://registry.npmjs.org/@coreui/react/-/react-5.9.2.tgz 11128ms (cache miss)
550 http fetch GET 200 https://registry.npmjs.org/@coreui/icons/-/icons-3.0.1.tgz 31841ms (cache miss)
551 info run esbuild@0.21.5 postinstall node_modules/esbuild node install.js
552 info run esbuild@0.21.5 postinstall { code: 0, signal: null }
553 silly ADD node_modules/yaml
554 silly ADD node_modules/yallist
555 silly ADD node_modules/vite
556 silly ADD node_modules/use-isomorphic-layout-effect
557 silly ADD node_modules/update-browserslist-db
558 silly ADD node_modules/tslib
559 silly ADD node_modules/supports-preserve-symlinks-flag
560 silly ADD node_modules/stylis
561 silly ADD node_modules/styled-components
562 silly ADD node_modules/styled-components/node_modules/postcss
563 silly ADD node_modules/source-map-js
564 silly ADD node_modules/source-map
565 silly ADD node_modules/shallowequal
566 silly ADD node_modules/semver
567 silly ADD node_modules/scheduler
568 silly ADD node_modules/rollup
569 silly ADD node_modules/resolve-from
570 silly ADD node_modules/resolve
571 silly ADD node_modules/react-transition-group
572 silly ADD node_modules/react-select
573 silly ADD node_modules/react-router-dom
574 silly ADD node_modules/react-router
575 silly ADD node_modules/react-refresh
576 silly ADD node_modules/react-is
577 silly ADD node_modules/react-dom
578 silly ADD node_modules/react-data-table-component
579 silly ADD node_modules/react
580 silly ADD node_modules/proxy-from-env
581 silly ADD node_modules/prop-types
582 silly ADD node_modules/postcss-value-parser
583 silly ADD node_modules/postcss
584 silly ADD node_modules/picocolors
585 silly ADD node_modules/path-type
586 silly ADD node_modules/path-parse
587 silly ADD node_modules/parse-json
588 silly ADD node_modules/parent-module
589 silly ADD node_modules/object-assign
590 silly ADD node_modules/node-releases
591 silly ADD node_modules/nanoid
592 silly ADD node_modules/ms
593 silly ADD node_modules/mime-types
594 silly ADD node_modules/mime-db
595 silly ADD node_modules/memoize-one
596 silly ADD node_modules/math-intrinsics
597 silly ADD node_modules/lru-cache
598 silly ADD node_modules/loose-envify
599 silly ADD node_modules/lines-and-columns
600 silly ADD node_modules/json5
601 silly ADD node_modules/json-parse-even-better-errors
602 silly ADD node_modules/jsesc
603 silly ADD node_modules/js-tokens
604 silly ADD node_modules/is-core-module
605 silly ADD node_modules/is-arrayish
606 silly ADD node_modules/import-fresh
607 silly ADD node_modules/html-entities
608 silly ADD node_modules/hoist-non-react-statics
609 silly ADD node_modules/hasown
610 silly ADD node_modules/has-tostringtag
611 silly ADD node_modules/has-symbols
612 silly ADD node_modules/gopd
613 silly ADD node_modules/get-proto
614 silly ADD node_modules/get-intrinsic
615 silly ADD node_modules/gensync
616 silly ADD node_modules/function-bind
617 silly ADD node_modules/form-data
618 silly ADD node_modules/follow-redirects
619 silly ADD node_modules/find-root
620 silly ADD node_modules/escape-string-regexp
621 silly ADD node_modules/escalade
622 silly ADD node_modules/esbuild
623 silly ADD node_modules/es-set-tostringtag
624 silly ADD node_modules/es-object-atoms
625 silly ADD node_modules/es-errors
626 silly ADD node_modules/es-define-property
627 silly ADD node_modules/error-ex
628 silly ADD node_modules/electron-to-chromium
629 silly ADD node_modules/dunder-proto
630 silly ADD node_modules/dom-helpers
631 silly ADD node_modules/delayed-stream
632 silly ADD node_modules/deepmerge
633 silly ADD node_modules/debug
634 silly ADD node_modules/csstype
635 silly ADD node_modules/css-to-react-native
636 silly ADD node_modules/css-color-keywords
637 silly ADD node_modules/cosmiconfig
638 silly ADD node_modules/convert-source-map
639 silly ADD node_modules/combined-stream
640 silly ADD node_modules/camelize
641 silly ADD node_modules/callsites
642 silly ADD node_modules/call-bind-apply-helpers
643 silly ADD node_modules/browserslist
644 silly ADD node_modules/baseline-browser-mapping
645 silly ADD node_modules/babel-plugin-macros
646 silly ADD node_modules/axios
647 silly ADD node_modules/asynckit
648 silly ADD node_modules/@vitejs/plugin-react
649 silly ADD node_modules/@types/stylis
650 silly ADD node_modules/@types/react-transition-group
651 silly ADD node_modules/@types/react
652 silly ADD node_modules/@types/parse-json
653 silly ADD node_modules/@types/estree
654 silly ADD node_modules/@types/babel__traverse
655 silly ADD node_modules/@types/babel__template
656 silly ADD node_modules/@types/babel__generator
657 silly ADD node_modules/@types/babel__core
658 silly ADD node_modules/@rollup/rollup-win32-x64-msvc
659 silly ADD node_modules/@rollup/rollup-win32-x64-gnu
660 silly ADD node_modules/@rolldown/pluginutils
661 silly ADD node_modules/@remix-run/router
662 silly ADD node_modules/@popperjs/core
663 silly ADD node_modules/@jridgewell/trace-mapping
664 silly ADD node_modules/@jridgewell/sourcemap-codec
665 silly ADD node_modules/@jridgewell/resolve-uri
666 silly ADD node_modules/@jridgewell/remapping
667 silly ADD node_modules/@jridgewell/gen-mapping
668 silly ADD node_modules/@floating-ui/utils
669 silly ADD node_modules/@floating-ui/dom
670 silly ADD node_modules/@floating-ui/core
671 silly ADD node_modules/@esbuild/win32-x64
672 silly ADD node_modules/@emotion/weak-memoize
673 silly ADD node_modules/@emotion/utils
674 silly ADD node_modules/@emotion/use-insertion-effect-with-fallbacks
675 silly ADD node_modules/@emotion/unitless
676 silly ADD node_modules/@emotion/sheet
677 silly ADD node_modules/@emotion/serialize
678 silly ADD node_modules/@emotion/react
679 silly ADD node_modules/@emotion/memoize
680 silly ADD node_modules/@emotion/is-prop-valid
681 silly ADD node_modules/@emotion/hash
682 silly ADD node_modules/@emotion/cache
683 silly ADD node_modules/@emotion/cache/node_modules/stylis
684 silly ADD node_modules/@emotion/babel-plugin
685 silly ADD node_modules/@emotion/babel-plugin/node_modules/stylis
686 silly ADD node_modules/@emotion/babel-plugin/node_modules/convert-source-map
687 silly ADD node_modules/@coreui/react
688 silly ADD node_modules/@coreui/icons-react
689 silly ADD node_modules/@coreui/icons
690 silly ADD node_modules/@coreui/coreui
691 silly ADD node_modules/@babel/types
692 silly ADD node_modules/@babel/traverse
693 silly ADD node_modules/@babel/template
694 silly ADD node_modules/@babel/runtime
695 silly ADD node_modules/@babel/plugin-transform-react-jsx-source
696 silly ADD node_modules/@babel/plugin-transform-react-jsx-self
697 silly ADD node_modules/@babel/parser
698 silly ADD node_modules/@babel/helpers
699 silly ADD node_modules/@babel/helper-validator-option
700 silly ADD node_modules/@babel/helper-validator-identifier
701 silly ADD node_modules/@babel/helper-string-parser
702 silly ADD node_modules/@babel/helper-plugin-utils
703 silly ADD node_modules/@babel/helper-module-transforms
704 silly ADD node_modules/@babel/helper-module-imports
705 silly ADD node_modules/@babel/helper-globals
706 silly ADD node_modules/@babel/helper-compilation-targets
707 silly ADD node_modules/@babel/generator
708 silly ADD node_modules/@babel/core
709 silly ADD node_modules/@babel/compat-data
710 silly ADD node_modules/@babel/code-frame
711 silly CHANGE node_modules/caniuse-lite
712 verbose cwd C:\Users\zaw\Desktop\messaraliving_react_laravel\ecommerce-react
713 verbose os Windows_NT 10.0.26200
714 verbose node v24.14.0
715 verbose npm  v11.9.0
716 notice
716 notice New minor version of npm available! 11.9.0 -> 11.18.0
716 notice Changelog: https://github.com/npm/cli/releases/tag/v11.18.0
716 notice To update run: npm install -g npm@11.18.0
716 notice  { force: true, Symbol(proc-log.meta): true }
717 verbose exit 0
718 info ok
